{
"type": "FeatureCollection",
"name": "HUC8_CA_simple",
"crs": { "type": "name", "properties": { "name": "urn:ogc:def:crs:OGC:1.3:CRS84" } },
"features": [
{ "type": "Feature", "properties": { "Name": "Salton Sea", "HUC8": "18100204", "AreaAc": 2584703 }, "geometry": { "type": "Polygon", "coordinates": [ [ [ -115.322812569335269, 33.442168642688401 ], [ -115.34595732171168, 33.562186979391832 ], [ -115.381673032220064, 33.556100415475157 ], [ -115.465895203368561, 33.58748825158937 ], [ -115.477150346351564, 33.582823917516755 ], [ -115.464369919568369, 33.563299111676564 ], [ -115.487480537028816, 33.562369277873302 ], [ -115.569066978786978, 33.63618648053432 ], [ -115.648294585824459, 33.619587494759827 ], [ -115.706574172032859, 33.640366588121289 ], [ -115.738831481518233, 33.717137167315151 ], [ -115.721381384168481, 33.740484651505021 ], [ -115.791759178412946, 33.756156688796551 ], [ -115.859454700800896, 33.746487380131697 ], [ -115.903520634856619, 33.761599364178778 ], [ -115.912599090375451, 33.786938316671431 ], [ -115.931561749816893, 33.788928367171643 ], [ -115.914863823817356, 33.809878526437416 ], [ -115.926243759429894, 33.816787390198023 ], [ -115.976065317423377, 33.792504851127887 ], [ -116.015950593142534, 33.79791719089669 ], [ -115.997944641958597, 33.776799759619855 ], [ -116.002890151986861, 33.726063663644069 ], [ -115.948709983884768, 33.634099217784922 ], [ -115.978603956739946, 33.634060074965873 ], [ -115.978016344880245, 33.609195759054963 ], [ -116.021617071629464, 33.606500529565878 ], [ -116.077860370682771, 33.564552208498547 ], [ -116.079127189845053, 33.525935664047616 ], [ -116.054775828992021, 33.505108486607362 ], [ -116.094952497720641, 33.534683924675349 ], [ -116.095831278625937, 33.547921080696078 ], [ -116.132682108154228, 33.554192882165928 ], [ -116.228713904535169, 33.511657514751136 ], [ -116.27922885947531, 33.448983368001905 ], [ -116.239417730376275, 33.433531755572908 ], [ -116.210179064953707, 33.375400402241887 ], [ -116.170582161699087, 33.361311556924129 ], [ -116.14064180722167, 33.301542242070767 ], [ -116.150921000036746, 33.257036334004056 ], [ -116.077624686895518, 33.205285924518698 ], [ -116.01220364220876, 33.19164831270696 ], [ -115.992003585865334, 33.169254119192061 ], [ -115.90772805949338, 33.179183329991972 ], [ -115.864074192797332, 33.159288960108199 ], [ -115.815872636831685, 33.171478746560723 ], [ -115.837009993526806, 33.141927737946901 ], [ -115.841990025307211, 33.092906660891707 ], [ -115.835827124187034, 33.05853447035237 ], [ -115.820396791734751, 33.053733344490382 ], [ -115.844202700618183, 33.032067907172419 ], [ -115.814208171681344, 33.017627772539655 ], [ -115.79684198006872, 32.979002783411133 ], [ -115.910411464183554, 32.894711868552818 ], [ -116.00972086866571, 32.866950625748828 ], [ -116.022412578829886, 32.846833000691952 ], [ -116.014604101788962, 32.802527045171956 ], [ -116.059005861360689, 32.803254386791323 ], [ -116.133829945743642, 32.831872659406706 ], [ -116.152213975799896, 32.820725716820924 ], [ -116.183041134326743, 32.763675796925078 ], [ -116.175529428641909, 32.712243971465028 ], [ -116.10854272364918, 32.624960288987843 ], [ -114.741038392377931, 32.717309850898125 ], [ -114.756427015576989, 32.778088174997556 ], [ -114.732447446626821, 32.814048026995287 ], [ -114.761485969478287, 32.819887270359438 ], [ -114.756007329047165, 32.868996663818834 ], [ -114.803938471400429, 32.890776953594376 ], [ -114.761138500137989, 32.907867761359341 ], [ -114.73907079672604, 32.956525832628209 ], [ -114.712744203944908, 32.971089484032674 ], [ -114.741698754699783, 32.968693950914108 ], [ -114.752087093479048, 33.01738184833124 ], [ -114.815381092114421, 33.042312081493101 ], [ -114.837967244766645, 33.066839954611851 ], [ -114.822034402194717, 33.070586238376087 ], [ -114.822842396031518, 33.089695862974999 ], [ -114.855756713397753, 33.107420420964274 ], [ -114.946600497040976, 33.128109478126333 ], [ -114.959114174066343, 33.148187627103468 ], [ -115.016099156464094, 33.133593640870885 ], [ -115.078681034028165, 33.159531188563861 ], [ -115.084974155957553, 33.17923877755122 ], [ -115.167507322149859, 33.19152507066196 ], [ -115.181283640854332, 33.218256366207122 ], [ -115.228853539424236, 33.222323983450664 ], [ -115.208932084706987, 33.245341386008057 ], [ -115.216334259561478, 33.310226829141804 ], [ -115.322812569335269, 33.442168642688401 ] ] ] } },
{ "type": "Feature", "properties": { "Name": "San Luis Rey-Escondido", "HUC8": "18070303", "AreaAc": 494887 }, "geometry": { "type": "Polygon", "coordinates": [ [ [ -116.620379381507732, 33.405970395300415 ], [ -116.662443322874552, 33.378415421286853 ], [ -116.715219137313397, 33.368651947300201 ], [ -116.7576173206687, 33.328022233021343 ], [ -116.824245690479572, 33.360890959474645 ], [ -116.941295163806615, 33.368943169009754 ], [ -116.990122871228479, 33.421618051233523 ], [ -117.010229059404253, 33.414268988280988 ], [ -117.074382168949455, 33.435890364794794 ], [ -117.125784367935083, 33.407663942914262 ], [ -117.157137335576294, 33.411052961215098 ], [ -117.237885091583095, 33.383172407179693 ], [ -117.26040240690611, 33.34402890753325 ], [ -117.298507530023443, 33.340156750768912 ], [ -117.339022506969357, 33.258113053782509 ], [ -117.380369420456589, 33.218989536987536 ], [ -117.402783133271086, 33.231599493752384 ], [ -117.416127733762949, 33.230678347043273 ], [ -117.328877938285473, 33.122783347500246 ], [ -117.276703365184062, 33.001795838760806 ], [ -117.229082589587179, 32.996031681772173 ], [ -117.186892330439264, 33.024566922246109 ], [ -117.178911388150624, 33.048397438039864 ], [ -117.135373360711384, 33.052901008231075 ], [ -117.122525634393483, 33.09679116928811 ], [ -117.074678182850846, 33.103903401681919 ], [ -117.05360031570504, 33.123473610600044 ], [ -117.028291486644719, 33.120246272976289 ], [ -117.011385579503511, 33.161543284698958 ], [ -116.947747354003297, 33.170405067346557 ], [ -116.902995349482595, 33.235341690531769 ], [ -116.859323007466827, 33.229793242982858 ], [ -116.848663075430352, 33.244851457698992 ], [ -116.796487821165215, 33.218251032829563 ], [ -116.773638927675989, 33.224345706992601 ], [ -116.683180812989647, 33.158076736118652 ], [ -116.620015096312414, 33.162074555562391 ], [ -116.625797432939265, 33.206763079965697 ], [ -116.554764986881167, 33.185030006082513 ], [ -116.501911618780582, 33.199315314102982 ], [ -116.489300809432294, 33.236916711473434 ], [ -116.498551645392638, 33.253978049243649 ], [ -116.541455074465219, 33.251173172693157 ], [ -116.527879479310826, 33.286680372565407 ], [ -116.560217337005227, 33.31341561228809 ], [ -116.546577653112095, 33.356078893900794 ], [ -116.620379381507732, 33.405970395300415 ] ], [ [ -117.27792872125903, 33.012674838942885 ], [ -117.278063626785681, 33.012702002062156 ], [ -117.277943249814442, 33.012746867451867 ], [ -117.27792872125903, 33.012674838942885 ] ] ] } },
{ "type": "Feature", "properties": { "Name": "San Diego", "HUC8": "18070304", "AreaAc": 898207 }, "geometry": { "type": "MultiPolygon", "coordinates": [ [ [ [ -116.847265439584618, 33.243382102971715 ], [ -116.859323007466827, 33.229793242982858 ], [ -116.903097166241238, 33.235281687752384 ], [ -116.947747354003297, 33.170405067346557 ], [ -117.013800260384926, 33.159799875734407 ], [ -117.028291486644719, 33.120246272976289 ], [ -117.05360031570504, 33.123473610600044 ], [ -117.074678182850846, 33.103903401681919 ], [ -117.122525634393483, 33.09679116928811 ], [ -117.135373360711384, 33.052901008231075 ], [ -117.178911388150624, 33.048397438039864 ], [ -117.186892330439264, 33.024566922246109 ], [ -117.229082589587179, 32.996031681772173 ], [ -117.273731543120093, 32.999602887713685 ], [ -117.277855453691956, 33.003317196804055 ], [ -117.278388237701932, 33.008186854457904 ], [ -117.279834416492406, 33.012865301785475 ], [ -117.281548210935242, 33.01547796654615 ], [ -117.251042441714247, 32.876427686286497 ], [ -117.282526615762862, 32.840182222123744 ], [ -117.255291222039773, 32.789622016451666 ], [ -117.254095650935341, 32.694768110580839 ], [ -117.242748200933946, 32.664853099534163 ], [ -117.23635489287409, 32.683799045009692 ], [ -117.209748436823958, 32.687357024701775 ], [ -117.161489210500861, 32.664450857538334 ], [ -117.136991487086632, 32.61922249078556 ], [ -117.132953932695557, 32.5978656690775 ], [ -117.133001516383814, 32.567286443267911 ], [ -117.13160876446203, 32.561476679233579 ], [ -117.131957413155035, 32.579451833995797 ], [ -117.091436791232312, 32.566639978419126 ], [ -117.039625879948503, 32.583943274710968 ], [ -117.016039517245048, 32.566808007062782 ], [ -116.954594126673911, 32.583380216985603 ], [ -116.927287186972251, 32.56480123618708 ], [ -116.904721455623786, 32.580347324775957 ], [ -116.865449837798238, 32.571577925804732 ], [ -116.841316209292756, 32.60082039411396 ], [ -116.808202550451171, 32.597781337107904 ], [ -116.761522340790279, 32.617557311333194 ], [ -116.746704376841848, 32.640424594146118 ], [ -116.719154630727388, 32.644864125434552 ], [ -116.712220600088784, 32.680952504727905 ], [ -116.744533015590449, 32.704643221605608 ], [ -116.741858241348993, 32.726389368334608 ], [ -116.672741865647751, 32.748581615508044 ], [ -116.631223304851616, 32.829495058211336 ], [ -116.608050604876595, 32.821692299364948 ], [ -116.59737825295899, 32.834186394649223 ], [ -116.583500808340489, 32.820265988274016 ], [ -116.576638912344649, 32.84343463084867 ], [ -116.551786208731272, 32.841080295753692 ], [ -116.538438421802354, 32.915603566592004 ], [ -116.483087160216755, 32.930486973392838 ], [ -116.530207317985429, 32.980359437730357 ], [ -116.554177038943678, 33.040873019321303 ], [ -116.579691892537198, 33.051677745050604 ], [ -116.572877293125188, 33.066584466967633 ], [ -116.602688308482115, 33.086508354183977 ], [ -116.603971571783688, 33.107700352774124 ], [ -116.581370555961314, 33.104469164999934 ], [ -116.586263452394391, 33.140751816124961 ], [ -116.618523276507517, 33.16406484999586 ], [ -116.709701303732317, 33.165886353876907 ], [ -116.773638927675989, 33.224345706992601 ], [ -116.796487821165215, 33.218251032829563 ], [ -116.847265439584618, 33.243382102971715 ] ] ], [ [ [ -117.123920444471821, 32.534288469397119 ], [ -117.121788165943897, 32.534600859846073 ], [ -117.123923437575201, 32.53656547215116 ], [ -117.123920444471821, 32.534288469397119 ] ] ], [ [ [ -117.128803941764062, 32.555347368122298 ], [ -117.12934677538064, 32.5558902016449 ], [ -117.128382902430459, 32.554470202589783 ], [ -117.128803941764062, 32.555347368122298 ] ] ] ] } },
{ "type": "Feature", "properties": { "Name": "Upper Putah", "HUC8": "18020162", "AreaAc": 418708 }, "geometry": { "type": "Polygon", "coordinates": [ [ [ -122.16030705060021, 38.644007160939012 ], [ -122.222642814641517, 38.699606408855068 ], [ -122.287479350754424, 38.840057252341971 ], [ -122.372473740365706, 38.845000594625375 ], [ -122.423050348976986, 38.900876489190047 ], [ -122.46619859676899, 38.87819738159827 ], [ -122.539699244316949, 38.919875874842148 ], [ -122.558126481971897, 38.907862092757242 ], [ -122.573109556684358, 38.846116075781573 ], [ -122.619305398037596, 38.83260200013023 ], [ -122.671457945685887, 38.868675594034848 ], [ -122.730977544542228, 38.861963619317059 ], [ -122.727718602107757, 38.845372075311943 ], [ -122.680969804794543, 38.818991681431051 ], [ -122.747484027215236, 38.802177020104949 ], [ -122.695716175138216, 38.713343282259444 ], [ -122.647157782251355, 38.706938189770518 ], [ -122.612726339221339, 38.653803083324625 ], [ -122.57675802579999, 38.652460753391594 ], [ -122.532989595784173, 38.612224599576969 ], [ -122.481566028903458, 38.61269133369904 ], [ -122.381812535177517, 38.552673435807215 ], [ -122.346231935675434, 38.565710351885912 ], [ -122.291176060186032, 38.542452271811193 ], [ -122.257290730963021, 38.470342687069468 ], [ -122.274175767169609, 38.460112605308794 ], [ -122.21666076741009, 38.394925122652815 ], [ -122.176515951492291, 38.394733795799148 ], [ -122.165165980225751, 38.430576088164926 ], [ -122.126122767940899, 38.427285273628655 ], [ -122.115494946375605, 38.413858561561987 ], [ -122.049163365464807, 38.425212031687607 ], [ -122.042521175706199, 38.44514596202918 ], [ -121.989307967878204, 38.463812590946333 ], [ -121.996067333082223, 38.495820866720166 ], [ -121.939478123812123, 38.529772084171199 ], [ -121.906203575219322, 38.528663309755316 ], [ -121.884436565740586, 38.538287066230041 ], [ -121.755201155677611, 38.515507288087974 ], [ -121.589057620724432, 38.515421747249711 ], [ -121.589031354201964, 38.529931538056957 ], [ -121.677927404254362, 38.545004559475096 ], [ -121.790871327100632, 38.526213222401189 ], [ -121.885712536802075, 38.53956574660512 ], [ -121.94237105940789, 38.533788861233788 ], [ -121.97491254311322, 38.517086706813508 ], [ -122.021292802696692, 38.579443838363247 ], [ -122.12943955933207, 38.591189486022891 ], [ -122.149236676425019, 38.625486407856613 ], [ -122.166509385798605, 38.619769341185645 ], [ -122.16030705060021, 38.644007160939012 ] ] ] } },
{ "type": "Feature", "properties": { "Name": "Suisun Bay", "HUC8": "18050001", "AreaAc": 417514 }, "geometry": { "type": "Polygon", "coordinates": [ [ [ -122.115252918997783, 38.413911716014155 ], [ -122.165165980225751, 38.430576088164926 ], [ -122.176515951492291, 38.394733795799148 ], [ -122.216883659026237, 38.395002065938527 ], [ -122.202623762815449, 38.358183117979308 ], [ -122.217307218619766, 38.339331190262619 ], [ -122.188098130699444, 38.271709814207959 ], [ -122.216209902729233, 38.266287607487257 ], [ -122.193086224727935, 38.256367266957525 ], [ -122.211846158496883, 38.250670361198246 ], [ -122.193089961792268, 38.222138297262198 ], [ -122.215212272410213, 38.179493534267749 ], [ -122.194070833085178, 38.165211189917933 ], [ -122.1781109702615, 38.116985086488405 ], [ -122.223576514877038, 38.068704827610105 ], [ -122.161116473905793, 37.982865757128955 ], [ -122.183651906225535, 37.978236425603903 ], [ -122.181613913841545, 37.965351375483017 ], [ -122.123795501422265, 37.933867485562111 ], [ -122.160714806859147, 37.913223931174628 ], [ -122.166337107427182, 37.882381522149963 ], [ -122.145865011260355, 37.868967268172398 ], [ -122.118321696146637, 37.873407679458559 ], [ -122.08959448811261, 37.823650454894981 ], [ -122.002389434869841, 37.770478205406413 ], [ -122.011784433447232, 37.747750568439656 ], [ -121.992823140443861, 37.737360927975921 ], [ -121.972380414379273, 37.778789491730485 ], [ -121.952069832687187, 37.794846752997799 ], [ -121.924473276043088, 37.792994120862247 ], [ -121.903739378844008, 37.816326979967826 ], [ -121.901086543974301, 37.848112937796955 ], [ -121.936812320142096, 37.85679120030413 ], [ -121.872738151503171, 37.91760603515565 ], [ -121.87368169311533, 37.969256152288338 ], [ -121.821957773842144, 38.021400596494878 ], [ -121.852211866626106, 38.072263128306261 ], [ -121.819912334995649, 38.091644229280625 ], [ -121.846351358169798, 38.110967478806799 ], [ -121.809350702998572, 38.141518829975915 ], [ -121.834192424430839, 38.150486778391809 ], [ -121.847529416327617, 38.194448164379736 ], [ -121.871310080756686, 38.204918496119845 ], [ -121.888515697985625, 38.288595958435742 ], [ -121.929810720035661, 38.296120641082247 ], [ -121.97897925618399, 38.337999782461054 ], [ -121.997952262464963, 38.329717929027623 ], [ -121.987008473286423, 38.310790304578106 ], [ -121.999228269230713, 38.299039214051106 ], [ -122.061487518189139, 38.32748147472013 ], [ -122.115252918997783, 38.413911716014155 ] ] ] } },
{ "type": "Feature", "properties": { "Name": "Piute Wash", "HUC8": "15030102", "AreaAc": 442899 }, "geometry": { "type": "Polygon", "coordinates": [ [ [ -114.774952891480567, 35.116135783397631 ], [ -115.137174363322885, 35.405972664223022 ], [ -115.167773530400765, 35.361420144901977 ], [ -115.220152583534642, 35.337219926693422 ], [ -115.219950611547318, 35.302753870160878 ], [ -115.246699996626518, 35.304103076603162 ], [ -115.312650468574404, 35.26060588632788 ], [ -115.325794601276897, 35.21945267811298 ], [ -115.303836050075319, 35.173976573407579 ], [ -115.197247290487681, 35.12905752647913 ], [ -115.16106478930476, 35.092281144030416 ], [ -115.136873738912684, 35.09574126317613 ], [ -115.102009297717274, 35.077856849381668 ], [ -115.127868264262247, 35.083495115707869 ], [ -115.160879494807645, 35.052037281669669 ], [ -115.089840380069489, 34.996344930497855 ], [ -115.055064303081565, 34.910664804917886 ], [ -115.027850063789757, 34.899575999780502 ], [ -115.005769134603881, 34.915155073873983 ], [ -114.918716452640624, 34.866035559804452 ], [ -114.883270919346586, 34.863763724832118 ], [ -114.879553831667991, 34.841488131305312 ], [ -114.858401347470277, 34.836748249728814 ], [ -114.845314383136085, 34.809607080168625 ], [ -114.826364418611632, 34.809977600204661 ], [ -114.809849591903713, 34.777687483244215 ], [ -114.782934833372835, 34.800264225586922 ], [ -114.754806164169352, 34.779074187255674 ], [ -114.724663501257481, 34.828034255738721 ], [ -114.747514868193775, 34.855019758368044 ], [ -114.701523229670755, 34.894025818097468 ], [ -114.633835620711722, 34.921143890620634 ], [ -114.731976323230725, 34.906766512386888 ], [ -114.756715377775137, 34.917344305748692 ], [ -114.748694506544382, 35.032264841620965 ], [ -114.783044921714449, 35.065249153252175 ], [ -114.774952891480567, 35.116135783397631 ] ] ] } },
{ "type": "Feature", "properties": { "Name": "Southern Mojave", "HUC8": "18100100", "AreaAc": 5672932 }, "geometry": { "type": "Polygon", "coordinates": [ [ [ -115.312711004636313, 35.260449789179589 ], [ -115.36542507339712, 35.257867893254414 ], [ -115.371369698162539, 35.22483483066857 ], [ -115.400936447941845, 35.211417107853222 ], [ -115.382053917739938, 35.196124044058941 ], [ -115.385655567592792, 35.168105087519884 ], [ -115.420794408707664, 35.161901536923537 ], [ -115.450413933287862, 35.116694643921562 ], [ -115.4394918713229, 35.089821159372946 ], [ -115.537689152984186, 34.97841817228452 ], [ -115.5420406769164, 34.891831343452047 ], [ -115.588030131038892, 34.845292905024941 ], [ -115.587896756259525, 34.825650821588169 ], [ -115.673607620375805, 34.790789551990123 ], [ -115.71906741759301, 34.794254452316068 ], [ -115.728551152049803, 34.768305761112465 ], [ -115.757712494342357, 34.752333099206545 ], [ -115.794969473218217, 34.758779492171477 ], [ -115.8070724553166, 34.707043704877321 ], [ -116.016491988547841, 34.798191527830248 ], [ -116.062194165618436, 34.749516468242035 ], [ -116.047320981764756, 34.709386009560191 ], [ -116.087244553832633, 34.678267536241087 ], [ -116.147739366700947, 34.687720171143305 ], [ -116.204411288860385, 34.648105630526906 ], [ -116.255931802924707, 34.696645077414246 ], [ -116.302906348419896, 34.702764350361299 ], [ -116.313240790457741, 34.76111612824225 ], [ -116.286773732883105, 34.785716756270382 ], [ -116.302536186126048, 34.792338043452354 ], [ -116.371544621509457, 34.750339141895914 ], [ -116.398472248304074, 34.697179910344438 ], [ -116.391376759984283, 34.668046415567467 ], [ -116.413734024178595, 34.646617247354087 ], [ -116.440984437429904, 34.666031183715319 ], [ -116.47361709060857, 34.651365972379445 ], [ -116.613321937626878, 34.680680968676604 ], [ -116.633605955083553, 34.642170590105714 ], [ -116.677236994065069, 34.689717790059845 ], [ -116.70928952070426, 34.698008834226464 ], [ -116.723078178073308, 34.66928285170583 ], [ -116.819062630309162, 34.683382434920169 ], [ -116.848858429282672, 34.660444266690526 ], [ -116.919625407738863, 34.666168295135414 ], [ -116.952953708235427, 34.652509491814897 ], [ -117.070720129279209, 34.690588875580978 ], [ -117.089762221216859, 34.670991263502692 ], [ -117.074877069572409, 34.624030253610577 ], [ -117.044604145484939, 34.609159693865124 ], [ -117.059690798295506, 34.581802615409153 ], [ -117.034436606598547, 34.567942114644936 ], [ -117.031418447725159, 34.522215635920624 ], [ -117.050006922583108, 34.503936057818294 ], [ -117.082911388727197, 34.511762205456812 ], [ -117.082206633289246, 34.46098106937621 ], [ -117.147478986166291, 34.405455335155132 ], [ -117.1824699319628, 34.402644951424172 ], [ -117.193498380829567, 34.386619583189869 ], [ -117.181359490865049, 34.366724875550972 ], [ -117.124025268014663, 34.347259229007285 ], [ -117.029878539354115, 34.363551367951324 ], [ -116.980149735754082, 34.331025491311848 ], [ -116.906126232013605, 34.330167987386844 ], [ -116.859047080407834, 34.315570617430176 ], [ -116.851025784174936, 34.288025231201722 ], [ -116.819302230103006, 34.306884051769991 ], [ -116.769023694112491, 34.273385076172396 ], [ -116.752741894330796, 34.237461579166741 ], [ -116.763595123937947, 34.20123036674773 ], [ -116.710949695478917, 34.193893600704008 ], [ -116.694306647216493, 34.160853775675655 ], [ -116.575248255532031, 34.157614541827499 ], [ -116.534377382577333, 34.124832478257368 ], [ -116.470282213859406, 34.109142752028447 ], [ -116.45929353920927, 34.080515539806072 ], [ -116.35027546465632, 34.032435468812785 ], [ -116.302707066589804, 33.986578699468879 ], [ -116.26507482265589, 34.007207931367809 ], [ -116.246041907898785, 34.001630290572997 ], [ -116.187417685456694, 33.926528393669273 ], [ -116.115529461781151, 33.900831125972537 ], [ -116.111008920415046, 33.87476573769888 ], [ -116.093721374440918, 33.860683360968075 ], [ -116.075159335806546, 33.866655492416832 ], [ -116.037546340362837, 33.835012561220395 ], [ -116.02094471076947, 33.794782782219563 ], [ -115.976065317423377, 33.792504851127887 ], [ -115.926243759429894, 33.816787390198023 ], [ -115.914863823817356, 33.809878526437416 ], [ -115.931561749816893, 33.788928367171643 ], [ -115.912599090375451, 33.786938316671431 ], [ -115.903520634856619, 33.761599364178778 ], [ -115.859454700800896, 33.746487380131697 ], [ -115.791759178412946, 33.756156688796551 ], [ -115.721381384168481, 33.740484651505021 ], [ -115.738831481518233, 33.717137167315151 ], [ -115.706574172032859, 33.640366588121289 ], [ -115.648294585824459, 33.619587494759827 ], [ -115.569066978786978, 33.63618648053432 ], [ -115.483284926333852, 33.561079556596759 ], [ -115.464369919568369, 33.563299111676564 ], [ -115.477150346351564, 33.582823917516755 ], [ -115.465895203368561, 33.58748825158937 ], [ -115.381673032220064, 33.556100415475157 ], [ -115.345546304467859, 33.561995510129421 ], [ -115.335162472751904, 33.522994613887889 ], [ -115.258556114408819, 33.489436408082582 ], [ -115.251772226722935, 33.43165258199884 ], [ -115.045910961562313, 33.382222189561155 ], [ -114.971936560457209, 33.396740190309231 ], [ -114.937249108368079, 33.384979775158023 ], [ -114.872556922759713, 33.456837219898198 ], [ -114.868335206749151, 33.482179391015009 ], [ -114.842962292754351, 33.480642727788045 ], [ -114.836224067327848, 33.518742099529518 ], [ -114.810352295213434, 33.534419417538871 ], [ -114.824722224507013, 33.65856471102726 ], [ -114.865272467771447, 33.727346665264712 ], [ -114.905474958705156, 33.741683271121225 ], [ -114.918543509727897, 33.798764050878994 ], [ -114.891112613548671, 33.794472291883288 ], [ -114.860379677212123, 33.862923791330012 ], [ -114.830130884798749, 33.875416465042569 ], [ -114.762494680606892, 33.88658020076285 ], [ -114.672798330111164, 33.863967294989074 ], [ -114.642359379292728, 33.884150992505035 ], [ -114.619780240641489, 33.921272594176401 ], [ -114.653218088730569, 33.962214117593312 ], [ -114.637274425665922, 34.024337968472096 ], [ -114.656111114134518, 34.078455547042964 ], [ -114.677452214834375, 34.081616606586095 ], [ -114.81092053176458, 34.206070391290098 ], [ -114.810671673014014, 34.248955535137299 ], [ -114.871492834758413, 34.311308414674656 ], [ -114.823544090789468, 34.400813273364989 ], [ -114.872191176270405, 34.450800468483287 ], [ -114.881877590867873, 34.551586341835431 ], [ -114.861935618729888, 34.55837157396406 ], [ -114.875243428185257, 34.622499153255141 ], [ -114.801084918269893, 34.726556054051002 ], [ -114.810803665340543, 34.783400564777665 ], [ -114.826364418611632, 34.809977600204661 ], [ -114.845314383136085, 34.809607080168625 ], [ -114.858401347470277, 34.836748249728814 ], [ -114.879553831667991, 34.841488131305312 ], [ -114.883270919346586, 34.863763724832118 ], [ -114.918716452640624, 34.866035559804452 ], [ -115.005769134603881, 34.915155073873983 ], [ -115.027850063789757, 34.899575999780502 ], [ -115.055064303081565, 34.910664804917886 ], [ -115.089840380069489, 34.996344930497855 ], [ -115.160879494807645, 35.052037281669669 ], [ -115.127868264262247, 35.083495115707869 ], [ -115.102009297717274, 35.077856849381668 ], [ -115.16106478930476, 35.092281144030416 ], [ -115.197247290487681, 35.12905752647913 ], [ -115.303836050075319, 35.173976573407579 ], [ -115.325794601276897, 35.21945267811298 ], [ -115.312711004636313, 35.260449789179589 ] ] ] } },
{ "type": "Feature", "properties": { "Name": "Middle Kern-Upper Tehachapi-Grapevine", "HUC8": "18030003", "AreaAc": 1671508 }, "geometry": { "type": "Polygon", "coordinates": [ [ [ -118.442882980146024, 35.640956460094436 ], [ -118.515270329683943, 35.653753929194409 ], [ -118.578423782384903, 35.637596762102362 ], [ -118.59359861373666, 35.651987499986774 ], [ -118.601557252976988, 35.625919718265294 ], [ -118.635664614829622, 35.617410630404535 ], [ -118.649963912977739, 35.575972311464788 ], [ -118.688518781050377, 35.558297004731017 ], [ -118.723521737903312, 35.507233489650432 ], [ -118.768836724536641, 35.479489400608969 ], [ -118.95413886951755, 35.500922083700743 ], [ -118.96054670039257, 35.425562865760568 ], [ -119.055960005379163, 35.397301092331688 ], [ -119.114601584243388, 35.358174001606898 ], [ -119.17659284541314, 35.351706147579776 ], [ -119.248114496273658, 35.305559824306052 ], [ -119.283756861180933, 35.302001560528602 ], [ -119.308801389307774, 35.267805267247986 ], [ -119.416406709510596, 35.265821020511034 ], [ -119.531183149800967, 35.289095306648726 ], [ -119.579834664859504, 35.252300364866542 ], [ -119.603760281983469, 35.262876101238639 ], [ -119.67121930625629, 35.230707764207793 ], [ -119.708526967192469, 35.262109548535868 ], [ -119.724682907089004, 35.24085212629798 ], [ -119.668733221220492, 35.185221021037989 ], [ -119.550164613419739, 35.110071810719745 ], [ -119.520222771798643, 35.069011140644996 ], [ -119.488701170496583, 35.063006562907802 ], [ -119.474822907687667, 35.032173863625346 ], [ -119.496803626695609, 35.006647181657755 ], [ -119.388168013830722, 34.933485306105538 ], [ -119.399104404991093, 34.915299112428855 ], [ -119.350152330406189, 34.875599763534694 ], [ -119.249655620267703, 34.863467995764033 ], [ -119.200466749394579, 34.871869544393164 ], [ -119.204653754177187, 34.829732741479035 ], [ -119.182911662300157, 34.816220411444419 ], [ -119.108357910663273, 34.823502005149578 ], [ -119.06584022151101, 34.78911910024658 ], [ -119.0100147484888, 34.776904325910131 ], [ -118.961630390710923, 34.777402193537448 ], [ -118.959069404941033, 34.793940463458888 ], [ -118.930362961343576, 34.783519938589727 ], [ -118.866208391778798, 34.805218599983327 ], [ -118.821853371906826, 34.799905277923109 ], [ -118.813029460533301, 34.826961402156989 ], [ -118.766843043639838, 34.84995255028474 ], [ -118.748068621599074, 34.879076503606242 ], [ -118.671959630117996, 34.901603994524827 ], [ -118.584360564355165, 34.951862227377582 ], [ -118.604978809819897, 34.96076291359698 ], [ -118.604787172696149, 34.984779560510994 ], [ -118.521244674065343, 34.993662758511036 ], [ -118.477850275481174, 35.013805814441959 ], [ -118.491383869512873, 35.044700871074951 ], [ -118.461562265595532, 35.046423185401743 ], [ -118.443748668794314, 35.077587585522423 ], [ -118.413735068510775, 35.088600407506433 ], [ -118.409096445792244, 35.150974918411208 ], [ -118.442227322866842, 35.193232199526641 ], [ -118.328583139856633, 35.22387311999681 ], [ -118.239856908380631, 35.222595239932559 ], [ -118.241401028276755, 35.270488314061289 ], [ -118.272303259067144, 35.282863912934793 ], [ -118.297037071969754, 35.390708654022575 ], [ -118.379711163817646, 35.452312457482407 ], [ -118.327593267923831, 35.548555405356069 ], [ -118.352558892475841, 35.583567757620777 ], [ -118.42171399483567, 35.591193635410576 ], [ -118.442882980146024, 35.640956460094436 ] ] ] } },
{ "type": "Feature", "properties": { "Name": "Carrizo Plain", "HUC8": "18060003", "AreaAc": 285037 }, "geometry": { "type": "Polygon", "coordinates": [ [ [ -119.668733221220492, 35.185221021037989 ], [ -119.77432626494965, 35.303724386697326 ], [ -119.806166438867365, 35.313478267134172 ], [ -119.815436092912549, 35.33593080326483 ], [ -119.833385187936784, 35.336579899590134 ], [ -119.827608651357068, 35.361421415761363 ], [ -119.864776439256417, 35.367405359043929 ], [ -119.956520554745353, 35.440820356620165 ], [ -120.002329329676968, 35.436922689813599 ], [ -120.062610859313722, 35.486111573352211 ], [ -120.128360211533135, 35.414396287504196 ], [ -120.074559219656692, 35.31171770325178 ], [ -120.050139542587388, 35.288605058442535 ], [ -120.03789482467306, 35.295768213971755 ], [ -119.961949260692521, 35.263463688937023 ], [ -119.958333964608002, 35.241806140640008 ], [ -119.937909978337672, 35.234007069255235 ], [ -119.950182086793291, 35.215696941753016 ], [ -119.911107247918665, 35.184354037975055 ], [ -119.902541776899042, 35.144692667844772 ], [ -119.810431977972272, 35.087587359086235 ], [ -119.763750369802679, 35.03583906395783 ], [ -119.636417193441602, 35.026731037489327 ], [ -119.580708464037116, 34.992130962517216 ], [ -119.556511508273232, 35.005279718245191 ], [ -119.496873634577852, 34.978208950996212 ], [ -119.480803413226894, 34.956135680939497 ], [ -119.400679506884231, 34.938022813616065 ], [ -119.496803626695609, 35.006647181657755 ], [ -119.474822907687667, 35.032173863625346 ], [ -119.488701170496583, 35.063006562907802 ], [ -119.519619228540734, 35.068557593641884 ], [ -119.618174661208542, 35.164382517044629 ], [ -119.668733221220492, 35.185221021037989 ] ] ] } },
{ "type": "Feature", "properties": { "Name": "Cuyama", "HUC8": "18060007", "AreaAc": 731931 }, "geometry": { "type": "Polygon", "coordinates": [ [ [ -120.201517449135821, 35.258744031507497 ], [ -120.230848751265839, 35.207370283305963 ], [ -120.347562770494434, 35.26564114062495 ], [ -120.394278973354758, 35.274014993212027 ], [ -120.425541099346276, 35.259984490386074 ], [ -120.370764308992051, 35.207120996940063 ], [ -120.384755365517989, 35.167584883082732 ], [ -120.415014277585072, 35.170459734388572 ], [ -120.413149514528385, 35.125503482551196 ], [ -120.429948619498575, 35.099425333961214 ], [ -120.356840023740418, 35.051960329361613 ], [ -120.349542667311738, 34.993511461500191 ], [ -120.305039457621135, 34.940301040306373 ], [ -120.312314625498203, 34.903570921609678 ], [ -120.26125215220587, 34.904217490557201 ], [ -120.240403778811597, 34.949627825971113 ], [ -120.257351468679829, 34.970699419217482 ], [ -120.245009088912923, 34.998337898654022 ], [ -120.17101408628595, 34.962817311118911 ], [ -120.149030966794243, 34.995411596614062 ], [ -120.100025587468025, 34.982955508678721 ], [ -120.08703197898771, 35.012481288519375 ], [ -120.038161667629979, 35.036414066579304 ], [ -119.926893734612733, 34.924751728671538 ], [ -119.822315058342639, 34.896563460179358 ], [ -119.762873837707517, 34.838809158871946 ], [ -119.720871378009889, 34.829962885662532 ], [ -119.687701743593337, 34.792692747938098 ], [ -119.640819304943847, 34.779026470773843 ], [ -119.618335348631817, 34.753937185801313 ], [ -119.619835591999063, 34.707002745010733 ], [ -119.5334834132086, 34.71382643602935 ], [ -119.442477617035806, 34.668905659428312 ], [ -119.410378817739939, 34.637208756651937 ], [ -119.377198483417715, 34.654253384503001 ], [ -119.23615518208689, 34.621824822153755 ], [ -119.228738503453016, 34.642751922890838 ], [ -119.209814768733438, 34.640654474554701 ], [ -119.2077865449006, 34.655877756499486 ], [ -119.145459501612024, 34.688922892691956 ], [ -119.129863352217797, 34.724495810208943 ], [ -119.183027886723451, 34.760759432701441 ], [ -119.171066201038286, 34.812566257657252 ], [ -119.204653754177187, 34.829732741479035 ], [ -119.200466749394579, 34.871869544393164 ], [ -119.318755212891745, 34.865335792857614 ], [ -119.399104404991093, 34.915299112428855 ], [ -119.388168013830722, 34.933485306105538 ], [ -119.480803413226894, 34.956135680939497 ], [ -119.496873634577852, 34.978208950996212 ], [ -119.556511508273232, 35.005279718245191 ], [ -119.580708464037116, 34.992130962517216 ], [ -119.636417193441602, 35.026731037489327 ], [ -119.76319292491597, 35.03554220944546 ], [ -119.810431977972272, 35.087587359086235 ], [ -119.911339268745806, 35.157006484569102 ], [ -119.952499303972758, 35.139685811085918 ], [ -119.993769645960214, 35.16623030143807 ], [ -120.038469697791584, 35.132455183878712 ], [ -120.077233751846521, 35.166873470800304 ], [ -120.081642268421433, 35.192320168970532 ], [ -120.118532575569461, 35.205603893875129 ], [ -120.142543881108722, 35.237495900366206 ], [ -120.201517449135821, 35.258744031507497 ] ] ] } },
{ "type": "Feature", "properties": { "Name": "Santa Clara", "HUC8": "18070102", "AreaAc": 1040516 }, "geometry": { "type": "Polygon", "coordinates": [ [ [ -118.734912519262835, 34.779417370354132 ], [ -118.866664626914499, 34.805140843664489 ], [ -118.930362961343576, 34.783519938589727 ], [ -118.960047040996784, 34.793775963890951 ], [ -118.969260997239871, 34.775169956817727 ], [ -119.065159619846483, 34.788843170268159 ], [ -119.109069955318077, 34.823646556751754 ], [ -119.171066201038286, 34.812566257657252 ], [ -119.183027886723451, 34.760759432701441 ], [ -119.140818541489793, 34.742147718015445 ], [ -119.130087062433205, 34.716747246137722 ], [ -119.174363932327239, 34.663479347221511 ], [ -119.228738503453016, 34.642751922890838 ], [ -119.235928634732829, 34.62182781690985 ], [ -119.377744359400737, 34.654284956073596 ], [ -119.460697911207191, 34.62267976563669 ], [ -119.460773696872835, 34.599426667564252 ], [ -119.355390245139574, 34.573854387595226 ], [ -119.335512913824175, 34.547139165745904 ], [ -119.245856991479158, 34.546748372388862 ], [ -119.22347179548963, 34.515198658343749 ], [ -119.182935938018289, 34.519892617779675 ], [ -119.171463724897578, 34.502742440008383 ], [ -119.141238054234876, 34.498841797470995 ], [ -119.138789526643563, 34.417815810792696 ], [ -119.187350953407616, 34.413644357967001 ], [ -119.211710712815389, 34.391602566223384 ], [ -119.200265181693069, 34.36368430442203 ], [ -119.215372454399571, 34.340658465038885 ], [ -119.2114167186635, 34.291723878928579 ], [ -119.266706450523344, 34.245161074375282 ], [ -119.264014332715746, 34.229357251469956 ], [ -119.15942425046812, 34.225874583935529 ], [ -119.123178521681055, 34.28805648071296 ], [ -119.081368555089497, 34.295437549097954 ], [ -119.069226728976233, 34.3187882846333 ], [ -119.01254771082516, 34.335183685092083 ], [ -118.965540180019062, 34.322117908558596 ], [ -118.947460222076771, 34.345364753855094 ], [ -118.912709886312257, 34.333751228984688 ], [ -118.885008550494817, 34.356282022863113 ], [ -118.825853908095795, 34.35442066238317 ], [ -118.80499268837886, 34.367474783145532 ], [ -118.758680274858889, 34.372587778452505 ], [ -118.718775865376372, 34.353515653737432 ], [ -118.640214663971946, 34.353199636487268 ], [ -118.570611045090573, 34.31880507143692 ], [ -118.511742879776918, 34.347697043363468 ], [ -118.483286098123216, 34.339957997549526 ], [ -118.454979584535749, 34.357469486655972 ], [ -118.366884523744218, 34.358426954174888 ], [ -118.332965333962733, 34.385955004623781 ], [ -118.268738146783306, 34.399359805105711 ], [ -118.214004885139346, 34.376662515445126 ], [ -118.14638661965374, 34.373907297579223 ], [ -118.090597009279591, 34.400436075610706 ], [ -118.07861999483778, 34.382735608852094 ], [ -118.051995956360713, 34.387339574102278 ], [ -118.072833233526978, 34.417296506161918 ], [ -118.064998151820674, 34.463822896418208 ], [ -118.080226486098312, 34.495414359378472 ], [ -118.145258289349997, 34.530638475640117 ], [ -118.173539038599444, 34.527439715520451 ], [ -118.214264554649091, 34.54759515825684 ], [ -118.242852993564398, 34.54527781385849 ], [ -118.258924223099996, 34.567804587961639 ], [ -118.301552088147133, 34.569010554871738 ], [ -118.31526395260596, 34.596317343210082 ], [ -118.347486978653066, 34.602943746518299 ], [ -118.380607563699044, 34.634810336188885 ], [ -118.326350749748244, 34.646914966327046 ], [ -118.470727694943449, 34.697434191222804 ], [ -118.52319945862088, 34.706100549108008 ], [ -118.548289818947339, 34.690107571009065 ], [ -118.592010553588381, 34.710002264933088 ], [ -118.653654609863366, 34.712169328162645 ], [ -118.727796878447052, 34.744461212858909 ], [ -118.734912519262835, 34.779417370354132 ] ] ] } },
{ "type": "Feature", "properties": { "Name": "Antelope-Fremont Valleys", "HUC8": "18090206", "AreaAc": 2158828 }, "geometry": { "type": "Polygon", "coordinates": [ [ [ -117.586785178838511, 35.352612116893923 ], [ -117.540028624162971, 35.437574553215839 ], [ -117.552803758574967, 35.466217449197821 ], [ -117.668540173980674, 35.458083422169572 ], [ -117.684114277238663, 35.479946740210053 ], [ -117.747329495341745, 35.460344118898007 ], [ -117.788503895245043, 35.494687564341397 ], [ -117.869224245452344, 35.475078033351735 ], [ -117.885141201155193, 35.4512645171191 ], [ -117.960302848372564, 35.425812211938016 ], [ -118.088102336669579, 35.46101657755834 ], [ -118.132664493205624, 35.496214969628348 ], [ -118.180627210569682, 35.431197424694169 ], [ -118.255007211013805, 35.4555349999751 ], [ -118.297757411579965, 35.435140711186165 ], [ -118.288965113677051, 35.417928879346221 ], [ -118.333759011686467, 35.420663352770447 ], [ -118.331759194691756, 35.405335134547585 ], [ -118.293437752777834, 35.383861927723338 ], [ -118.272303259067144, 35.282863912934793 ], [ -118.241401028276755, 35.270488314061289 ], [ -118.239856908380631, 35.222595239932559 ], [ -118.328583139856633, 35.22387311999681 ], [ -118.442227322866842, 35.193232199526641 ], [ -118.409096445792244, 35.150974918411208 ], [ -118.413735068510775, 35.088600407506433 ], [ -118.443748668794314, 35.077587585522423 ], [ -118.461562265595532, 35.046423185401743 ], [ -118.491383869512873, 35.044700871074951 ], [ -118.477850275481174, 35.013805814441959 ], [ -118.521244674065343, 34.993662758511036 ], [ -118.604787172696149, 34.984779560510994 ], [ -118.604978809819897, 34.96076291359698 ], [ -118.584360564355165, 34.951862227377582 ], [ -118.671959630117996, 34.901603994524827 ], [ -118.748068621599074, 34.879076503606242 ], [ -118.766843043639838, 34.84995255028474 ], [ -118.813029460533301, 34.826961402156989 ], [ -118.818536805070977, 34.803535278629973 ], [ -118.734912519262835, 34.779417370354132 ], [ -118.727796878447052, 34.744461212858909 ], [ -118.653654609863366, 34.712169328162645 ], [ -118.592010553588381, 34.710002264933088 ], [ -118.548289818947339, 34.690107571009065 ], [ -118.52319945862088, 34.706100549108008 ], [ -118.470727694943449, 34.697434191222804 ], [ -118.326350749748244, 34.646914966327046 ], [ -118.380607563699044, 34.634810336188885 ], [ -118.347486978653066, 34.602943746518299 ], [ -118.31526395260596, 34.596317343210082 ], [ -118.301552088147133, 34.569010554871738 ], [ -118.258924223099996, 34.567804587961639 ], [ -118.242852993564398, 34.54527781385849 ], [ -118.214264554649091, 34.54759515825684 ], [ -118.173539038599444, 34.527439715520451 ], [ -118.145258289349997, 34.530638475640117 ], [ -118.080226486098312, 34.495414359378472 ], [ -118.064998151820674, 34.463822896418208 ], [ -118.072736119303329, 34.417097792845695 ], [ -117.997349190695815, 34.344644798902408 ], [ -117.92264559398491, 34.33551639654732 ], [ -117.860232068481508, 34.365920098694957 ], [ -117.81368459269477, 34.339805964416165 ], [ -117.764620167830515, 34.358507829029989 ], [ -117.747903146946598, 34.381570825027985 ], [ -117.698887360170289, 34.368827840435685 ], [ -117.662750902682632, 34.380872279668743 ], [ -117.629229311405354, 34.367752115770884 ], [ -117.613909163904722, 34.458239740989264 ], [ -117.658406274339086, 34.612779534796744 ], [ -117.693303138272952, 34.62992576056913 ], [ -117.667202566791374, 34.649218569361253 ], [ -117.670393879470481, 34.705997878088603 ], [ -117.701419197869356, 34.71909783610225 ], [ -117.712309177078396, 34.754328869538561 ], [ -117.67820655870203, 34.770287440156402 ], [ -117.62719291190561, 34.732213940469919 ], [ -117.593049356394729, 34.727772806445351 ], [ -117.619497971583996, 34.777794641367016 ], [ -117.610187591783685, 34.827750554486933 ], [ -117.630327860759394, 34.833113615037732 ], [ -117.646911423010039, 34.891529501284211 ], [ -117.577253789737696, 34.921588320231223 ], [ -117.608593019505648, 34.967652149917434 ], [ -117.594874359269681, 35.017195906641135 ], [ -117.609576091852276, 35.087303604076801 ], [ -117.639916308594394, 35.112008374558151 ], [ -117.587395170960178, 35.133211141067292 ], [ -117.531661948499305, 35.243976137526346 ], [ -117.632315511776696, 35.272490863957465 ], [ -117.679163172354208, 35.345340312860323 ], [ -117.639818159410879, 35.361213539081014 ], [ -117.586785178838511, 35.352612116893923 ] ] ] } },
{ "type": "Feature", "properties": { "Name": "Upper Pit", "HUC8": "18020002", "AreaAc": 1715965 }, "geometry": { "type": "Polygon", "coordinates": [ [ [ -120.294527713848126, 41.670790299403301 ], [ -120.335860240469415, 41.697825364737362 ], [ -120.42333278821711, 41.696988988436729 ], [ -120.458486837118613, 41.710885314303987 ], [ -120.478784414768725, 41.692757524652329 ], [ -120.552894144520252, 41.72128932349402 ], [ -120.547242268540202, 41.800407232079387 ], [ -120.56722795112438, 41.821110998688567 ], [ -120.59826222144693, 41.824781708678984 ], [ -120.627113823885679, 41.774723104366046 ], [ -120.706653295850032, 41.751343638898874 ], [ -120.812393894846508, 41.682225474856693 ], [ -120.821148172102866, 41.588533676157013 ], [ -120.863028463585152, 41.565996664800686 ], [ -120.865956732786472, 41.529083382184581 ], [ -120.891401051369755, 41.546629615791858 ], [ -120.898096124949788, 41.530985784709422 ], [ -120.923409280849881, 41.530137837767022 ], [ -120.924765271992655, 41.555683236110006 ], [ -120.893337749991204, 41.594467715542834 ], [ -120.915799545003381, 41.601813188661012 ], [ -120.923729074089792, 41.586258463208111 ], [ -120.964412769354112, 41.607939887374208 ], [ -121.002623565518107, 41.585769264670901 ], [ -121.024518355351276, 41.589804362809154 ], [ -121.031604883922469, 41.538176606138897 ], [ -121.119361648125533, 41.522363839346184 ], [ -121.118713799743858, 41.422374908039451 ], [ -121.156488385917157, 41.452679580594584 ], [ -121.157712129690836, 41.476765288309934 ], [ -121.208521705190805, 41.486100235750165 ], [ -121.193048507803653, 41.519192700850553 ], [ -121.261487022794981, 41.567188784061102 ], [ -121.280753334886285, 41.629364119077572 ], [ -121.2986960194158, 41.629248630158891 ], [ -121.300753650457111, 41.593600577886455 ], [ -121.4247825380818, 41.595659558727057 ], [ -121.475288617981363, 41.57347803069802 ], [ -121.523415216133586, 41.578791121709081 ], [ -121.53917666608659, 41.517116384143293 ], [ -121.447289582400401, 41.398587832120661 ], [ -121.451259683820112, 41.378037334023603 ], [ -121.484630035022903, 41.363629608111154 ], [ -121.466645500928607, 41.342589792551536 ], [ -121.427716989546212, 41.338515807388362 ], [ -121.40215830558671, 41.311898380535737 ], [ -121.380930251215133, 41.316516474270244 ], [ -121.361524062177708, 41.30049275921084 ], [ -121.351832080561593, 41.27750246793434 ], [ -121.387703894870597, 41.270411519512834 ], [ -121.389059494198705, 41.256769188732363 ], [ -121.342049901424403, 41.218729777501053 ], [ -121.30771301095595, 41.162165939385538 ], [ -121.28546840724492, 41.163528450269958 ], [ -121.252425318748834, 41.1321448910941 ], [ -121.218573587827805, 41.065934904994982 ], [ -121.245058947562498, 41.043367546497642 ], [ -121.211629708129408, 41.023990724471233 ], [ -121.195396774130558, 40.98538619629182 ], [ -121.089904103857293, 40.946768588741065 ], [ -121.094027062522301, 40.988712330667219 ], [ -121.059523934070825, 40.985624878036987 ], [ -121.044916702747116, 40.957467725250993 ], [ -120.981283781702061, 40.98789395711951 ], [ -120.958122882318634, 40.961258539909828 ], [ -120.922435834924144, 40.958645886282007 ], [ -120.866873120769895, 40.927198812493806 ], [ -120.793895349243726, 40.958782693062503 ], [ -120.745716458037819, 40.953080954450193 ], [ -120.726309685463988, 40.980494619875579 ], [ -120.701958487255411, 40.953725820675864 ], [ -120.660072445152679, 40.956690221945337 ], [ -120.580727224457249, 41.002018599482213 ], [ -120.59158933163576, 41.033959045198564 ], [ -120.566025919554988, 41.0835867130019 ], [ -120.531945904408445, 41.076445501136263 ], [ -120.510609631222508, 41.089321318043105 ], [ -120.461093958441381, 41.088264859783401 ], [ -120.448252619977382, 41.102879959550798 ], [ -120.379456625654555, 41.014345803771647 ], [ -120.297559590571083, 41.052532607069857 ], [ -120.264007722476862, 41.029504254779923 ], [ -120.203607631362175, 41.02832308842428 ], [ -120.23538237672885, 41.057226603455 ], [ -120.182064456172981, 41.093875176817861 ], [ -120.162275813430441, 41.127681669110373 ], [ -120.18362728158381, 41.138883110092699 ], [ -120.148543263568158, 41.153208078759285 ], [ -120.131493225572939, 41.202262339921411 ], [ -120.139487813019841, 41.231362641224926 ], [ -120.185206757175905, 41.250698109630648 ], [ -120.20198667321408, 41.287498923256372 ], [ -120.196271136283784, 41.341486135213692 ], [ -120.216686371899286, 41.350098382906275 ], [ -120.229847151225485, 41.393829866788181 ], [ -120.218919696097345, 41.418811224925115 ], [ -120.261630849911469, 41.49639483830147 ], [ -120.296985836574564, 41.518892992290787 ], [ -120.259301867788864, 41.57104634168131 ], [ -120.294527713848126, 41.670790299403301 ] ] ] } },
{ "type": "Feature", "properties": { "Name": "Madeline Plains", "HUC8": "18080002", "AreaAc": 514722 }, "geometry": { "type": "Polygon", "coordinates": [ [ [ -120.103588085847932, 41.066886589635921 ], [ -120.121649521170028, 41.076867425061963 ], [ -120.112697084444861, 41.11962933462636 ], [ -120.168091630197253, 41.127476030519709 ], [ -120.191068098937563, 41.084371413296338 ], [ -120.23538237672885, 41.057226603455 ], [ -120.207433547247263, 41.025800515637258 ], [ -120.264454644255707, 41.029626276565786 ], [ -120.297559590571083, 41.052532607069857 ], [ -120.379456625654555, 41.014345803771647 ], [ -120.448252619977382, 41.102879959550798 ], [ -120.461093958441381, 41.088264859783401 ], [ -120.510609631222508, 41.089321318043105 ], [ -120.531945904408445, 41.076445501136263 ], [ -120.566025919554988, 41.0835867130019 ], [ -120.59158933163576, 41.033959045198564 ], [ -120.580727224457249, 41.002018599482213 ], [ -120.653702557164664, 40.958702794766921 ], [ -120.701958487255411, 40.953725820675864 ], [ -120.726309685463988, 40.980494619875579 ], [ -120.745716458037819, 40.953080954450193 ], [ -120.791025404470176, 40.959313320334388 ], [ -120.821168714889723, 40.94797661066233 ], [ -120.812521255102638, 40.933786428942419 ], [ -120.841092859847748, 40.911215686094593 ], [ -120.820887947812153, 40.889586774148356 ], [ -120.84621557888552, 40.874306657914616 ], [ -120.833433841558588, 40.842235941963814 ], [ -120.855427945880621, 40.831724275595775 ], [ -120.85201786423184, 40.76179600796128 ], [ -120.828046662891339, 40.746644547499358 ], [ -120.813883442496206, 40.788075236759823 ], [ -120.792876210930331, 40.778409005146649 ], [ -120.75488366726762, 40.793114815338491 ], [ -120.719664658664215, 40.766252933584909 ], [ -120.667786493107045, 40.768411724710511 ], [ -120.654693300101044, 40.750462002768771 ], [ -120.576253846672913, 40.750520284517947 ], [ -120.546058214017961, 40.783125875952209 ], [ -120.488531331098415, 40.785358265375578 ], [ -120.438190861191018, 40.778251157119477 ], [ -120.417133853774587, 40.730402743532203 ], [ -120.352283469481364, 40.72245530358979 ], [ -120.339485689201695, 40.696749560538777 ], [ -120.176194759076338, 40.774004885785473 ], [ -120.113100356359226, 40.773785910624284 ], [ -120.068370583895373, 40.753823993114715 ], [ -120.05636849980354, 40.729599224861097 ], [ -120.018224565480168, 40.729031164031611 ], [ -119.997955623784677, 40.709499852485763 ], [ -119.999425592432161, 40.911003822818337 ], [ -120.026174016572796, 40.936633910128293 ], [ -120.050506687235128, 40.9342913412314 ], [ -120.0676997340084, 40.972685590018116 ], [ -120.122683619286519, 40.997007030838795 ], [ -120.134167737892213, 41.039235642463311 ], [ -120.103588085847932, 41.066886589635921 ] ] ] } },
{ "type": "Feature", "properties": { "Name": "Applegate", "HUC8": "17100309", "AreaAc": 58247 }, "geometry": { "type": "Polygon", "coordinates": [ [ [ -122.896913361179074, 42.003753790192441 ], [ -123.145930471221021, 42.008766426457143 ], [ -123.351014284498959, 41.999199903276356 ], [ -123.336966983941181, 41.973628318088153 ], [ -123.302761391564161, 41.961885305855724 ], [ -123.303688610840609, 41.945913181497261 ], [ -123.276626928592407, 41.948484195640894 ], [ -123.202810033857247, 41.917186059978505 ], [ -123.164420940478763, 41.939654342013448 ], [ -123.114524011237492, 41.93713678508275 ], [ -123.072791842609746, 41.955806195948618 ], [ -122.965055838445963, 41.932030270388232 ], [ -122.896913361179074, 42.003753790192441 ] ] ] } },
{ "type": "Feature", "properties": { "Name": "Illinois", "HUC8": "17100311", "AreaAc": 37552 }, "geometry": { "type": "Polygon", "coordinates": [ [ [ -123.503888770478738, 42.000741363569631 ], [ -123.565442414746002, 42.000940847450316 ], [ -123.623882421962023, 41.999966638022407 ], [ -123.657095282244086, 41.995232690704022 ], [ -123.788463163217116, 41.995643336307786 ], [ -123.791081146028617, 41.991306634914288 ], [ -123.781950125538742, 41.974161588625542 ], [ -123.652803725767242, 41.939372335485665 ], [ -123.638023624677189, 41.888453726485636 ], [ -123.607053560366197, 41.880627987487635 ], [ -123.593606962241793, 41.906291252023827 ], [ -123.559541834191094, 41.905982743533379 ], [ -123.533081860877417, 41.95510803603252 ], [ -123.540606339869854, 41.986114280128461 ], [ -123.503888770478738, 42.000741363569631 ] ] ] } },
{ "type": "Feature", "properties": { "Name": "Upper Dry", "HUC8": "18030009", "AreaAc": 1360637 }, "geometry": { "type": "Polygon", "coordinates": [ [ [ -119.369769454865349, 37.061056470482029 ], [ -119.42125588994098, 37.063666700856899 ], [ -119.41069233632625, 37.021576562370718 ], [ -119.431483404753834, 37.006336772181577 ], [ -119.46059016478489, 37.009107085244487 ], [ -119.464800528151457, 36.978810189444111 ], [ -119.514070180094279, 36.949894189793753 ], [ -119.57223340501811, 36.950621945151639 ], [ -119.614244099645617, 36.921921262615996 ], [ -119.69274309886427, 36.927745177431206 ], [ -119.753346190778231, 36.865786374084315 ], [ -119.778562120957886, 36.864101597566581 ], [ -119.795889194079038, 36.844540533317684 ], [ -119.976675839223759, 36.832846713529783 ], [ -120.097507111922809, 36.779180960215292 ], [ -120.213295126834069, 36.78452491148132 ], [ -120.226779112456285, 36.769065893185392 ], [ -120.290107413515074, 36.762322418099679 ], [ -120.312434094332176, 36.781533101905914 ], [ -120.362007948039192, 36.785904854483434 ], [ -120.557240714621798, 36.716925855341884 ], [ -120.630808434026122, 36.654076142348643 ], [ -120.638463329361173, 36.617408671492363 ], [ -120.670045290190686, 36.595458223457271 ], [ -120.640517728512364, 36.549467787461211 ], [ -120.660801357214694, 36.51874952858882 ], [ -120.645306105736282, 36.48065861041497 ], [ -120.657392926964391, 36.45709659282862 ], [ -120.613077465687184, 36.441500876972739 ], [ -120.606754376727736, 36.410077284226283 ], [ -120.634657158161772, 36.368478605723233 ], [ -120.582285171657958, 36.330521001887739 ], [ -120.459602985120142, 36.321590861794931 ], [ -120.432533177984993, 36.297737830641431 ], [ -120.403254667432506, 36.304503451864143 ], [ -120.353415628128928, 36.275364108694284 ], [ -120.340741307470097, 36.235913480829282 ], [ -120.252847985334327, 36.157903423242757 ], [ -120.162112291360089, 36.18586517993198 ], [ -120.143625986217785, 36.229802871550376 ], [ -120.034279777920304, 36.308870258150051 ], [ -119.985249601077413, 36.32004774283314 ], [ -119.966261545802439, 36.343050389769296 ], [ -119.895451447236539, 36.34344884273596 ], [ -119.897247861873197, 36.366831428518019 ], [ -119.875507667237443, 36.386722685465358 ], [ -119.77250289219576, 36.391109012812407 ], [ -119.746283647416888, 36.417478519069199 ], [ -119.612875859180576, 36.456135334990577 ], [ -119.556316074929214, 36.616998902765751 ], [ -119.546804234566878, 36.712012725676239 ], [ -119.521722674977752, 36.741349262876419 ], [ -119.435183973938706, 36.772852906192227 ], [ -119.453423424998491, 36.832592148431814 ], [ -119.407997155587623, 36.909447096892343 ], [ -119.414730696162209, 36.965374816640896 ], [ -119.386312365191856, 36.968461644686222 ], [ -119.367615627506908, 37.009143532173589 ], [ -119.388015621083568, 37.034950164836637 ], [ -119.369769454865349, 37.061056470482029 ] ] ] } },
{ "type": "Feature", "properties": { "Name": "Middle San Joaquin-Lower Chowchilla", "HUC8": "18040001", "AreaAc": 2256168 }, "geometry": { "type": "Polygon", "coordinates": [ [ [ -119.689867543304715, 37.44211414258654 ], [ -119.708842653657939, 37.517006446228606 ], [ -119.768166357421933, 37.507976116485125 ], [ -119.825987554073777, 37.550582187177312 ], [ -119.849642625402737, 37.543170614616471 ], [ -119.881761915047306, 37.569579770549751 ], [ -119.874070815015926, 37.541791726325087 ], [ -119.926942875484684, 37.506219806443738 ], [ -119.950213911513686, 37.543134289240939 ], [ -119.985713899677506, 37.527943609098187 ], [ -120.003162336296128, 37.541368326179224 ], [ -120.047975165006562, 37.530101565892771 ], [ -120.100243971796914, 37.582686091681595 ], [ -120.152836209511406, 37.575739096978886 ], [ -120.154130562171233, 37.556198315405695 ], [ -120.20933446689061, 37.567946630380291 ], [ -120.253092487099522, 37.558889456976218 ], [ -120.262060504259338, 37.507840864734533 ], [ -120.317066549845364, 37.462253979314191 ], [ -120.409238853523505, 37.494083108884965 ], [ -120.457800893508661, 37.491825497522896 ], [ -120.485819552694167, 37.462322825732109 ], [ -120.526712391333248, 37.457941282253451 ], [ -120.601175465902173, 37.413629913966233 ], [ -120.639399580774906, 37.429516315230103 ], [ -120.671762023726217, 37.424704119370617 ], [ -120.725430552838787, 37.408217223417971 ], [ -120.749518547179974, 37.378390321127632 ], [ -120.794523358885328, 37.362158762236604 ], [ -121.091601539538573, 37.327136220211734 ], [ -121.136414697251041, 37.300360457467242 ], [ -121.141774033290773, 37.267282914450426 ], [ -121.193819709637452, 37.269892051111853 ], [ -121.215832257618317, 37.251982256266935 ], [ -121.256165105473869, 37.24941275431356 ], [ -121.317776333191389, 37.268418662243228 ], [ -121.319593386466124, 37.233815675817908 ], [ -121.360678503280866, 37.185463081952861 ], [ -121.330376816969363, 37.167649397751411 ], [ -121.28274424326851, 37.181810434855272 ], [ -121.240329346634397, 37.158717355599087 ], [ -121.216696401138762, 37.121895112822763 ], [ -121.244342703584252, 37.088173754328096 ], [ -121.208201632831205, 37.061551607779457 ], [ -121.247642086307792, 37.028801202496624 ], [ -121.233027315477941, 37.01023152360608 ], [ -121.244809721716507, 36.981347388807777 ], [ -121.211689191202865, 36.957297808727198 ], [ -121.234492895861919, 36.926581039928159 ], [ -121.221487539677554, 36.910211977876244 ], [ -121.18403711971763, 36.908804090774794 ], [ -121.134444973661104, 36.817064470631664 ], [ -121.108738183023164, 36.812301229836471 ], [ -121.114106633642649, 36.768861874390183 ], [ -121.058185502255839, 36.752496140942995 ], [ -121.031028415494248, 36.767613287317104 ], [ -120.999582536430168, 36.76254050562541 ], [ -120.959674839212681, 36.719860874498202 ], [ -120.966242975139778, 36.687461671126115 ], [ -120.891570671852392, 36.693825787709841 ], [ -120.844916797302858, 36.658879561086245 ], [ -120.763719948589284, 36.658708160301337 ], [ -120.758785296877761, 36.643194272047118 ], [ -120.707701042997172, 36.661232185405929 ], [ -120.637844323854438, 36.658129853457389 ], [ -120.598941185862145, 36.677389771202535 ], [ -120.545998507188159, 36.732199150855621 ], [ -120.513648870888829, 36.748798146654636 ], [ -120.557240714621798, 36.716925855341884 ], [ -120.362007948039192, 36.785904854483434 ], [ -120.312434094332176, 36.781533101905914 ], [ -120.290107413515074, 36.762322418099679 ], [ -120.226779112456285, 36.769065893185392 ], [ -120.213295126834069, 36.78452491148132 ], [ -120.097507111922809, 36.779180960215292 ], [ -119.976675839223759, 36.832846713529783 ], [ -119.795889194079038, 36.844540533317684 ], [ -119.778562120957886, 36.864101597566581 ], [ -119.753346190778231, 36.865786374084315 ], [ -119.69274309886427, 36.927745177431206 ], [ -119.613822944371222, 36.921980521678201 ], [ -119.57223340501811, 36.950621945151639 ], [ -119.514070180094279, 36.949894189793753 ], [ -119.465662491516099, 36.978011105696986 ], [ -119.460094800787829, 37.023609894835175 ], [ -119.563837879095772, 37.053163560889345 ], [ -119.588684470976105, 37.041354302149998 ], [ -119.584110199290691, 37.026880210970575 ], [ -119.608235544599722, 37.022853931530726 ], [ -119.604132079660033, 36.998894066559018 ], [ -119.691600523711074, 36.988647281291165 ], [ -119.71136578019842, 37.023296772221386 ], [ -119.670605770704597, 37.055846699983199 ], [ -119.672544699416235, 37.080513357644989 ], [ -119.741788041675093, 37.125841281905942 ], [ -119.776214832914974, 37.128514601786556 ], [ -119.839360556144143, 37.086000553787308 ], [ -119.835907353256474, 37.070012104802871 ], [ -119.909709405910135, 37.069064233053751 ], [ -119.935067235426516, 37.015402031374002 ], [ -119.962280573296965, 37.001954498045606 ], [ -119.972886344666136, 37.010526161374962 ], [ -120.053228919422438, 36.968324936040553 ], [ -120.123718207701643, 36.963749216156103 ], [ -120.182406893037339, 36.982364126204502 ], [ -120.328417913454288, 36.962750350135735 ], [ -120.364077296970891, 36.976375449360951 ], [ -120.452152441995125, 36.971402631671509 ], [ -120.486103415205605, 37.007326466365569 ], [ -120.544707397059781, 37.027508782427503 ], [ -120.55712549125758, 37.075704295314502 ], [ -120.547420591437614, 37.065347493711485 ], [ -120.428230677566205, 37.086830325548817 ], [ -120.174326976450814, 37.161499449848279 ], [ -120.073554351611477, 37.174302009764482 ], [ -120.054364015713688, 37.165614057502211 ], [ -120.015032500589527, 37.182545897465289 ], [ -119.982783480570475, 37.17569920655022 ], [ -119.89326673932662, 37.241776103246735 ], [ -119.848083987367815, 37.240265782120545 ], [ -119.833000437880656, 37.224918177419084 ], [ -119.818636296143254, 37.286830353969478 ], [ -119.789908179263335, 37.297644057093507 ], [ -119.79512899013767, 37.322510385589666 ], [ -119.765174904909472, 37.327470883989783 ], [ -119.766266342790416, 37.398832345898654 ], [ -119.74533690981859, 37.419353959288649 ], [ -119.710133584804169, 37.420110170275436 ], [ -119.689867543304715, 37.44211414258654 ] ] ] } },
{ "type": "Feature", "properties": { "Name": "Carrizo Creek", "HUC8": "18100202", "AreaAc": 364569 }, "geometry": { "type": "Polygon", "coordinates": [ [ [ -115.840030159330382, 32.956332180813924 ], [ -115.900439233343576, 32.989569658725685 ], [ -115.921210452504397, 33.02032028088162 ], [ -115.927066786878711, 33.098468973892849 ], [ -115.980993599325785, 33.043572177496308 ], [ -116.097168370501905, 33.036525600162051 ], [ -116.039797128617423, 33.002187178250232 ], [ -116.055352978441846, 32.968380595490537 ], [ -116.078779251760025, 32.981512346220065 ], [ -116.088612313753316, 32.966419183842326 ], [ -116.1456982003332, 32.971283982260189 ], [ -116.186886646168716, 32.954111238305572 ], [ -116.255640853190826, 32.992894354330609 ], [ -116.264668293418154, 33.015738781473104 ], [ -116.325027431704143, 33.038521364956523 ], [ -116.356771303691701, 33.034546262254572 ], [ -116.353963121815326, 33.013656185949799 ], [ -116.400008408151848, 32.992654779123804 ], [ -116.42802141379515, 33.009329648440904 ], [ -116.431764300602808, 33.03970151918773 ], [ -116.53056755717148, 33.047149271154979 ], [ -116.510502006908936, 33.021841074230259 ], [ -116.530207317985429, 32.980359437730357 ], [ -116.505602796234498, 32.94668869612233 ], [ -116.485434865632371, 32.925264164353649 ], [ -116.460178207305248, 32.924957441942141 ], [ -116.457507781039112, 32.893225239352105 ], [ -116.420509098030209, 32.892375242422787 ], [ -116.410862012561935, 32.861518781210982 ], [ -116.386811570227877, 32.862524074427206 ], [ -116.358156974560984, 32.832106374573286 ], [ -116.360852176395269, 32.76556504070048 ], [ -116.288617888752185, 32.603988950593717 ], [ -116.089319870322996, 32.619736622169796 ], [ -116.116463471206345, 32.632206554387388 ], [ -116.175476175264009, 32.712052900582997 ], [ -116.183041134326743, 32.763675796925078 ], [ -116.152213975799896, 32.820725716820924 ], [ -116.133829945743642, 32.831872659406706 ], [ -116.059005861360689, 32.803254386791323 ], [ -116.014604101788962, 32.802527045171956 ], [ -116.022412578829886, 32.846833000691952 ], [ -116.00972086866571, 32.866950625748828 ], [ -115.910411464183554, 32.894711868552818 ], [ -115.840030159330382, 32.956332180813924 ] ] ] } },
{ "type": "Feature", "properties": { "Name": "Ivanpah-Pahrump Valleys", "HUC8": "16060015", "AreaAc": 547720 }, "geometry": { "type": "Polygon", "coordinates": [ [ [ -115.137174363322885, 35.405972664223022 ], [ -116.245077665862112, 36.272495656832554 ], [ -116.256516651683711, 36.267018355246989 ], [ -116.247421924291842, 36.242337855279402 ], [ -116.221329560748288, 36.241169025055143 ], [ -116.225581248615313, 36.186549142980745 ], [ -116.199071765129901, 36.186279151088449 ], [ -116.198182336699105, 36.143601848354088 ], [ -116.098746273168587, 36.059875342335722 ], [ -116.069084359550658, 36.003475513173711 ], [ -115.973583643677614, 35.956967669704056 ], [ -115.97471744780924, 35.908279160837182 ], [ -115.928719720266344, 35.887600851730213 ], [ -115.888816861977034, 35.837192040176546 ], [ -115.878920868571768, 35.787258265767257 ], [ -115.900578183860702, 35.746508227767329 ], [ -115.809822461191814, 35.710879009930217 ], [ -115.774052538818495, 35.717454665056955 ], [ -115.708078704970106, 35.688374340116901 ], [ -115.673573473360165, 35.695375652430933 ], [ -115.590079871031094, 35.572915808472253 ], [ -115.557519510023539, 35.570328587456004 ], [ -115.556403134709228, 35.542234496486309 ], [ -115.577070318730918, 35.52958669378873 ], [ -115.546186772212337, 35.491640502601754 ], [ -115.547626364120603, 35.453240390058284 ], [ -115.478318630476707, 35.43447738749272 ], [ -115.483857849732942, 35.40145156630259 ], [ -115.508620781850269, 35.388945044170136 ], [ -115.523632541593017, 35.319820083209621 ], [ -115.58322541093689, 35.289232726690493 ], [ -115.563269876449866, 35.268615475297274 ], [ -115.498016541619791, 35.226959311544761 ], [ -115.46920088257589, 35.232495352489984 ], [ -115.404847110750325, 35.208634166909221 ], [ -115.371369698162539, 35.22483483066857 ], [ -115.36542507339712, 35.257867893254414 ], [ -115.312711004636313, 35.260449789179589 ], [ -115.246699996626518, 35.304103076603162 ], [ -115.226525255387301, 35.297587787402705 ], [ -115.220152583534642, 35.337219926693422 ], [ -115.167773530400765, 35.361420144901977 ], [ -115.137174363322885, 35.405972664223022 ] ] ] } },
{ "type": "Feature", "properties": { "Name": "Upper Amargosa", "HUC8": "18090202", "AreaAc": 741917 }, "geometry": { "type": "MultiPolygon", "coordinates": [ [ [ [ -116.245077665862112, 36.272495656832554 ], [ -116.910864448182735, 36.779611217703305 ], [ -116.885461167172807, 36.710622072060765 ], [ -116.825127478737528, 36.684557416310049 ], [ -116.817639025219847, 36.659450284210607 ], [ -116.783812336848953, 36.665683511610773 ], [ -116.728125153677723, 36.557270125682955 ], [ -116.657133846289938, 36.525122640843115 ], [ -116.639643171310709, 36.504971794211407 ], [ -116.648622184784017, 36.476328887850691 ], [ -116.614114793645143, 36.470008249036759 ], [ -116.612261695545584, 36.391841854638621 ], [ -116.568768954132381, 36.376585054240593 ], [ -116.596293906133411, 36.36570426083869 ], [ -116.606298514689058, 36.281684537527454 ], [ -116.625258707952739, 36.272122715726574 ], [ -116.571285538247551, 36.17621634636307 ], [ -116.627755677470716, 36.140021961070836 ], [ -116.635660097764131, 36.11692599910495 ], [ -116.603538480362957, 36.041723522334749 ], [ -116.617737392742882, 36.010954687306068 ], [ -116.563469171867226, 36.01833908156145 ], [ -116.538972696639362, 35.976221484293696 ], [ -116.486896965153178, 35.987035411931757 ], [ -116.454210915707463, 35.963846670358159 ], [ -116.447822280585356, 35.931952975264977 ], [ -116.410529667431476, 35.920725616917771 ], [ -116.415608202955212, 35.855554767743264 ], [ -116.402127299918234, 35.834278184359881 ], [ -116.384542471366657, 35.832660940745569 ], [ -116.352987148844079, 35.791548670894656 ], [ -116.289237276011619, 35.800631233234043 ], [ -116.257063435915867, 35.790933137670351 ], [ -116.226872953726669, 35.732570207859069 ], [ -116.130200634879557, 35.75883501526144 ], [ -116.013707365701492, 35.752611073862042 ], [ -115.984095455403448, 35.772479403339652 ], [ -115.902030390289156, 35.744522548653585 ], [ -115.877129290463287, 35.819363745533948 ], [ -115.91413067201195, 35.853013652168514 ], [ -115.920616575586592, 35.880460765881473 ], [ -115.97471744780924, 35.908279160837182 ], [ -115.973583643677614, 35.956967669704056 ], [ -116.069084359550658, 36.003475513173711 ], [ -116.098746273168587, 36.059875342335722 ], [ -116.198182336699105, 36.143601848354088 ], [ -116.199071765129901, 36.186279151088449 ], [ -116.225581248615313, 36.186549142980745 ], [ -116.221329560748288, 36.241169025055143 ], [ -116.255376348228651, 36.251082295843986 ], [ -116.245077665862112, 36.272495656832554 ] ] ], [ [ [ -116.92146298545687, 36.787539080724144 ], [ -117.03196758396578, 36.870532259962161 ], [ -116.994063234287154, 36.811567685567255 ], [ -116.92146298545687, 36.787539080724144 ] ] ], [ [ [ -117.042277990976046, 36.878250036843205 ], [ -117.041037535019399, 36.876743352180711 ], [ -117.039991132244367, 36.876527394427889 ], [ -117.042277990976046, 36.878250036843205 ] ] ], [ [ [ -117.033458216847833, 36.87086373561413 ], [ -117.03241454893427, 36.870865267229973 ], [ -117.033627618668334, 36.871769056223165 ], [ -117.033458216847833, 36.87086373561413 ] ] ], [ [ [ -116.915241524332117, 36.782893262093104 ], [ -116.91500156984587, 36.782566287463951 ], [ -116.913262490126641, 36.781415436725759 ], [ -116.915241524332117, 36.782893262093104 ] ] ] ] } },
{ "type": "Feature", "properties": { "Name": "Lower Pit", "HUC8": "18020003", "AreaAc": 1687817 }, "geometry": { "type": "Polygon", "coordinates": [ [ [ -121.507847428265052, 41.578146854104688 ], [ -121.505258757252435, 41.601480101098467 ], [ -121.589690144542885, 41.621656890720999 ], [ -121.684726074807429, 41.567835807540369 ], [ -121.701962503776585, 41.580449751039041 ], [ -121.746495533122882, 41.547749925694951 ], [ -121.77731470744574, 41.542953038678149 ], [ -121.79421634857998, 41.556523367202892 ], [ -121.815531531967125, 41.528939461839748 ], [ -121.848956204640885, 41.530673051575675 ], [ -121.849198801393996, 41.496413142774976 ], [ -121.823218052011057, 41.463801765634386 ], [ -121.829867815860837, 41.359902491464844 ], [ -121.783640657533013, 41.350169019836081 ], [ -121.763229046850725, 41.29772081139658 ], [ -121.782788768237268, 41.2670853263879 ], [ -121.762980529490974, 41.193752941954571 ], [ -121.779983767765813, 41.170720999900553 ], [ -121.885542196894633, 41.177885244374295 ], [ -121.973827995924324, 41.149601926851311 ], [ -121.979235302758951, 41.131669342737737 ], [ -121.947259735820353, 41.11781858435684 ], [ -121.946428133358822, 41.098940113563003 ], [ -121.969323611949264, 41.106347433036831 ], [ -122.009399833799975, 41.08124103079512 ], [ -122.021035565345969, 41.092233139108046 ], [ -122.055791711187354, 41.086313896904677 ], [ -122.075305734754409, 41.045701593214801 ], [ -122.104356981711575, 41.039528571799153 ], [ -122.152145190055975, 40.931198179373631 ], [ -122.138180207292976, 40.904729083933844 ], [ -122.167499714276545, 40.90069477100181 ], [ -122.203292728894638, 40.826271337750697 ], [ -122.240646935634061, 40.81473983434617 ], [ -122.291888995086282, 40.77095538506552 ], [ -122.340319517065083, 40.782220684540341 ], [ -122.369407749581313, 40.739677973460942 ], [ -122.339586185749951, 40.735008372722206 ], [ -122.302606290158792, 40.75099882303617 ], [ -122.261175900270771, 40.725905492195409 ], [ -122.143031436594072, 40.717487786951764 ], [ -122.07276765730164, 40.756650753720272 ], [ -122.030952872993808, 40.800560315924614 ], [ -121.9957796354321, 40.791046490991533 ], [ -121.937805635147228, 40.805665084776919 ], [ -121.861913152087396, 40.783913338323046 ], [ -121.83378994502938, 40.794225380850364 ], [ -121.793899881269269, 40.772321220520034 ], [ -121.77534554213976, 40.732336001110859 ], [ -121.753329003647764, 40.73818603576602 ], [ -121.748458995511371, 40.710498306764002 ], [ -121.640737005348655, 40.662667261212732 ], [ -121.619079196497225, 40.587143043455704 ], [ -121.518326212877369, 40.531156071934198 ], [ -121.499218082835398, 40.477916083755424 ], [ -121.458271822094005, 40.470339790264212 ], [ -121.410006917907523, 40.507199626375282 ], [ -121.394132378628356, 40.488923802399981 ], [ -121.349768854197833, 40.491605618817992 ], [ -121.360120913470269, 40.468128381531223 ], [ -121.346999454286234, 40.452432085643771 ], [ -121.306446078279436, 40.47416404608515 ], [ -121.261906487457992, 40.459512176947555 ], [ -121.236713768142039, 40.468060208781985 ], [ -121.252872237887829, 40.524509915670997 ], [ -121.206269990489844, 40.566647493660703 ], [ -121.169559820796792, 40.561343125805273 ], [ -121.152897966155294, 40.592328635812621 ], [ -121.09634600490449, 40.591612575083815 ], [ -121.052062631235231, 40.623056051007062 ], [ -121.120102182634923, 40.699435099482187 ], [ -121.104654146416564, 40.727865036306483 ], [ -121.117510154623957, 40.750380859439701 ], [ -120.973216814411401, 40.739039255049654 ], [ -120.926265077852165, 40.76275852100423 ], [ -120.906526818583345, 40.801818594020119 ], [ -120.882665318277517, 40.798447072484521 ], [ -120.898764677146289, 40.827229513961591 ], [ -120.833433841558588, 40.842235941963814 ], [ -120.845359417484048, 40.877839548696741 ], [ -120.820874661271603, 40.889897385619605 ], [ -120.841092859847748, 40.911215686094593 ], [ -120.812133454361501, 40.937027503147625 ], [ -120.821264451262365, 40.947489393004787 ], [ -120.87957885284581, 40.928981314618838 ], [ -120.922435834924144, 40.958645886282007 ], [ -120.958122882318634, 40.961258539909828 ], [ -120.981283781702061, 40.98789395711951 ], [ -121.044916702747116, 40.957467725250993 ], [ -121.059523934070825, 40.985624878036987 ], [ -121.094027062522301, 40.988712330667219 ], [ -121.089904103857293, 40.946768588741065 ], [ -121.195396774130558, 40.98538619629182 ], [ -121.211629708129408, 41.023990724471233 ], [ -121.245058947562498, 41.043367546497642 ], [ -121.218573587827805, 41.065934904994982 ], [ -121.252425318748834, 41.1321448910941 ], [ -121.28546840724492, 41.163528450269958 ], [ -121.30771301095595, 41.162165939385538 ], [ -121.342049901424403, 41.218729777501053 ], [ -121.389059494198705, 41.256769188732363 ], [ -121.387703894870597, 41.270411519512834 ], [ -121.351832080561593, 41.27750246793434 ], [ -121.361524062177708, 41.30049275921084 ], [ -121.380930251215133, 41.316516474270244 ], [ -121.40215830558671, 41.311898380535737 ], [ -121.427716989546212, 41.338515807388362 ], [ -121.466645500928607, 41.342589792551536 ], [ -121.484630035022903, 41.363629608111154 ], [ -121.451259683820112, 41.378037334023603 ], [ -121.447289582400401, 41.398587832120661 ], [ -121.53917666608659, 41.517116384143293 ], [ -121.525140353162911, 41.576555155874793 ], [ -121.507847428265052, 41.578146854104688 ] ] ] } },
{ "type": "Feature", "properties": { "Name": "East Branch North Fork Feather", "HUC8": "18020122", "AreaAc": 657688 }, "geometry": { "type": "Polygon", "coordinates": [ [ [ -120.200327572589686, 40.01200103827491 ], [ -120.211957054169815, 40.045428801928161 ], [ -120.19799363471931, 40.052660455485622 ], [ -120.22474439181893, 40.081177699688809 ], [ -120.276637177334734, 40.11516063408672 ], [ -120.287836734083456, 40.10733283450837 ], [ -120.402336847126406, 40.132282011037063 ], [ -120.408399460912932, 40.161982088506264 ], [ -120.432640843777776, 40.170790631039722 ], [ -120.44958848748422, 40.201444491780876 ], [ -120.483473155152623, 40.20695143585661 ], [ -120.496618043907219, 40.238639188182979 ], [ -120.552147757817025, 40.25477638053902 ], [ -120.597473067872386, 40.290237989794207 ], [ -120.623188323256045, 40.282399084199916 ], [ -120.66074180651654, 40.308321912607347 ], [ -120.693808305714228, 40.312470674381686 ], [ -120.709030017196042, 40.299165602574796 ], [ -120.756620615213279, 40.319686985482996 ], [ -120.835370303711272, 40.2461064820018 ], [ -120.867930172697115, 40.239373233942594 ], [ -120.896644239173582, 40.190692594344469 ], [ -121.032703300622828, 40.239339015604344 ], [ -121.072325199262366, 40.18519619566586 ], [ -121.073718167188289, 40.157141211645239 ], [ -121.04431369597016, 40.131006950158387 ], [ -121.052692404052991, 40.093817544506372 ], [ -121.076866736478863, 40.086056732595345 ], [ -121.083331832145248, 40.064765397822761 ], [ -121.096112074034806, 40.073867158952389 ], [ -121.187157075254163, 40.040145270961055 ], [ -121.230645891441057, 39.994339891624897 ], [ -121.205461148040456, 39.962568192210355 ], [ -121.167475395939761, 39.963408196324536 ], [ -121.13510414449739, 39.930440029437896 ], [ -121.117027838380139, 39.895333748227131 ], [ -121.127762763902567, 39.874445666445354 ], [ -121.061583839361134, 39.887754689467712 ], [ -121.01096957489807, 39.855914695739479 ], [ -120.881539322473273, 39.895520166143911 ], [ -120.845488807356816, 39.883242881577317 ], [ -120.832828129488348, 39.900826585169568 ], [ -120.758022754598116, 39.869097799936029 ], [ -120.753957086113431, 39.887936744280722 ], [ -120.711802220646831, 39.899059873029998 ], [ -120.690512695820019, 39.924507783245083 ], [ -120.643860710630335, 39.911065608482716 ], [ -120.636427672462432, 39.937680443794491 ], [ -120.59485458837004, 39.961833721208471 ], [ -120.482431461901939, 39.936952617742755 ], [ -120.430173526959706, 39.86644078450216 ], [ -120.404733592819341, 39.881665434123448 ], [ -120.338674708389519, 39.873076714421707 ], [ -120.320629661921402, 39.912069876959229 ], [ -120.279456201148918, 39.927318842826821 ], [ -120.301327370266165, 40.023751820263364 ], [ -120.243438789436382, 40.029868018467297 ], [ -120.200327572589686, 40.01200103827491 ] ] ] } },
{ "type": "Feature", "properties": { "Name": "Middle Fork Feather", "HUC8": "18020123", "AreaAc": 873438 }, "geometry": { "type": "Polygon", "coordinates": [ [ [ -120.173689818863082, 40.002691122922926 ], [ -120.243438789436382, 40.029868018467297 ], [ -120.301327370266165, 40.023751820263364 ], [ -120.279456201148918, 39.927318842826821 ], [ -120.320629661921402, 39.912069876959229 ], [ -120.338674708389519, 39.873076714421707 ], [ -120.404733592819341, 39.881665434123448 ], [ -120.430173526959706, 39.86644078450216 ], [ -120.482431461901939, 39.936952617742755 ], [ -120.59485458837004, 39.961833721208471 ], [ -120.636427672462432, 39.937680443794491 ], [ -120.643860710630335, 39.911065608482716 ], [ -120.690512695820019, 39.924507783245083 ], [ -120.711802220646831, 39.899059873029998 ], [ -120.753957086113431, 39.887936744280722 ], [ -120.758022754598116, 39.869097799936029 ], [ -120.832828129488348, 39.900826585169568 ], [ -120.845488807356816, 39.883242881577317 ], [ -120.880474383823696, 39.895634184086838 ], [ -120.954389510894472, 39.882902277023121 ], [ -120.983494229980906, 39.856942597955801 ], [ -121.01096957489807, 39.855914695739479 ], [ -121.062573582115448, 39.887869299898014 ], [ -121.128731255806159, 39.875537427231841 ], [ -121.141409744696574, 39.851072527187753 ], [ -121.178832818160529, 39.858868908595831 ], [ -121.197576873423031, 39.839163153270555 ], [ -121.272421328513971, 39.860025023690469 ], [ -121.319366677761437, 39.819883994779275 ], [ -121.295479377985558, 39.791278686110267 ], [ -121.307704066778157, 39.777681612781649 ], [ -121.289863405196343, 39.739386058325124 ], [ -121.349424733601936, 39.676919936877283 ], [ -121.334311068310129, 39.655545158434442 ], [ -121.34810497826706, 39.622970622005852 ], [ -121.412450036541259, 39.624135126593558 ], [ -121.421364632396106, 39.643811808202713 ], [ -121.463587508123879, 39.653262089388754 ], [ -121.444313028085929, 39.585172031928458 ], [ -121.464576919679985, 39.557209295261309 ], [ -121.500362155115639, 39.554741816017781 ], [ -121.460696050579458, 39.511363143583914 ], [ -121.427738349662533, 39.520031945931855 ], [ -121.384396176062054, 39.506121075659699 ], [ -121.358961620674862, 39.479224155335359 ], [ -121.308688943983739, 39.500413255052166 ], [ -121.298706393587679, 39.524709954660331 ], [ -121.155697888452096, 39.520312170238071 ], [ -121.147855432626258, 39.544985449135581 ], [ -121.079025822670914, 39.586922073535035 ], [ -121.046550117922038, 39.649600447284449 ], [ -121.007676661634633, 39.661515404579596 ], [ -121.008000889858621, 39.702500896808807 ], [ -120.9650900535364, 39.701960385164902 ], [ -120.922691218764058, 39.750904110863267 ], [ -120.870784838468879, 39.776962268433614 ], [ -120.83980463647363, 39.746518147807173 ], [ -120.815542555242942, 39.746927556253411 ], [ -120.79205714342659, 39.710005792247685 ], [ -120.75019429215736, 39.71957642656902 ], [ -120.716956123797132, 39.706478061540984 ], [ -120.671588033557057, 39.659848008140962 ], [ -120.633608082413559, 39.663868180698941 ], [ -120.604577273963685, 39.689441771804333 ], [ -120.497724814898973, 39.646971335394468 ], [ -120.492536212378241, 39.592689557446327 ], [ -120.471063315673561, 39.564001087228007 ], [ -120.430237745815475, 39.516637702732837 ], [ -120.39502437055684, 39.51436769596878 ], [ -120.379918666601867, 39.497211883910843 ], [ -120.295942200034858, 39.499547610853767 ], [ -120.257830479185515, 39.523733795077916 ], [ -120.230169894326494, 39.523584275066391 ], [ -120.205476345012016, 39.549738488006071 ], [ -120.19418139381834, 39.539397967114404 ], [ -120.122899308035471, 39.557371885855495 ], [ -120.101650961349208, 39.590646038977454 ], [ -120.140184596892226, 39.650725551634352 ], [ -120.14975121854313, 39.724939644923133 ], [ -120.10115139652973, 39.77722219096858 ], [ -120.102758341707926, 39.83306857570566 ], [ -120.122033387869521, 39.856201273245233 ], [ -120.103128130886702, 39.876642987115112 ], [ -120.102683494676967, 39.919256980113978 ], [ -120.130922065801315, 39.95882675372151 ], [ -120.153589758992283, 39.954767483431276 ], [ -120.173689818863082, 40.002691122922926 ] ] ] } },
{ "type": "Feature", "properties": { "Name": "Honey-Eagle Lakes", "HUC8": "18080003", "AreaAc": 1424280 }, "geometry": { "type": "Polygon", "coordinates": [ [ [ -120.855427945880621, 40.831724275595775 ], [ -120.898764677146289, 40.827229513961591 ], [ -120.883343626503319, 40.797488761973902 ], [ -120.906526818583345, 40.801818594020119 ], [ -120.926265077852165, 40.76275852100423 ], [ -120.965663761911273, 40.740640923193524 ], [ -121.117510154623957, 40.750380859439701 ], [ -121.104654146416564, 40.727865036306483 ], [ -121.120102182634923, 40.699435099482187 ], [ -121.052062631235231, 40.623056051007062 ], [ -121.09634600490449, 40.591612575083815 ], [ -121.152897966155294, 40.592328635812621 ], [ -121.169559820796792, 40.561343125805273 ], [ -121.204643418092061, 40.567811668974599 ], [ -121.252524951220849, 40.5251083201398 ], [ -121.246991886177156, 40.495924410494446 ], [ -121.222876523024269, 40.502076882845728 ], [ -121.170906661643556, 40.471486570360611 ], [ -121.137604749775704, 40.487226546594179 ], [ -121.116937757536249, 40.474704979803086 ], [ -121.051352080881841, 40.482160867424696 ], [ -121.048591456729639, 40.463123258040916 ], [ -120.98558333727685, 40.419950865229261 ], [ -120.867265359603806, 40.374223807686647 ], [ -120.871965037844419, 40.33837235532561 ], [ -120.814641613455436, 40.278434152411677 ], [ -120.788027723549632, 40.283845879407956 ], [ -120.756620615213279, 40.319686985482996 ], [ -120.709030017196042, 40.299165602574796 ], [ -120.693808305714228, 40.312470674381686 ], [ -120.66074180651654, 40.308321912607347 ], [ -120.623188323256045, 40.282399084199916 ], [ -120.597473067872386, 40.290237989794207 ], [ -120.552147757817025, 40.25477638053902 ], [ -120.496618043907219, 40.238639188182979 ], [ -120.483473155152623, 40.20695143585661 ], [ -120.44958848748422, 40.201444491780876 ], [ -120.432640843777776, 40.170790631039722 ], [ -120.408399460912932, 40.161982088506264 ], [ -120.402336847126406, 40.132282011037063 ], [ -120.287836734083456, 40.10733283450837 ], [ -120.276637177334734, 40.11516063408672 ], [ -120.22474439181893, 40.081177699688809 ], [ -120.19799363471931, 40.052660455485622 ], [ -120.211957054169815, 40.045428801928161 ], [ -120.200327572589686, 40.01200103827491 ], [ -120.173689818863082, 40.002691122922926 ], [ -120.153589758992283, 39.954767483431276 ], [ -120.130922065801315, 39.95882675372151 ], [ -120.102683494676967, 39.919256980113978 ], [ -120.103128130886702, 39.876642987115112 ], [ -120.122033387869521, 39.856201273245233 ], [ -120.102758341707926, 39.83306857570566 ], [ -120.10115139652973, 39.77722219096858 ], [ -120.149366284140115, 39.729998920950408 ], [ -120.139127428934941, 39.648229566802783 ], [ -120.102059158623689, 39.593122858407689 ], [ -120.063148853755578, 39.601599283665962 ], [ -120.00145594288756, 39.57945990331293 ], [ -119.99584150113607, 40.491539811610245 ], [ -120.041908601152244, 40.482799321295651 ], [ -120.077610364813367, 40.501858097175209 ], [ -120.072669207360818, 40.534690562159803 ], [ -120.123720475198496, 40.564891004331898 ], [ -120.106903511158094, 40.623934200000598 ], [ -120.189028498615158, 40.648925948399352 ], [ -120.213703526962405, 40.691338679890194 ], [ -120.193766905368918, 40.708213648144621 ], [ -120.228792922438728, 40.74303177612547 ], [ -120.340108456331777, 40.696763923560368 ], [ -120.352283469481364, 40.72245530358979 ], [ -120.417133853774587, 40.730402743532203 ], [ -120.438190861191018, 40.778251157119477 ], [ -120.525426862603823, 40.788419652797536 ], [ -120.561726725340549, 40.754227421909455 ], [ -120.653316337067963, 40.750217720916602 ], [ -120.667786493107045, 40.768411724710511 ], [ -120.719664658664215, 40.766252933584909 ], [ -120.755535433041857, 40.793138860459095 ], [ -120.792876210930331, 40.778409005146649 ], [ -120.813883442496206, 40.788075236759823 ], [ -120.81383995032941, 40.75682332822899 ], [ -120.832376020526382, 40.746159404222439 ], [ -120.85201786423184, 40.76179600796128 ], [ -120.855427945880621, 40.831724275595775 ] ] ] } },
{ "type": "Feature", "properties": { "Name": "Surprise Valley", "HUC8": "18080001", "AreaAc": 432062 }, "geometry": { "type": "MultiPolygon", "coordinates": [ [ [ [ -120.183521897775108, 41.974357201822407 ], [ -120.259484767599901, 41.912832114911708 ], [ -120.204157994809705, 41.802678787032129 ], [ -120.21840143328869, 41.754406608172268 ], [ -120.236587219627111, 41.757703099681272 ], [ -120.236656079581337, 41.738797033926311 ], [ -120.278870226731499, 41.717448112444963 ], [ -120.254190949737961, 41.71147275045643 ], [ -120.254751267485574, 41.691206003099857 ], [ -120.296886123641258, 41.666887714254578 ], [ -120.259301867788864, 41.57104634168131 ], [ -120.298564787181121, 41.523723608276413 ], [ -120.261630849911469, 41.49639483830147 ], [ -120.218919696097345, 41.418811224925115 ], [ -120.229847151225485, 41.393829866788181 ], [ -120.216686371899286, 41.350098382906275 ], [ -120.196271136283784, 41.341486135213692 ], [ -120.20198667321408, 41.287498923256372 ], [ -120.185206757175905, 41.250698109630648 ], [ -120.134494411671426, 41.217304180188236 ], [ -120.148543263568158, 41.153208078759285 ], [ -120.18362728158381, 41.138883110092699 ], [ -120.112697084444861, 41.11962933462636 ], [ -120.121649521170028, 41.076867425061963 ], [ -120.103588085847932, 41.066886589635921 ], [ -120.043772440432164, 41.105779437201917 ], [ -120.000022353626662, 41.09280193494768 ], [ -119.999531494096487, 41.885394352367065 ], [ -120.016730374315983, 41.901007113410373 ], [ -120.035758313610899, 41.885544949670617 ], [ -120.064709884681875, 41.90358799280196 ], [ -120.113523054814408, 41.961872995536822 ], [ -120.146982291736137, 41.948355771988062 ], [ -120.183521897775108, 41.974357201822407 ] ] ], [ [ [ -120.000034110371715, 41.086094248288866 ], [ -120.000025616991181, 41.090940195168038 ], [ -120.000022058095581, 41.082990664273417 ], [ -120.000034110371715, 41.086094248288866 ] ] ] ] } },
{ "type": "Feature", "properties": { "Name": "Goose Lake", "HUC8": "18020001", "AreaAc": 232599 }, "geometry": { "type": "Polygon", "coordinates": [ [ [ -120.187112916831609, 41.976606046389684 ], [ -120.208353262243534, 41.993998296623808 ], [ -120.701160231869409, 41.993796984774775 ], [ -120.613120086392087, 41.974379235058748 ], [ -120.565146947197448, 41.927944818423228 ], [ -120.572692351852012, 41.874992625496141 ], [ -120.588066368857284, 41.868110612917555 ], [ -120.578349832758875, 41.821503228958541 ], [ -120.547102031768404, 41.799982627047399 ], [ -120.56047571017514, 41.726349308353122 ], [ -120.478784414768725, 41.692757524652329 ], [ -120.458486837118613, 41.710885314303987 ], [ -120.42333278821711, 41.696988988436729 ], [ -120.335860240469415, 41.697825364737362 ], [ -120.294527713848126, 41.670790299403301 ], [ -120.254751267485574, 41.691206003099857 ], [ -120.254190949737961, 41.71147275045643 ], [ -120.278870226731499, 41.717448112444963 ], [ -120.236656079581337, 41.738797033926311 ], [ -120.236587219627111, 41.757703099681272 ], [ -120.21840143328869, 41.754406608172268 ], [ -120.204157994809705, 41.802678787032129 ], [ -120.215779134438691, 41.850011635160122 ], [ -120.257156688189525, 41.904264211262237 ], [ -120.25456573770245, 41.929285229647761 ], [ -120.225830698459575, 41.935354861461008 ], [ -120.230268418543233, 41.948833042095316 ], [ -120.187112916831609, 41.976606046389684 ] ] ] } },
{ "type": "Feature", "properties": { "Name": "San Felipe Creek", "HUC8": "18100203", "AreaAc": 675735 }, "geometry": { "type": "Polygon", "coordinates": [ [ [ -116.239417730376275, 33.433531755572908 ], [ -116.481135880606757, 33.549847623786157 ], [ -116.518130017364953, 33.536684506933618 ], [ -116.55095002421524, 33.551572202440767 ], [ -116.59815725566483, 33.533924940678695 ], [ -116.616064210230618, 33.542801693623822 ], [ -116.675888099211335, 33.49921685525274 ], [ -116.633418355388443, 33.415520506987008 ], [ -116.546577653112095, 33.356078893900794 ], [ -116.560217337005227, 33.31341561228809 ], [ -116.525973642289216, 33.278668792735871 ], [ -116.542863321449019, 33.253090111064452 ], [ -116.498551645392638, 33.253978049243649 ], [ -116.489300809432294, 33.236916711473434 ], [ -116.504118805403976, 33.19828789508302 ], [ -116.554764986881167, 33.185030006082513 ], [ -116.586360268183952, 33.203358991210543 ], [ -116.625797432939265, 33.206763079965697 ], [ -116.630919833833289, 33.196299870233908 ], [ -116.61303244391037, 33.149258514665448 ], [ -116.584278818108203, 33.13866152624329 ], [ -116.581370555961314, 33.104469164999934 ], [ -116.603971571783688, 33.107700352774124 ], [ -116.602688308482115, 33.086508354183977 ], [ -116.554177038943678, 33.040873019321303 ], [ -116.542738088381597, 33.001164452031794 ], [ -116.510585617769806, 33.021517158170973 ], [ -116.53056755717148, 33.047149271154979 ], [ -116.502269721654741, 33.052956297403078 ], [ -116.4628631130185, 33.047705562988057 ], [ -116.453831389071397, 33.033739821544259 ], [ -116.431495237777625, 33.039553137341365 ], [ -116.42802141379515, 33.009329648440904 ], [ -116.400008408151848, 32.992654779123804 ], [ -116.353963121815326, 33.013656185949799 ], [ -116.356771303691701, 33.034546262254572 ], [ -116.326166346854976, 33.038809231623915 ], [ -116.264668293418154, 33.015738781473104 ], [ -116.255640853190826, 32.992894354330609 ], [ -116.187776321352416, 32.954220093112717 ], [ -116.1456982003332, 32.971283982260189 ], [ -116.088612313753316, 32.966419183842326 ], [ -116.078779251760025, 32.981512346220065 ], [ -116.055352978441846, 32.968380595490537 ], [ -116.039797128617423, 33.002187178250232 ], [ -116.097168370501905, 33.036525600162051 ], [ -115.980993599325785, 33.043572177496308 ], [ -115.927066786878711, 33.098468973892849 ], [ -115.934690332935261, 33.059095326582785 ], [ -115.900677840629939, 32.989816152124568 ], [ -115.851717315747393, 32.960375324886911 ], [ -115.813894123080345, 32.957263371797772 ], [ -115.79684198006872, 32.979002783411133 ], [ -115.804206136565369, 33.003051803250727 ], [ -115.844213909795315, 33.032411790877568 ], [ -115.820396791734751, 33.053733344490382 ], [ -115.835827124187034, 33.05853447035237 ], [ -115.841990025307211, 33.092906660891707 ], [ -115.837009993526806, 33.141927737946901 ], [ -115.815872636831685, 33.171478746560723 ], [ -115.864074192797332, 33.159288960108199 ], [ -115.90772805949338, 33.179183329991972 ], [ -115.992003585865334, 33.169254119192061 ], [ -116.01220364220876, 33.19164831270696 ], [ -116.077624686895518, 33.205285924518698 ], [ -116.150921000036746, 33.257036334004056 ], [ -116.14064180722167, 33.301542242070767 ], [ -116.170582161699087, 33.361311556924129 ], [ -116.210179064953707, 33.375400402241887 ], [ -116.239417730376275, 33.433531755572908 ] ] ] } },
{ "type": "Feature", "properties": { "Name": "Cottonwood-Tijuana", "HUC8": "18070305", "AreaAc": 298895 }, "geometry": { "type": "Polygon", "coordinates": [ [ [ -116.461704148527573, 32.926128736125293 ], [ -116.538438421802354, 32.915603566592004 ], [ -116.551786208731272, 32.841080295753692 ], [ -116.576638912344649, 32.84343463084867 ], [ -116.583500808340489, 32.820265988274016 ], [ -116.59737825295899, 32.834186394649223 ], [ -116.608050604876595, 32.821692299364948 ], [ -116.631223304851616, 32.829495058211336 ], [ -116.672741865647751, 32.748581615508044 ], [ -116.741858241348993, 32.726389368334608 ], [ -116.744533015590449, 32.704643221605608 ], [ -116.712220600088784, 32.680952504727905 ], [ -116.719154630727388, 32.644864125434552 ], [ -116.746704376841848, 32.640424594146118 ], [ -116.756792299204704, 32.620351600834681 ], [ -116.808202550451171, 32.597781337107904 ], [ -116.841316209292756, 32.60082039411396 ], [ -116.865449837798238, 32.571577925804732 ], [ -116.904721455623786, 32.580347324775957 ], [ -116.926438043349833, 32.56477211977564 ], [ -116.95393387668588, 32.583336665544792 ], [ -117.016039517245048, 32.566808007062782 ], [ -117.039625879948503, 32.583943274710968 ], [ -117.091436791232312, 32.566639978419126 ], [ -117.131957413155035, 32.579451833995797 ], [ -117.123882343040918, 32.536475065995049 ], [ -116.288617888752185, 32.603988950593717 ], [ -116.360852176395269, 32.76556504070048 ], [ -116.358298174460174, 32.832354823103472 ], [ -116.386811570227877, 32.862524074427206 ], [ -116.410862012561935, 32.861518781210982 ], [ -116.420509098030209, 32.892375242422787 ], [ -116.457507781039112, 32.893225239352105 ], [ -116.461704148527573, 32.926128736125293 ] ] ] } },
{ "type": "Feature", "properties": { "Name": "West Walker", "HUC8": "16050302", "AreaAc": 261697 }, "geometry": { "type": "Polygon", "coordinates": [ [ [ -119.270878668529306, 38.494284727147232 ], [ -119.585757262673724, 38.713574823167363 ], [ -119.591697091193453, 38.681728486190089 ], [ -119.614275734861437, 38.666025835405108 ], [ -119.619506512557876, 38.604415418228427 ], [ -119.595540094161535, 38.590078279176879 ], [ -119.542399858245972, 38.480853572825716 ], [ -119.570293546407626, 38.434743370996557 ], [ -119.563290293841135, 38.408810468258721 ], [ -119.622002174531175, 38.393939218320995 ], [ -119.606754408135856, 38.367039898341247 ], [ -119.635654863588485, 38.353900748639575 ], [ -119.651497538328599, 38.286436306548232 ], [ -119.605352461081992, 38.238798371432907 ], [ -119.625094297077482, 38.229060786958605 ], [ -119.629102794318598, 38.196020261819655 ], [ -119.586561975458679, 38.185093698031011 ], [ -119.577329096235232, 38.157810314866211 ], [ -119.50658072989026, 38.137445464512169 ], [ -119.514860505268899, 38.184393964131445 ], [ -119.459026743216583, 38.198305167664785 ], [ -119.394238485524696, 38.262932299771556 ], [ -119.392549860651997, 38.278397876906652 ], [ -119.42673970192196, 38.301508965630163 ], [ -119.362884235897624, 38.33810629534787 ], [ -119.374418834916355, 38.379709297724652 ], [ -119.359978036518328, 38.412158886277624 ], [ -119.303585672319372, 38.419963087393697 ], [ -119.315982565688728, 38.445899280375826 ], [ -119.301177116942412, 38.482543652710255 ], [ -119.270878668529306, 38.494284727147232 ] ] ] } },
{ "type": "Feature", "properties": { "Name": "Mojave", "HUC8": "18090208", "AreaAc": 2955740 }, "geometry": { "type": "Polygon", "coordinates": [ [ [ -115.58322541093689, 35.289232726690493 ], [ -115.656062395822502, 35.31563900059141 ], [ -115.68924377746221, 35.308283430115381 ], [ -115.7210243833661, 35.32578378308397 ], [ -115.78181737384773, 35.324972129458921 ], [ -115.796946463573462, 35.344477353991095 ], [ -115.775260007562736, 35.377048647025319 ], [ -115.815364003799957, 35.42003452475582 ], [ -115.807345088583617, 35.430622474247016 ], [ -115.832583865923979, 35.432292831396296 ], [ -115.844544600931144, 35.458041420266973 ], [ -115.890478377467673, 35.467426750600616 ], [ -115.925963686552862, 35.457787506954652 ], [ -115.925637689919938, 35.423628024961126 ], [ -115.988880609684742, 35.396297617367424 ], [ -115.995905143593603, 35.41706077282403 ], [ -116.057963650398008, 35.426969038214835 ], [ -116.085624028813129, 35.396860906377995 ], [ -116.160945951998642, 35.390016537710409 ], [ -116.150444579124027, 35.310165278662772 ], [ -116.179886274961987, 35.272739722128762 ], [ -116.197122945071541, 35.281630856020854 ], [ -116.221052078721385, 35.270212781771455 ], [ -116.243514102673927, 35.204209130285854 ], [ -116.273234046691599, 35.183213710974535 ], [ -116.349758137835678, 35.226038576323752 ], [ -116.38291460884588, 35.296191180578134 ], [ -116.443795335345627, 35.326540365786272 ], [ -116.526575510788575, 35.3171614460651 ], [ -116.527162493929083, 35.297717743259518 ], [ -116.545778661664016, 35.300443447261152 ], [ -116.627188369805538, 35.250792321577741 ], [ -116.689103433727922, 35.291650109379276 ], [ -116.778588228728012, 35.25196796833287 ], [ -116.787620070085808, 35.229053842915846 ], [ -116.758801022011482, 35.22838729586983 ], [ -116.731430241494039, 35.207578531671558 ], [ -116.698814917087716, 35.158186379037566 ], [ -116.621432504341527, 35.119409303412716 ], [ -116.591693090607365, 35.126624314091629 ], [ -116.573795818607749, 35.11425714275591 ], [ -116.613907677170175, 35.023449622449334 ], [ -116.683959547769547, 34.945160986625211 ], [ -116.718934924377095, 34.929881281803986 ], [ -116.763355969884913, 34.951744046994534 ], [ -116.824502567733077, 34.946114126619136 ], [ -116.843165870347121, 34.965169120556169 ], [ -116.833668099716789, 35.005173107049046 ], [ -116.871793720955566, 34.999207598786924 ], [ -116.918615250255755, 35.045769322975509 ], [ -116.978656513833783, 35.062742450180124 ], [ -117.029725998338279, 35.054210030210527 ], [ -117.030954665265412, 35.017589014476584 ], [ -117.053326143358049, 34.998865202475336 ], [ -117.039190088356449, 34.972796585519518 ], [ -117.076187836508055, 34.948690503164464 ], [ -117.074024543452552, 34.933063237750915 ], [ -117.11599304724912, 34.933783263132241 ], [ -117.176116335480486, 34.871725789304016 ], [ -117.233683867006988, 34.861943205979387 ], [ -117.266915738356658, 34.825933837130989 ], [ -117.34098650250786, 34.819151326767305 ], [ -117.372704608785142, 34.846624622704717 ], [ -117.448647232076951, 34.861028181462572 ], [ -117.472016272492752, 34.893443619991373 ], [ -117.531938988047571, 34.919547948053648 ], [ -117.576759918940596, 34.922528709951976 ], [ -117.639462732439654, 34.896169547143096 ], [ -117.642368232965694, 34.855697942420761 ], [ -117.610187591783685, 34.827750554486933 ], [ -117.619497971583996, 34.777794641367016 ], [ -117.593049356394729, 34.727772806445351 ], [ -117.62719291190561, 34.732213940469919 ], [ -117.67820655870203, 34.770287440156402 ], [ -117.712309177078396, 34.754328869538561 ], [ -117.701419197869356, 34.71909783610225 ], [ -117.670393879470481, 34.705997878088603 ], [ -117.667202566791374, 34.649218569361253 ], [ -117.693303138272952, 34.62992576056913 ], [ -117.658406274339086, 34.612779534796744 ], [ -117.61373394169496, 34.45740032360041 ], [ -117.617200465141323, 34.389734725237979 ], [ -117.629229311405354, 34.367752115770884 ], [ -117.683847188622693, 34.382938089769937 ], [ -117.698887360170289, 34.368827840435685 ], [ -117.629081791700528, 34.332095958576701 ], [ -117.586610722596191, 34.343366657370566 ], [ -117.576605870885558, 34.384432528349926 ], [ -117.544706423902468, 34.381832116820235 ], [ -117.461148316105877, 34.34670245547867 ], [ -117.431396351981292, 34.348705464349209 ], [ -117.438891569919818, 34.311846035236371 ], [ -117.406495805297951, 34.291419637825229 ], [ -117.401058938835433, 34.262426441774821 ], [ -117.349131815419952, 34.245020797514393 ], [ -117.329690255604746, 34.257244852010139 ], [ -117.324194199267907, 34.238027131219354 ], [ -117.266223446765807, 34.226435609476667 ], [ -117.140094500652268, 34.23467503711688 ], [ -117.084868843036404, 34.193337944091908 ], [ -117.052939255652319, 34.196188758447484 ], [ -117.020589113218605, 34.225641286383464 ], [ -117.027346135098071, 34.253314130003368 ], [ -116.991592209128726, 34.259911176218054 ], [ -116.969515476910473, 34.293398035758088 ], [ -116.900305434303689, 34.281985913229846 ], [ -116.888782949052626, 34.319695183198753 ], [ -117.007343916874504, 34.338531624514005 ], [ -117.029878539354115, 34.363551367951324 ], [ -117.124025268014663, 34.347259229007285 ], [ -117.181359490865049, 34.366724875550972 ], [ -117.193136530345271, 34.385395127327463 ], [ -117.082206633289246, 34.46098106937621 ], [ -117.082911388727197, 34.511762205456812 ], [ -117.050006922583108, 34.503936057818294 ], [ -117.031418447725159, 34.522215635920624 ], [ -117.034436606598547, 34.567942114644936 ], [ -117.059690798295506, 34.581802615409153 ], [ -117.044604145484939, 34.609159693865124 ], [ -117.074877069572409, 34.624030253610577 ], [ -117.089762221216859, 34.670991263502692 ], [ -117.070720129279209, 34.690588875580978 ], [ -116.952953708235427, 34.652509491814897 ], [ -116.919625407738863, 34.666168295135414 ], [ -116.848858429282672, 34.660444266690526 ], [ -116.819062630309162, 34.683382434920169 ], [ -116.723078178073308, 34.66928285170583 ], [ -116.70928952070426, 34.698008834226464 ], [ -116.677236994065069, 34.689717790059845 ], [ -116.633605955083553, 34.642170590105714 ], [ -116.613321937626878, 34.680680968676604 ], [ -116.47361709060857, 34.651365972379445 ], [ -116.440984437429904, 34.666031183715319 ], [ -116.413734024178595, 34.646617247354087 ], [ -116.391376759984283, 34.668046415567467 ], [ -116.398472248304074, 34.697179910344438 ], [ -116.371544621509457, 34.750339141895914 ], [ -116.302536186126048, 34.792338043452354 ], [ -116.286773732883105, 34.785716756270382 ], [ -116.313240790457741, 34.76111612824225 ], [ -116.302906348419896, 34.702764350361299 ], [ -116.255931802924707, 34.696645077414246 ], [ -116.204411288860385, 34.648105630526906 ], [ -116.147739366700947, 34.687720171143305 ], [ -116.087244553832633, 34.678267536241087 ], [ -116.047320981764756, 34.709386009560191 ], [ -116.062194165618436, 34.749516468242035 ], [ -116.016491988547841, 34.798191527830248 ], [ -115.8070724553166, 34.707043704877321 ], [ -115.794969473218217, 34.758779492171477 ], [ -115.757712494342357, 34.752333099206545 ], [ -115.728551152049803, 34.768305761112465 ], [ -115.71906741759301, 34.794254452316068 ], [ -115.673607620375805, 34.790789551990123 ], [ -115.587896756259525, 34.825650821588169 ], [ -115.588030131038892, 34.845292905024941 ], [ -115.5420406769164, 34.891831343452047 ], [ -115.537689152984186, 34.97841817228452 ], [ -115.4394918713229, 35.089821159372946 ], [ -115.450413933287862, 35.116694643921562 ], [ -115.420794408707664, 35.161901536923537 ], [ -115.381007849746766, 35.17839320012213 ], [ -115.40004354590566, 35.210431049730516 ], [ -115.46920088257589, 35.232495352489984 ], [ -115.498016541619791, 35.226959311544761 ], [ -115.58322541093689, 35.289232726690493 ] ] ] } },
{ "type": "Feature", "properties": { "Name": "Lake Tahoe", "HUC8": "16050101", "AreaAc": 237143 }, "geometry": { "type": "Polygon", "coordinates": [ [ [ -120.005504726128208, 39.280484396117721 ], [ -120.033054065348267, 39.291408670258051 ], [ -120.053203800488646, 39.267744510650843 ], [ -120.140089226915052, 39.241487931118961 ], [ -120.144144035018925, 39.220230476587481 ], [ -120.177173174492964, 39.216701954887299 ], [ -120.182542496066588, 39.190764477383951 ], [ -120.143761231642614, 39.159497363187775 ], [ -120.17819142722368, 39.143975691078403 ], [ -120.182265609471173, 39.158134510368797 ], [ -120.214711373077066, 39.16205764143993 ], [ -120.246388853276201, 39.147637856784662 ], [ -120.233549592789842, 39.112481679609793 ], [ -120.252463486885418, 39.084104412081921 ], [ -120.224448983790069, 39.063588218193622 ], [ -120.197845115524984, 39.066765458762518 ], [ -120.189252197841512, 39.029202363385515 ], [ -120.203989191421144, 39.011689793270769 ], [ -120.184095537889974, 38.982813812334527 ], [ -120.141169042128425, 38.965665307530919 ], [ -120.164627869575355, 38.922688717660243 ], [ -120.147532629462859, 38.877256490459636 ], [ -120.098170192646606, 38.829166067353967 ], [ -120.029474877148715, 38.822471796574668 ], [ -120.028559504563447, 38.806477554085923 ], [ -120.053794148426107, 38.795289719621735 ], [ -120.051719873836859, 38.740091042704506 ], [ -120.005883595441006, 38.704108678683795 ], [ -119.985920984239712, 38.715638649954819 ], [ -119.981787876891019, 38.761560377165203 ], [ -119.948042649631404, 38.781579472816766 ], [ -119.905732962634332, 38.855744706581554 ], [ -119.877041456943957, 38.870892570502413 ], [ -119.887436546417774, 38.918191471740521 ], [ -120.001027946261885, 38.999600222450532 ], [ -120.005504726128208, 39.280484396117721 ] ] ] } },
{ "type": "Feature", "properties": { "Name": "Mad-Redwood", "HUC8": "18010102", "AreaAc": 737199 }, "geometry": { "type": "MultiPolygon", "coordinates": [ [ [ [ -124.061618676732806, 41.471768893949701 ], [ -124.081037937650208, 41.542186791462029 ], [ -124.065692276791523, 41.452921675240958 ], [ -124.078366042531513, 41.346378853091743 ], [ -124.122744440651672, 41.188599002024006 ], [ -124.14279599714979, 41.144052109528076 ], [ -124.165022340981565, 41.13868844173988 ], [ -124.153304956948247, 41.053775540472877 ], [ -124.134961711183493, 41.055114383566803 ], [ -124.112759338765741, 41.030680283227987 ], [ -124.118122741466621, 40.988520088539133 ], [ -124.1679902013272, 40.858665659593541 ], [ -124.311681290170924, 40.645564093253817 ], [ -124.269533103612844, 40.697261795373166 ], [ -124.193770222439483, 40.63037208248943 ], [ -124.09695038725512, 40.626261337043793 ], [ -124.066635787558511, 40.604264339077289 ], [ -124.021480154787824, 40.622847011325611 ], [ -124.020603781852969, 40.649686236463786 ], [ -123.97478997986498, 40.672485451520615 ], [ -123.985539115766713, 40.722668775294323 ], [ -123.895052170704929, 40.713641251011914 ], [ -123.87602082096835, 40.677120624528861 ], [ -123.88685277599285, 40.651477848568348 ], [ -123.843482441280983, 40.649523000289051 ], [ -123.796101438562573, 40.619856360886082 ], [ -123.750655304065916, 40.620584506284516 ], [ -123.731113798486788, 40.602018671222318 ], [ -123.738170070316855, 40.579265419296675 ], [ -123.699981495250526, 40.566283740276752 ], [ -123.655458567222155, 40.512065043156078 ], [ -123.556514215244476, 40.48864032400229 ], [ -123.525536432720244, 40.465725925730389 ], [ -123.466243892913582, 40.357663475993583 ], [ -123.410769083925643, 40.294869485240334 ], [ -123.378856611437328, 40.28337285172487 ], [ -123.330395428228258, 40.19540097268419 ], [ -123.287485017738021, 40.156341797303774 ], [ -123.262421206758006, 40.153116799714184 ], [ -123.27004152661867, 40.125525862924079 ], [ -123.232038167205076, 40.120807735389896 ], [ -123.185495052774741, 40.088645488521571 ], [ -123.155491727516036, 40.093317393823078 ], [ -123.126455325540846, 40.136199463987133 ], [ -123.14747539397365, 40.205124958551629 ], [ -123.221910207801329, 40.230195031098219 ], [ -123.319587783192318, 40.320114188433813 ], [ -123.435062230030383, 40.394460455002601 ], [ -123.513118621949346, 40.54769093069018 ], [ -123.604359139766174, 40.673589675226907 ], [ -123.637583319822696, 40.674765694338824 ], [ -123.63325190897082, 40.62524844566633 ], [ -123.7001855731707, 40.684073931834568 ], [ -123.697593125759255, 40.76241246082774 ], [ -123.67769497029758, 40.766485680311206 ], [ -123.678201180245807, 40.78122639788775 ], [ -123.735473250451179, 40.872384165714763 ], [ -123.770946384160325, 40.884384029782929 ], [ -123.779393486201315, 40.914262366596262 ], [ -123.753221703013679, 40.940338993051846 ], [ -123.761829157215502, 40.984182419907384 ], [ -123.792891062092508, 40.992780852075875 ], [ -123.785045483363106, 41.034681456806332 ], [ -123.810786744406386, 41.077421934638515 ], [ -123.835144441607, 41.079571448158241 ], [ -123.859489404961494, 41.138715783439672 ], [ -123.91688441482404, 41.166273895493021 ], [ -123.979626334684852, 41.234309629880798 ], [ -123.987976805047154, 41.26660248550909 ], [ -123.946857114051554, 41.329204817068508 ], [ -124.061618676732806, 41.471768893949701 ] ] ], [ [ [ -124.081584128040987, 41.545736583032721 ], [ -124.082448642962945, 41.546450948677666 ], [ -124.081589436709663, 41.545544873640061 ], [ -124.081584128040987, 41.545736583032721 ] ] ] ] } },
{ "type": "Feature", "properties": { "Name": "Upper Eel", "HUC8": "18010103", "AreaAc": 453810 }, "geometry": { "type": "Polygon", "coordinates": [ [ [ -123.353252396316606, 39.713580031611109 ], [ -123.394217272291598, 39.69275430204474 ], [ -123.386524357731702, 39.65118818055906 ], [ -123.452230807865917, 39.655377072846065 ], [ -123.497256034310595, 39.633709196154825 ], [ -123.495361169534434, 39.606021027223264 ], [ -123.521293736870774, 39.605550177842545 ], [ -123.504554477316447, 39.514816196304906 ], [ -123.451914518232414, 39.503117038794969 ], [ -123.406590954800308, 39.434974124471289 ], [ -123.415859723822734, 39.403672807524543 ], [ -123.442480780948557, 39.391155726376397 ], [ -123.431138922574817, 39.376959607582876 ], [ -123.443581140877598, 39.361569760892351 ], [ -123.360707505742369, 39.359610512442352 ], [ -123.274091748084714, 39.325575959071124 ], [ -123.248302559425213, 39.385540517602948 ], [ -123.214785037169676, 39.367954596516384 ], [ -123.201851162526282, 39.379665190589506 ], [ -123.171700670765858, 39.373735780638825 ], [ -123.163909850597904, 39.399127418069668 ], [ -123.088034304128925, 39.368225507618206 ], [ -123.076677768506144, 39.344962154355954 ], [ -123.024487706056178, 39.319662208468671 ], [ -122.977858681135089, 39.305773050866847 ], [ -122.943209639384648, 39.312541672006198 ], [ -122.847166181481441, 39.240621974615983 ], [ -122.809747100453322, 39.260116825872629 ], [ -122.723525360692662, 39.245652829170929 ], [ -122.713042812800964, 39.259419596280026 ], [ -122.775028529874533, 39.311828911420207 ], [ -122.742920574309721, 39.367465733802696 ], [ -122.80155555254602, 39.390829131117165 ], [ -122.81099070083657, 39.408002572871276 ], [ -122.78409248444882, 39.442606618487517 ], [ -122.776186729439019, 39.429906367937434 ], [ -122.742255337049286, 39.43128640201229 ], [ -122.743993421988321, 39.472171321788295 ], [ -122.718587622048773, 39.515556508497944 ], [ -122.671011665864341, 39.530406846614227 ], [ -122.670561584993067, 39.545374815886262 ], [ -122.707485672235293, 39.562171344135933 ], [ -122.697977834290143, 39.584460409479988 ], [ -122.721925783813361, 39.590489038529171 ], [ -122.727741297189752, 39.615271131457014 ], [ -122.769926863679331, 39.620383728413877 ], [ -122.791662391453713, 39.578491494061325 ], [ -122.833113874580818, 39.564052704220252 ], [ -122.972341571868853, 39.618614099796737 ], [ -122.937650196809784, 39.575407052091109 ], [ -122.959642740254097, 39.548345708687364 ], [ -122.947901438736608, 39.526254854763508 ], [ -123.017107959834405, 39.521785261474719 ], [ -123.065704475094122, 39.495414819261015 ], [ -123.136345648520674, 39.548976130980563 ], [ -123.191585174220478, 39.575752815613392 ], [ -123.223862545038429, 39.575586915963342 ], [ -123.299879812911726, 39.672201875738786 ], [ -123.339731737183314, 39.684114146614867 ], [ -123.353252396316606, 39.713580031611109 ] ] ] } },
{ "type": "Feature", "properties": { "Name": "Middle Fork Eel", "HUC8": "18010104", "AreaAc": 482181 }, "geometry": { "type": "Polygon", "coordinates": [ [ [ -122.968588569622327, 40.138959450733516 ], [ -123.057679447276755, 40.131935885166826 ], [ -123.079700941451549, 40.149173729849615 ], [ -123.123063052322436, 40.140590711144881 ], [ -123.149362252969482, 40.097262137670654 ], [ -123.185495052774741, 40.088645488521571 ], [ -123.170940894857381, 40.044102774215524 ], [ -123.140766870448232, 40.01862185253983 ], [ -123.161430698615817, 39.979422582653633 ], [ -123.123789300630889, 39.95847155065087 ], [ -123.11644548587023, 39.93743690348343 ], [ -123.194246460093993, 39.892784965210296 ], [ -123.270035088857085, 39.876772911028816 ], [ -123.288500196765639, 39.910274453214143 ], [ -123.313423497336984, 39.91787119771638 ], [ -123.313716592184832, 39.894380003026164 ], [ -123.358494972835373, 39.87394856921577 ], [ -123.32665272024758, 39.782840668790058 ], [ -123.353252396316606, 39.713580031611109 ], [ -123.339731737183314, 39.684114146614867 ], [ -123.299879812911726, 39.672201875738786 ], [ -123.223862545038429, 39.575586915963342 ], [ -123.191585174220478, 39.575752815613392 ], [ -123.136345648520674, 39.548976130980563 ], [ -123.065704475094122, 39.495414819261015 ], [ -123.017107959834405, 39.521785261474719 ], [ -122.947901438736608, 39.526254854763508 ], [ -122.959642740254097, 39.548345708687364 ], [ -122.937650196809784, 39.575407052091109 ], [ -122.972341571868853, 39.618614099796737 ], [ -122.832404000916725, 39.564076441884509 ], [ -122.791662391453713, 39.578491494061325 ], [ -122.787315795066476, 39.608079151489534 ], [ -122.757648346871946, 39.62678589471372 ], [ -122.811771740393766, 39.662200087227056 ], [ -122.779293744072476, 39.687898689593524 ], [ -122.810294841265943, 39.703049771781622 ], [ -122.807217147225543, 39.726608919535657 ], [ -122.894839372459501, 39.75249039921399 ], [ -122.943625712529453, 39.801684879652598 ], [ -122.960289646746745, 39.845142652576484 ], [ -122.951346101084866, 39.906001119755281 ], [ -122.910096151959053, 39.935861849428512 ], [ -122.952123444774116, 39.998314366262655 ], [ -122.949111657971017, 40.050114876807157 ], [ -122.973398940022079, 40.07744855901624 ], [ -122.968588569622327, 40.138959450733516 ] ] ] } },
{ "type": "Feature", "properties": { "Name": "Lower Eel", "HUC8": "18010105", "AreaAc": 979253 }, "geometry": { "type": "Polygon", "coordinates": [ [ [ -123.185495052774741, 40.088645488521571 ], [ -123.232038167205076, 40.120807735389896 ], [ -123.271284362165972, 40.126781696901176 ], [ -123.262421206758006, 40.153116799714184 ], [ -123.287485017738021, 40.156341797303774 ], [ -123.330395428228258, 40.19540097268419 ], [ -123.378856611437328, 40.28337285172487 ], [ -123.410769083925643, 40.294869485240334 ], [ -123.466243892913582, 40.357663475993583 ], [ -123.525536432720244, 40.465725925730389 ], [ -123.556514215244476, 40.48864032400229 ], [ -123.655458567222155, 40.512065043156078 ], [ -123.699981495250526, 40.566283740276752 ], [ -123.738170070316855, 40.579265419296675 ], [ -123.731113798486788, 40.602018671222318 ], [ -123.750655304065916, 40.620584506284516 ], [ -123.796101438562573, 40.619856360886082 ], [ -123.843482441280983, 40.649523000289051 ], [ -123.88685277599285, 40.651477848568348 ], [ -123.87602082096835, 40.677120624528861 ], [ -123.895052170704929, 40.713641251011914 ], [ -123.985539115766713, 40.722668775294323 ], [ -123.97478997986498, 40.672485451520615 ], [ -124.020603781852969, 40.649686236463786 ], [ -124.021480154787824, 40.622847011325611 ], [ -124.066635787558511, 40.604264339077289 ], [ -124.09695038725512, 40.626261337043793 ], [ -124.193770222439483, 40.63037208248943 ], [ -124.242327893383148, 40.682274681137379 ], [ -124.276847422776783, 40.695393460268257 ], [ -124.347921380261397, 40.560593579943536 ], [ -124.26742683370712, 40.532792754375912 ], [ -124.283213771560639, 40.501162586423007 ], [ -124.240744819678781, 40.494475909822896 ], [ -124.203281743220288, 40.456745609441498 ], [ -124.143371820581464, 40.447745482140625 ], [ -124.120393166066449, 40.417317523135573 ], [ -124.075581130149672, 40.417508518644468 ], [ -124.022653548155759, 40.375279130446863 ], [ -123.950088190802916, 40.376336761825904 ], [ -123.919429516971491, 40.355650822576315 ], [ -123.928377002636594, 40.342000456714374 ], [ -123.90817460414199, 40.323353932707242 ], [ -123.829427175614555, 40.304845921790886 ], [ -123.770346111232826, 40.269642486198101 ], [ -123.760833754402455, 40.2221844085553 ], [ -123.70696185538408, 40.19915174770469 ], [ -123.713412165703744, 40.162760904652913 ], [ -123.686807777855932, 40.100165012373132 ], [ -123.638650253776689, 40.057698529918461 ], [ -123.615114389690348, 39.998380696104469 ], [ -123.625157609340235, 39.976663046583866 ], [ -123.571339997336295, 39.936299914383348 ], [ -123.568240452063719, 39.917428823661716 ], [ -123.595556225526011, 39.917397283093514 ], [ -123.596866109360093, 39.894270641153959 ], [ -123.559421478541196, 39.852804600529431 ], [ -123.526045672890021, 39.858933568878086 ], [ -123.498814232907463, 39.836090493615551 ], [ -123.483916783792324, 39.730301300479042 ], [ -123.421288526910516, 39.650300500956575 ], [ -123.384998241431475, 39.652366715330167 ], [ -123.394217272291598, 39.69275430204474 ], [ -123.345832875565449, 39.717452362139682 ], [ -123.32665272024758, 39.782840668790058 ], [ -123.358494972835373, 39.87394856921577 ], [ -123.313716592184832, 39.894380003026164 ], [ -123.317551330855679, 39.914844945199114 ], [ -123.288500196765639, 39.910274453214143 ], [ -123.270035088857085, 39.876772911028816 ], [ -123.194246460093993, 39.892784965210296 ], [ -123.11644548587023, 39.93743690348343 ], [ -123.123789300630889, 39.95847155065087 ], [ -123.161430698615817, 39.979422582653633 ], [ -123.140766870448232, 40.01862185253983 ], [ -123.170940894857381, 40.044102774215524 ], [ -123.185495052774741, 40.088645488521571 ] ] ] } },
{ "type": "Feature", "properties": { "Name": "South Fork Eel", "HUC8": "18010106", "AreaAc": 441103 }, "geometry": { "type": "Polygon", "coordinates": [ [ [ -123.426330983789754, 39.654733002030035 ], [ -123.483916783792324, 39.730301300479042 ], [ -123.498814232907463, 39.836090493615551 ], [ -123.526045672890021, 39.858933568878086 ], [ -123.559421478541196, 39.852804600529431 ], [ -123.596866109360093, 39.894270641153959 ], [ -123.595556225526011, 39.917397283093514 ], [ -123.568240452063719, 39.917428823661716 ], [ -123.571339997336295, 39.936299914383348 ], [ -123.625312795516351, 39.976955555583949 ], [ -123.615114389690348, 39.998380696104469 ], [ -123.638650253776689, 40.057698529918461 ], [ -123.686807777855932, 40.100165012373132 ], [ -123.713412165703744, 40.162760904652913 ], [ -123.707929893143898, 40.200387792118605 ], [ -123.760833754402455, 40.2221844085553 ], [ -123.770346111232826, 40.269642486198101 ], [ -123.829427175614555, 40.304845921790886 ], [ -123.90817460414199, 40.323353932707242 ], [ -123.928377002636594, 40.342000456714374 ], [ -123.919429516971491, 40.355650822576315 ], [ -123.950088190802916, 40.376336761825904 ], [ -124.045503560564157, 40.384463545480266 ], [ -124.050146286698592, 40.35726298407684 ], [ -124.082834942712154, 40.345326533508896 ], [ -124.056765687410049, 40.282548153588309 ], [ -123.986290041395634, 40.255212546357107 ], [ -123.993709820713207, 40.223271209114969 ], [ -123.94103008783857, 40.215227079423919 ], [ -123.909186980103328, 40.152430712567792 ], [ -123.950225811096018, 40.121456092524369 ], [ -123.952725557871517, 40.094834139828521 ], [ -123.892884071084495, 40.016311395184687 ], [ -123.916931153255391, 39.967673019238937 ], [ -123.964550485122189, 39.965366436668695 ], [ -123.94146548255749, 39.949640913758849 ], [ -123.95031066648761, 39.940329543256169 ], [ -123.9003088770164, 39.921211859598891 ], [ -123.86384873664052, 39.929715306571765 ], [ -123.767979618136437, 39.85492439539442 ], [ -123.778144720745416, 39.823769973714498 ], [ -123.804513751570994, 39.816680618964902 ], [ -123.786162163289376, 39.802234451484878 ], [ -123.794142224667539, 39.781103576543643 ], [ -123.745201829305756, 39.726797438452508 ], [ -123.710592935010268, 39.711988141300033 ], [ -123.730326181122166, 39.696389783502319 ], [ -123.690981799625945, 39.680350405636084 ], [ -123.684496228124203, 39.654492334214872 ], [ -123.620766168996866, 39.637364247057278 ], [ -123.574568227843457, 39.60275444729416 ], [ -123.495361169534434, 39.606021027223264 ], [ -123.491512486950072, 39.638885250427002 ], [ -123.426330983789754, 39.654733002030035 ] ] ] } },
{ "type": "Feature", "properties": { "Name": "Mattole", "HUC8": "18010107", "AreaAc": 319228 }, "geometry": { "type": "MultiPolygon", "coordinates": [ [ [ [ -124.347957600525987, 40.561032526469809 ], [ -124.348127309544608, 40.577652543960021 ], [ -124.409770320426105, 40.438510931580559 ], [ -124.368886316408322, 40.384868246487656 ], [ -124.348647117255823, 40.319410348537239 ], [ -124.362710726058353, 40.260473084249725 ], [ -124.187025073267719, 40.130696507686302 ], [ -124.109713004144268, 40.103567323288871 ], [ -124.07984911209428, 40.065970772037282 ], [ -124.073769663827363, 40.022519757786263 ], [ -124.038405551360043, 40.01567723157585 ], [ -123.978944026117844, 39.960389896299816 ], [ -123.917945163220608, 39.967179358766778 ], [ -123.892893073527489, 40.017943791615899 ], [ -123.922611775843365, 40.039357600953061 ], [ -123.95253321813027, 40.108270602999276 ], [ -123.909186980103328, 40.152430712567792 ], [ -123.94103008783857, 40.215227079423919 ], [ -123.993709820713207, 40.223271209114969 ], [ -123.986290041395634, 40.255212546357107 ], [ -124.056765687410049, 40.282548153588309 ], [ -124.082834942712154, 40.345326533508896 ], [ -124.048750305090195, 40.358867813702929 ], [ -124.041082524854374, 40.395054783170167 ], [ -124.083877537656491, 40.420061125935561 ], [ -124.120393166066449, 40.417317523135573 ], [ -124.143371820581464, 40.447745482140625 ], [ -124.203281743220288, 40.456745609441498 ], [ -124.240744819678781, 40.494475909822896 ], [ -124.283213771560639, 40.501162586423007 ], [ -124.26742683370712, 40.532792754375912 ], [ -124.347957600525987, 40.561032526469809 ] ] ], [ [ [ -124.34551529556272, 40.582581867139488 ], [ -124.319993243575198, 40.625086398695288 ], [ -124.31331222548944, 40.640582821715533 ], [ -124.332835412543048, 40.608842306630997 ], [ -124.34551529556272, 40.582581867139488 ] ] ], [ [ [ -124.313300630693945, 40.641708029253493 ], [ -124.311024318175342, 40.645150677635769 ], [ -124.311681290170924, 40.645564093253817 ], [ -124.313300630693945, 40.641708029253493 ] ] ] ] } },
{ "type": "Feature", "properties": { "Name": "Big-Navarro-Garcia", "HUC8": "18010108", "AreaAc": 800257 }, "geometry": { "type": "MultiPolygon", "coordinates": [ [ [ [ -123.964684611782104, 39.965022490017859 ], [ -123.978480088075912, 39.95884372241354 ], [ -123.907460969579432, 39.863009221383734 ], [ -123.849953809491566, 39.830317654231521 ], [ -123.830841300127005, 39.723252542945943 ], [ -123.807784142787511, 39.710327404720047 ], [ -123.785863543701183, 39.659809044568426 ], [ -123.789501024922799, 39.600156902579229 ], [ -123.765941012241129, 39.558613536175038 ], [ -123.820753695403894, 39.439580749180514 ], [ -123.809028817069034, 39.42870837477949 ], [ -123.827700636020154, 39.349203377599665 ], [ -123.800278176603641, 39.319735537693916 ], [ -123.810968102562143, 39.304801175330198 ], [ -123.793178843247844, 39.302571479344074 ], [ -123.803841679629073, 39.279315162485204 ], [ -123.769450634229344, 39.228005605708127 ], [ -123.771726507653923, 39.194952630209031 ], [ -123.719564116475112, 39.13370767168194 ], [ -123.691058324929003, 39.05104461950949 ], [ -123.701768910065041, 38.993514581153974 ], [ -123.742399192929781, 38.955941505365388 ], [ -123.727688082312071, 38.918719152445028 ], [ -123.659709966142117, 38.872586873259316 ], [ -123.602552906550486, 38.807311586727621 ], [ -123.535510492973202, 38.769242952323452 ], [ -123.524019807800371, 38.791641915834909 ], [ -123.563550657591094, 38.831117774741202 ], [ -123.532700883342159, 38.830380518265763 ], [ -123.518387942411877, 38.851051496608385 ], [ -123.485469042068971, 38.851906539560204 ], [ -123.469475526394717, 38.867854173076836 ], [ -123.436607519838589, 38.849498100283313 ], [ -123.408924791355616, 38.89117454088521 ], [ -123.319151677153769, 38.862099159961488 ], [ -123.266779172511946, 38.861172835274999 ], [ -123.275149293953518, 38.829192593105773 ], [ -123.224230220691922, 38.813654266944354 ], [ -123.189102156686545, 38.854945338739292 ], [ -123.239703640913078, 38.89387194033997 ], [ -123.214216862405166, 38.94559412987379 ], [ -123.24774648518536, 38.950940251885434 ], [ -123.288101391285565, 38.991096397548453 ], [ -123.267545516597906, 39.003278810763874 ], [ -123.275720270130762, 39.062024572950484 ], [ -123.300117865150938, 39.087411657284051 ], [ -123.315470645284975, 39.148139997860468 ], [ -123.36992919555955, 39.193480644390277 ], [ -123.369710533974683, 39.211134283524494 ], [ -123.333003680124648, 39.222882704959247 ], [ -123.330922588315033, 39.250055759638911 ], [ -123.382842784535242, 39.273591394724676 ], [ -123.369152750708963, 39.31864085781249 ], [ -123.387445677312229, 39.355410466502988 ], [ -123.445818772015542, 39.366481367960134 ], [ -123.431138922574817, 39.376959607582876 ], [ -123.442480780948557, 39.391155726376397 ], [ -123.408570863217548, 39.416819578082233 ], [ -123.40975293453792, 39.440493764043374 ], [ -123.451914518232414, 39.503117038794969 ], [ -123.504554477316447, 39.514816196304906 ], [ -123.519575889657446, 39.607303541335575 ], [ -123.581657779830266, 39.603632266040734 ], [ -123.620766168996866, 39.637364247057278 ], [ -123.688615946022765, 39.65709464831297 ], [ -123.690981799625945, 39.680350405636084 ], [ -123.723599303843557, 39.686363074566579 ], [ -123.730311710151142, 39.696552473571181 ], [ -123.705371519967414, 39.705729338275766 ], [ -123.789004032607394, 39.772739150192059 ], [ -123.786162163289376, 39.802234451484878 ], [ -123.804626563158735, 39.814605075257354 ], [ -123.778144720745416, 39.823769973714498 ], [ -123.767979618136437, 39.85492439539442 ], [ -123.86384873664052, 39.929715306571765 ], [ -123.918157507950099, 39.924562944550075 ], [ -123.964684611782104, 39.965022490017859 ] ] ], [ [ [ -123.534015077516472, 38.76877222296342 ], [ -123.53403104948741, 38.76884410128212 ], [ -123.534094014612037, 38.768700031673269 ], [ -123.534015077516472, 38.76877222296342 ] ] ] ] } },
{ "type": "Feature", "properties": { "Name": "Gualala-Salmon", "HUC8": "18010109", "AreaAc": 252153 }, "geometry": { "type": "Polygon", "coordinates": [ [ [ -123.272081840573222, 38.798166231312074 ], [ -123.266779172511946, 38.861172835274999 ], [ -123.319151677153769, 38.862099159961488 ], [ -123.408924791355616, 38.89117454088521 ], [ -123.436607519838589, 38.849498100283313 ], [ -123.469475526394717, 38.867854173076836 ], [ -123.485469042068971, 38.851906539560204 ], [ -123.518387942411877, 38.851051496608385 ], [ -123.532700883342159, 38.830380518265763 ], [ -123.563550657591094, 38.831117774741202 ], [ -123.524019807800371, 38.791641915834909 ], [ -123.525044485680041, 38.749617079026535 ], [ -123.441073655301381, 38.69934154934009 ], [ -123.333633779252864, 38.565733739800251 ], [ -123.130209522216731, 38.451439110941266 ], [ -123.069309850568601, 38.362148823900149 ], [ -123.078613267226373, 38.323387419455003 ], [ -123.058131134119307, 38.298218092030552 ], [ -123.059676670486411, 38.342129142702284 ], [ -122.944017129760724, 38.337423008693719 ], [ -122.898014063859833, 38.368325788541767 ], [ -122.900545485366266, 38.386706576239455 ], [ -122.986368547621154, 38.426140674529364 ], [ -123.015493653539892, 38.400833810021332 ], [ -123.072597744299586, 38.411415218020473 ], [ -123.12519752148394, 38.444154627365556 ], [ -123.10135465439059, 38.49005644005895 ], [ -123.140882215958982, 38.505700602104426 ], [ -123.167511669286867, 38.536778844038338 ], [ -123.167247692030529, 38.593816144983649 ], [ -123.108697747417438, 38.647421391690273 ], [ -123.151661749569413, 38.68553054612908 ], [ -123.134203119451072, 38.70267153525559 ], [ -123.161969107384792, 38.726204121877899 ], [ -123.158204721799379, 38.746726059277478 ], [ -123.132654899437597, 38.752657112182 ], [ -123.18172627876649, 38.770907817389435 ], [ -123.244696820859517, 38.767997287797293 ], [ -123.272081840573222, 38.798166231312074 ] ] ] } },
{ "type": "Feature", "properties": { "Name": "Russian", "HUC8": "18010110", "AreaAc": 950365 }, "geometry": { "type": "Polygon", "coordinates": [ [ [ -123.024487706056178, 39.319662208468671 ], [ -123.076677768506144, 39.344962154355954 ], [ -123.088034304128925, 39.368225507618206 ], [ -123.163909850597904, 39.399127418069668 ], [ -123.171700670765858, 39.373735780638825 ], [ -123.201851162526282, 39.379665190589506 ], [ -123.214785037169676, 39.367954596516384 ], [ -123.248302559425213, 39.385540517602948 ], [ -123.274091748084714, 39.325575959071124 ], [ -123.360707505742369, 39.359610512442352 ], [ -123.387445677312229, 39.355410466502988 ], [ -123.369152750708963, 39.31864085781249 ], [ -123.382842784535242, 39.273591394724676 ], [ -123.330922588315033, 39.250055759638911 ], [ -123.333003680124648, 39.222882704959247 ], [ -123.369710533974683, 39.211134283524494 ], [ -123.36992919555955, 39.193480644390277 ], [ -123.315470645284975, 39.148139997860468 ], [ -123.300117865150938, 39.087411657284051 ], [ -123.275720270130762, 39.062024572950484 ], [ -123.267545516597906, 39.003278810763874 ], [ -123.288101391285565, 38.991096397548453 ], [ -123.24774648518536, 38.950940251885434 ], [ -123.214216862405166, 38.94559412987379 ], [ -123.238518736645233, 38.889678313280228 ], [ -123.189188896461644, 38.856134742591081 ], [ -123.225214839934011, 38.813286356888938 ], [ -123.27352709566604, 38.828837832241348 ], [ -123.272081840573222, 38.798166231312074 ], [ -123.243513756184598, 38.767557795466601 ], [ -123.18172627876649, 38.770907817389435 ], [ -123.132654899437597, 38.752657112182 ], [ -123.158204721799379, 38.746726059277478 ], [ -123.161969107384792, 38.726204121877899 ], [ -123.134203119451072, 38.70267153525559 ], [ -123.151661749569413, 38.68553054612908 ], [ -123.108697747417438, 38.647421391690273 ], [ -123.167247692030529, 38.593816144983649 ], [ -123.167511669286867, 38.536778844038338 ], [ -123.140882215958982, 38.505700602104426 ], [ -123.101218036522241, 38.489750740697204 ], [ -123.130832435093836, 38.45199830039229 ], [ -123.041603368056471, 38.404020900401896 ], [ -123.015013896647631, 38.400943993204763 ], [ -122.986849124715107, 38.426192282991856 ], [ -122.973594517914094, 38.41203026742528 ], [ -122.927477688803506, 38.407205667669103 ], [ -122.865463862944807, 38.346344219875817 ], [ -122.835192793239457, 38.344050132379252 ], [ -122.81349790235349, 38.324556280315143 ], [ -122.781695961203809, 38.32754304657729 ], [ -122.788827187913441, 38.314616370689066 ], [ -122.737853143521548, 38.298763776249125 ], [ -122.73188568195711, 38.311535550112943 ], [ -122.715437762027776, 38.305323277879261 ], [ -122.65373951458767, 38.333331227369364 ], [ -122.576326992034993, 38.327934702444182 ], [ -122.617367319788571, 38.410714838853622 ], [ -122.579885940293721, 38.434029857525282 ], [ -122.572769984544635, 38.46541217191028 ], [ -122.529541437997239, 38.473288619960357 ], [ -122.544294506699856, 38.520400592736436 ], [ -122.620681152425391, 38.560068464241766 ], [ -122.646811709522893, 38.598182787579432 ], [ -122.623128240341728, 38.653343538818362 ], [ -122.637284966895677, 38.69410724083005 ], [ -122.695716175138216, 38.713343282259444 ], [ -122.748243470811801, 38.803683965553041 ], [ -122.829114791379837, 38.862245523112307 ], [ -122.954012629597742, 38.912421976758502 ], [ -122.978327424585174, 38.942247866007449 ], [ -122.986918922245394, 38.994490434877605 ], [ -123.049928414388901, 39.0152455900581 ], [ -123.056027560183452, 39.052795138711076 ], [ -123.097073283971071, 39.083524904687216 ], [ -123.082225287097984, 39.154798842695094 ], [ -123.065112471794663, 39.173376400858601 ], [ -123.052358767538976, 39.166019660986493 ], [ -123.015134369659208, 39.210438462877079 ], [ -123.026449793772855, 39.220980718700744 ], [ -122.994019420926364, 39.239328096585488 ], [ -123.022947116476885, 39.282987970598377 ], [ -123.024487706056178, 39.319662208468671 ] ] ] } },
{ "type": "Feature", "properties": { "Name": "Butte", "HUC8": "18010205", "AreaAc": 381341 }, "geometry": { "type": "Polygon", "coordinates": [ [ [ -122.043978659767845, 42.004983338839978 ], [ -122.054750902912858, 41.994610856136021 ], [ -122.028739151184965, 41.974290719449279 ], [ -122.061407687404696, 41.94333066436733 ], [ -122.101101865592582, 41.976468434071158 ], [ -122.131589223301305, 41.972084591296706 ], [ -122.123227821917126, 41.886809325448773 ], [ -122.192125513090048, 41.846501689767173 ], [ -122.115294451883443, 41.748834626534645 ], [ -122.143099191339019, 41.741696768338343 ], [ -122.171644328363584, 41.700312799660622 ], [ -122.15778061953911, 41.677729366689157 ], [ -122.115819743829832, 41.678021820046062 ], [ -122.137169300095479, 41.667442310666999 ], [ -122.125371050032214, 41.603804239492412 ], [ -122.142623193754474, 41.524107038268603 ], [ -122.123551952367919, 41.499545966728704 ], [ -122.085475666250716, 41.498497198599381 ], [ -122.065369756977631, 41.482897045502263 ], [ -122.052506470931448, 41.446302041710588 ], [ -122.010872666690062, 41.473774684694561 ], [ -121.977876541885038, 41.461240869479631 ], [ -121.911143212756471, 41.475364111233631 ], [ -121.886870601712744, 41.512306242233095 ], [ -121.810844255542136, 41.533460601820373 ], [ -121.79421634857998, 41.556523367202892 ], [ -121.807445774573949, 41.591508270538661 ], [ -121.75964070125525, 41.620852665112459 ], [ -121.782578046901094, 41.650889580967593 ], [ -121.734822460284448, 41.758478642422745 ], [ -121.789716042415293, 41.826811801688251 ], [ -121.853637223617199, 41.870471010284284 ], [ -121.855036690543912, 41.91692869808243 ], [ -121.886963204487841, 41.961230842953 ], [ -121.946964186178803, 42.003679500416879 ], [ -122.043978659767845, 42.004983338839978 ] ] ] } },
{ "type": "Feature", "properties": { "Name": "Shasta", "HUC8": "18010207", "AreaAc": 508177 }, "geometry": { "type": "Polygon", "coordinates": [ [ [ -122.175542599653497, 41.81492870788874 ], [ -122.239920665615486, 41.815992616421234 ], [ -122.271203913027961, 41.791312001676445 ], [ -122.357911623284352, 41.77352354925096 ], [ -122.411033903690964, 41.783755457733641 ], [ -122.461709219632723, 41.824690403994538 ], [ -122.481446932442708, 41.803146332628927 ], [ -122.531125010130225, 41.800915126251816 ], [ -122.594402047641182, 41.831061606398123 ], [ -122.653530732480817, 41.800473607573949 ], [ -122.690002024783453, 41.753622803959914 ], [ -122.749543095491134, 41.733730998732518 ], [ -122.724090198468659, 41.659258193845304 ], [ -122.67499268445745, 41.64363392355434 ], [ -122.635355867859516, 41.603991605244339 ], [ -122.647206618574117, 41.552867102822525 ], [ -122.634434865384847, 41.503773716145901 ], [ -122.665698751569437, 41.451812752518897 ], [ -122.571191346091283, 41.411764770034964 ], [ -122.574030362240762, 41.370295967002711 ], [ -122.535580837957241, 41.34145206088386 ], [ -122.504795245802413, 41.34338485966412 ], [ -122.473454838892707, 41.319138536652176 ], [ -122.434259617028133, 41.335299960931451 ], [ -122.388921336416757, 41.384988505233721 ], [ -122.348214250620572, 41.366609253463409 ], [ -122.257733359889713, 41.381446559014982 ], [ -122.22027867845253, 41.411933293157666 ], [ -122.194981994828908, 41.407717931610343 ], [ -122.136429326408503, 41.507728082704389 ], [ -122.137303413187567, 41.666629932308226 ], [ -122.115819743829832, 41.678021820046062 ], [ -122.157194742581154, 41.677530961894078 ], [ -122.171577362280431, 41.695509718126054 ], [ -122.143099191339019, 41.741696768338343 ], [ -122.115294451883443, 41.748834626534645 ], [ -122.175542599653497, 41.81492870788874 ] ] ] } },
{ "type": "Feature", "properties": { "Name": "Scott", "HUC8": "18010208", "AreaAc": 521067 }, "geometry": { "type": "Polygon", "coordinates": [ [ [ -122.749543095491134, 41.733730998732518 ], [ -122.818996525537031, 41.768743314544594 ], [ -122.863485888181557, 41.748934338223293 ], [ -122.972644032926709, 41.785069485604303 ], [ -123.040005579962639, 41.779173126372704 ], [ -123.060248435213765, 41.737632707990727 ], [ -123.114995449165647, 41.749765123122174 ], [ -123.154283905252839, 41.738678075245836 ], [ -123.187436772856984, 41.666407238377509 ], [ -123.219092734179384, 41.640848059725919 ], [ -123.211116089072476, 41.560513107685694 ], [ -123.139179284691537, 41.544157820955277 ], [ -123.123531447585108, 41.498652162362895 ], [ -123.085279765083001, 41.497748363197672 ], [ -123.02861807124431, 41.447486621633786 ], [ -123.036971848022475, 41.401163740605533 ], [ -123.015784851947402, 41.408715003065467 ], [ -122.971857753900863, 41.383914672723598 ], [ -122.955855775886548, 41.258813543194762 ], [ -122.898075162072573, 41.222837146606935 ], [ -122.90688919254373, 41.195970470698782 ], [ -122.801787340342372, 41.20330775662211 ], [ -122.776666538532581, 41.231201803345613 ], [ -122.724539089949943, 41.248129229930413 ], [ -122.712427117246619, 41.274392631876275 ], [ -122.65270721094538, 41.289130162128707 ], [ -122.645541453251667, 41.324924386014594 ], [ -122.588435398909851, 41.327483826637831 ], [ -122.566345282669516, 41.381315250868759 ], [ -122.571191346091283, 41.411764770034964 ], [ -122.665698751569437, 41.451812752518897 ], [ -122.634434865384847, 41.503773716145901 ], [ -122.647206618574117, 41.552867102822525 ], [ -122.635355867859516, 41.603991605244339 ], [ -122.67499268445745, 41.64363392355434 ], [ -122.724090198468659, 41.659258193845304 ], [ -122.749543095491134, 41.733730998732518 ] ] ] } },
{ "type": "Feature", "properties": { "Name": "Lower Klamath", "HUC8": "18010209", "AreaAc": 977280 }, "geometry": { "type": "Polygon", "coordinates": [ [ [ -123.351014284498959, 41.999199903276356 ], [ -123.518264093712759, 42.000471052129818 ], [ -123.540940269777522, 41.985445100815362 ], [ -123.533081860877417, 41.95510803603252 ], [ -123.559541834191094, 41.905982743533379 ], [ -123.593606962241793, 41.906291252023827 ], [ -123.606607817627363, 41.880648400340768 ], [ -123.64273354057255, 41.889548318875597 ], [ -123.671016621703572, 41.83533151233425 ], [ -123.703850823068308, 41.829286436177448 ], [ -123.672180432736326, 41.795969183745498 ], [ -123.688132196147876, 41.781055536794725 ], [ -123.660432402394207, 41.714492231646872 ], [ -123.689757817413692, 41.669091180130323 ], [ -123.680570841058227, 41.634190777916317 ], [ -123.710940136834552, 41.615435319185089 ], [ -123.730684522681159, 41.566358550220833 ], [ -123.775514163329603, 41.557134017754649 ], [ -123.784678319162737, 41.573679203642008 ], [ -123.832955432770078, 41.585114296665047 ], [ -123.850140099671052, 41.531459928070511 ], [ -123.890886994164703, 41.512562317089348 ], [ -123.969778903306775, 41.660484474499242 ], [ -123.998258011796025, 41.647565704541009 ], [ -124.031006517080101, 41.655286272172589 ], [ -124.034472837891528, 41.669152057835504 ], [ -124.07700775781521, 41.65810508709091 ], [ -124.051322652807272, 41.626344576892564 ], [ -124.087967523563108, 41.599878854210452 ], [ -124.069664055630682, 41.577874503396799 ], [ -124.098151329786376, 41.569569401531481 ], [ -124.061832167786605, 41.47217379572195 ], [ -123.946857114051554, 41.329204817068508 ], [ -123.987976805047154, 41.26660248550909 ], [ -123.982219369075963, 41.239369334529378 ], [ -123.91688441482404, 41.166273895493021 ], [ -123.859489404961494, 41.138715783439672 ], [ -123.834067722544702, 41.07830972721554 ], [ -123.805017913508919, 41.070190147935925 ], [ -123.781767888300507, 41.022074481009732 ], [ -123.792503581918012, 40.992645922317109 ], [ -123.766884772388551, 40.990269062965851 ], [ -123.74635550189646, 41.015458407853657 ], [ -123.773257729527884, 41.106505339423649 ], [ -123.730121974738339, 41.133365461274131 ], [ -123.742295361109925, 41.165615639284489 ], [ -123.708114877421337, 41.185411374775406 ], [ -123.599020307671054, 41.169026784993108 ], [ -123.578376977252915, 41.183597147607848 ], [ -123.535510186652104, 41.177271379890236 ], [ -123.479405174333223, 41.132133981922827 ], [ -123.485886387473613, 41.106120997673436 ], [ -123.439470676180761, 41.092441984185697 ], [ -123.43265283716849, 41.162021393199097 ], [ -123.408092055366509, 41.180149755906747 ], [ -123.455083133412487, 41.236267701327193 ], [ -123.443996044324464, 41.273054425423133 ], [ -123.478829737329093, 41.330083805144248 ], [ -123.474180688798882, 41.366149354175008 ], [ -123.49684027095293, 41.3820263021206 ], [ -123.47104795293825, 41.423521350141343 ], [ -123.430690740794986, 41.424182188161765 ], [ -123.408792514441345, 41.44021765723253 ], [ -123.408121189717164, 41.483251133810427 ], [ -123.428093389900965, 41.507527630847392 ], [ -123.384448500205082, 41.523727165171614 ], [ -123.358682091163033, 41.51572374118691 ], [ -123.318387739446948, 41.560057112228336 ], [ -123.211509170280166, 41.560983663554488 ], [ -123.219092734179384, 41.640848059725919 ], [ -123.26447735113473, 41.699874514489778 ], [ -123.239507709820273, 41.809520180900797 ], [ -123.2669611661576, 41.833022576741769 ], [ -123.249615019036781, 41.83714387203031 ], [ -123.250890606509572, 41.857675236421947 ], [ -123.202247408489654, 41.87533403557358 ], [ -123.199594820289548, 41.911099779202097 ], [ -123.276626928592407, 41.948484195640894 ], [ -123.303688610840609, 41.945913181497261 ], [ -123.302761391564161, 41.961885305855724 ], [ -123.336966983941181, 41.973628318088153 ], [ -123.351014284498959, 41.999199903276356 ] ] ] } },
{ "type": "Feature", "properties": { "Name": "Salmon", "HUC8": "18010210", "AreaAc": 480830 }, "geometry": { "type": "Polygon", "coordinates": [ [ [ -123.211509170280166, 41.560983663554488 ], [ -123.318387739446948, 41.560057112228336 ], [ -123.358682091163033, 41.51572374118691 ], [ -123.384448500205082, 41.523727165171614 ], [ -123.428093389900965, 41.507527630847392 ], [ -123.408121189717164, 41.483251133810427 ], [ -123.408792514441345, 41.44021765723253 ], [ -123.430690740794986, 41.424182188161765 ], [ -123.47104795293825, 41.423521350141343 ], [ -123.49684027095293, 41.3820263021206 ], [ -123.474180688798882, 41.366149354175008 ], [ -123.478829737329093, 41.330083805144248 ], [ -123.443996044324464, 41.273054425423133 ], [ -123.455083133412487, 41.236267701327193 ], [ -123.381391377918305, 41.151706465354962 ], [ -123.353630372395685, 41.163072318197479 ], [ -123.324987131313918, 41.14155449151982 ], [ -123.295147313706039, 41.140533696964638 ], [ -123.245192658764992, 41.077904480699175 ], [ -123.109281176745242, 41.075475212983818 ], [ -123.055455164352949, 41.046705317004637 ], [ -123.037251285251813, 41.004196127841304 ], [ -122.981143558045488, 41.014435741361083 ], [ -122.917609494334016, 40.993848810432333 ], [ -122.896940919317572, 41.028955421877569 ], [ -122.923276593785118, 41.072028841453104 ], [ -122.966372463881314, 41.081215083930545 ], [ -122.973793362052149, 41.111065157909238 ], [ -122.951642437734918, 41.150783802615223 ], [ -122.962208153164894, 41.180540946663314 ], [ -122.915663580953904, 41.187229170552712 ], [ -122.898026530291759, 41.222609913994518 ], [ -122.950333943867491, 41.246199571736078 ], [ -122.971857753900863, 41.383914672723598 ], [ -123.015784851947402, 41.408715003065467 ], [ -123.036971848022475, 41.401163740605533 ], [ -123.02861807124431, 41.447486621633786 ], [ -123.085279765083001, 41.497748363197672 ], [ -123.123531447585108, 41.498652162362895 ], [ -123.139179284691537, 41.544157820955277 ], [ -123.211509170280166, 41.560983663554488 ] ] ] } },
{ "type": "Feature", "properties": { "Name": "Trinity", "HUC8": "18010211", "AreaAc": 1304132 }, "geometry": { "type": "Polygon", "coordinates": [ [ [ -122.479247208580588, 41.319699688863551 ], [ -122.572606285302712, 41.368587157991399 ], [ -122.588435398909851, 41.327483826637831 ], [ -122.645541453251667, 41.324924386014594 ], [ -122.65270721094538, 41.289130162128707 ], [ -122.712427117246619, 41.274392631876275 ], [ -122.724539089949943, 41.248129229930413 ], [ -122.776666538532581, 41.231201803345613 ], [ -122.801787340342372, 41.20330775662211 ], [ -122.886077402912747, 41.20527290122147 ], [ -122.929378967759988, 41.178677251027075 ], [ -122.961326939893993, 41.181580676412345 ], [ -122.951642437734918, 41.150783802615223 ], [ -122.971287445326055, 41.090296373414581 ], [ -122.923276593785118, 41.072028841453104 ], [ -122.898110698591282, 41.031198653075663 ], [ -122.917609494334016, 40.993848810432333 ], [ -122.981143558045488, 41.014435741361083 ], [ -123.037251285251813, 41.004196127841304 ], [ -123.055455164352949, 41.046705317004637 ], [ -123.109281176745242, 41.075475212983818 ], [ -123.245192658764992, 41.077904480699175 ], [ -123.295147313706039, 41.140533696964638 ], [ -123.324987131313918, 41.14155449151982 ], [ -123.353630372395685, 41.163072318197479 ], [ -123.381391377918305, 41.151706465354962 ], [ -123.407274671350734, 41.180276838285444 ], [ -123.43244212696176, 41.162549388823955 ], [ -123.446732210301974, 41.088897298275405 ], [ -123.485886387473613, 41.106120997673436 ], [ -123.479405174333223, 41.132133981922827 ], [ -123.535510186652104, 41.177271379890236 ], [ -123.578376977252915, 41.183597147607848 ], [ -123.599020307671054, 41.169026784993108 ], [ -123.708114877421337, 41.185411374775406 ], [ -123.742295361109925, 41.165615639284489 ], [ -123.730121974738339, 41.133365461274131 ], [ -123.773257729527884, 41.106505339423649 ], [ -123.744163777796842, 41.030621141540159 ], [ -123.769168347695086, 40.991922658017536 ], [ -123.753221703013679, 40.940338993051846 ], [ -123.779393486201315, 40.914262366596262 ], [ -123.770946384160325, 40.884384029782929 ], [ -123.735473250451179, 40.872384165714763 ], [ -123.691904442328735, 40.814936610876607 ], [ -123.666502325131873, 40.907635462354463 ], [ -123.634307081137067, 40.88824180510769 ], [ -123.571011296067866, 40.881707848721284 ], [ -123.547880262944389, 40.86977942572981 ], [ -123.532882894260752, 40.806104087084762 ], [ -123.477161162540952, 40.73705474381476 ], [ -123.327504154364163, 40.7392957746276 ], [ -123.238132334049752, 40.685510823440438 ], [ -123.225129783185864, 40.656698623388586 ], [ -123.136937839219684, 40.712404938312574 ], [ -123.111342910805789, 40.707896989486152 ], [ -123.107764067695754, 40.649915751729097 ], [ -123.084377977424438, 40.62928813197324 ], [ -123.049826447715617, 40.63780989177814 ], [ -122.973027164750874, 40.539445548677747 ], [ -122.956064642480925, 40.488613714120909 ], [ -122.994537692153443, 40.470319987394141 ], [ -123.00048551834918, 40.418715412880672 ], [ -122.954655971417651, 40.421313274111668 ], [ -122.931390598247816, 40.445612283213286 ], [ -122.901116561016622, 40.445565566866357 ], [ -122.84560495207667, 40.505373796931764 ], [ -122.793245166911589, 40.514626607275467 ], [ -122.767229835253431, 40.555279472658576 ], [ -122.693433301746211, 40.574891447617105 ], [ -122.752311744725816, 40.689993956576494 ], [ -122.722392405429773, 40.69545071203229 ], [ -122.706504491214432, 40.724577343678547 ], [ -122.717563317308759, 40.747266482374528 ], [ -122.658391934671286, 40.787454660955376 ], [ -122.666354364432109, 40.825694894943794 ], [ -122.600140835555436, 40.900186657566174 ], [ -122.612947832269185, 40.921288513261608 ], [ -122.601257130048012, 40.973005336267207 ], [ -122.52811866798335, 41.014213181884131 ], [ -122.522004987388001, 41.054444720369005 ], [ -122.539947524371158, 41.072733712785833 ], [ -122.452105911739778, 41.107841295036721 ], [ -122.446529690116151, 41.158101644681601 ], [ -122.499070231209942, 41.179934528890925 ], [ -122.522962368606642, 41.213289735493277 ], [ -122.502970121975466, 41.309323766946221 ], [ -122.479247208580588, 41.319699688863551 ] ] ] } },
{ "type": "Feature", "properties": { "Name": "South Fork Trinity", "HUC8": "18010212", "AreaAc": 596558 }, "geometry": { "type": "Polygon", "coordinates": [ [ [ -123.016624293421586, 40.372590246154019 ], [ -122.994537692153443, 40.470319987394141 ], [ -122.956064642480925, 40.488613714120909 ], [ -122.973027164750874, 40.539445548677747 ], [ -123.049826447715617, 40.63780989177814 ], [ -123.084377977424438, 40.62928813197324 ], [ -123.107764067695754, 40.649915751729097 ], [ -123.111342910805789, 40.707896989486152 ], [ -123.136937839219684, 40.712404938312574 ], [ -123.222723704204853, 40.656365178336777 ], [ -123.238132334049752, 40.685510823440438 ], [ -123.327504154364163, 40.7392957746276 ], [ -123.477161162540952, 40.73705474381476 ], [ -123.532882894260752, 40.806104087084762 ], [ -123.547880262944389, 40.86977942572981 ], [ -123.666502325131873, 40.907635462354463 ], [ -123.695246308342604, 40.809508386886016 ], [ -123.67769497029758, 40.766485680311206 ], [ -123.697593125759255, 40.76241246082774 ], [ -123.7001855731707, 40.684073931834568 ], [ -123.63325190897082, 40.62524844566633 ], [ -123.637583319822696, 40.674765694338824 ], [ -123.604201032611613, 40.673449211919007 ], [ -123.513118621949346, 40.54769093069018 ], [ -123.435062230030383, 40.394460455002601 ], [ -123.319587783192318, 40.320114188433813 ], [ -123.221910207801329, 40.230195031098219 ], [ -123.14747539397365, 40.205124958551629 ], [ -123.128908679421784, 40.138190507180653 ], [ -123.079700941451549, 40.149173729849615 ], [ -123.049239100029567, 40.132261286684731 ], [ -122.984408835943498, 40.153779277781524 ], [ -122.969913449665142, 40.186640558406062 ], [ -122.977450639682985, 40.241235573909286 ], [ -123.050979574688682, 40.268009638010042 ], [ -123.069002344777985, 40.307327209602143 ], [ -123.065704871177573, 40.345127342377424 ], [ -123.016624293421586, 40.372590246154019 ] ] ] } },
{ "type": "Feature", "properties": { "Name": "McCloud", "HUC8": "18020004", "AreaAc": 435728 }, "geometry": { "type": "Polygon", "coordinates": [ [ [ -122.328080020817708, 40.781340714180331 ], [ -122.291554714349417, 40.771068250918397 ], [ -122.240646935634061, 40.81473983434617 ], [ -122.203292728894638, 40.826271337750697 ], [ -122.167499714276545, 40.90069477100181 ], [ -122.138180207292976, 40.904729083933844 ], [ -122.152145190055975, 40.931198179373631 ], [ -122.104356981711575, 41.039528571799153 ], [ -122.075305734754409, 41.045701593214801 ], [ -122.055791711187354, 41.086313896904677 ], [ -122.021035565345969, 41.092233139108046 ], [ -122.009399833799975, 41.08124103079512 ], [ -121.969323611949264, 41.106347433036831 ], [ -121.946428133358822, 41.098940113563003 ], [ -121.947259735820353, 41.11781858435684 ], [ -121.979997340935441, 41.133139841345653 ], [ -121.959736634196318, 41.160041210583358 ], [ -121.884143957758653, 41.178003592586727 ], [ -121.779983767765813, 41.170720999900553 ], [ -121.762980529490974, 41.193752941954571 ], [ -121.782788768237268, 41.2670853263879 ], [ -121.763229046850725, 41.29772081139658 ], [ -121.783640657533013, 41.350169019836081 ], [ -121.829867815860837, 41.359902491464844 ], [ -121.823218052011057, 41.463801765634386 ], [ -121.850712240287464, 41.520741652079877 ], [ -121.886870601712744, 41.512306242233095 ], [ -121.911143212756471, 41.475364111233631 ], [ -121.977876541885038, 41.461240869479631 ], [ -122.010872666690062, 41.473774684694561 ], [ -122.051326461303063, 41.446323385425167 ], [ -122.085475666250716, 41.498497198599381 ], [ -122.141993262567368, 41.506285135178842 ], [ -122.162619713045515, 41.475647965690889 ], [ -122.193981786558012, 41.424443361541407 ], [ -122.219068761308463, 41.302667013838715 ], [ -122.211526337898505, 41.262594170895397 ], [ -122.171729832064855, 41.256495014049612 ], [ -122.18559068950799, 41.223096243677936 ], [ -122.168346716832232, 41.208590594094588 ], [ -122.200588852791071, 41.199025568603815 ], [ -122.190642066563967, 41.172017618834452 ], [ -122.218216898990065, 41.148123705336481 ], [ -122.276613811168374, 41.123998032979713 ], [ -122.254035848936837, 41.091590757583951 ], [ -122.270836024901001, 41.051691298230644 ], [ -122.254379289877193, 41.047557266081782 ], [ -122.269666944223843, 41.030260059402615 ], [ -122.257807680363555, 41.010499959823754 ], [ -122.290334179354247, 40.977180399245633 ], [ -122.263701781765036, 40.898743448756534 ], [ -122.295704112298807, 40.881250418660777 ], [ -122.282800944778103, 40.854154781611697 ], [ -122.317475569224598, 40.838766090391552 ], [ -122.313137719796259, 40.811931899938998 ], [ -122.341186936116884, 40.802781081025749 ], [ -122.328080020817708, 40.781340714180331 ] ] ] } },
{ "type": "Feature", "properties": { "Name": "Sacramento Headwaters", "HUC8": "18020005", "AreaAc": 378904 }, "geometry": { "type": "Polygon", "coordinates": [ [ [ -122.198106290086869, 41.405304017692131 ], [ -122.22027867845253, 41.411933293157666 ], [ -122.257733359889713, 41.381446559014982 ], [ -122.348214250620572, 41.366609253463409 ], [ -122.387707898141272, 41.385372192124699 ], [ -122.434418440904381, 41.335178709814102 ], [ -122.502970121975466, 41.309323766946221 ], [ -122.522962368606642, 41.213289735493277 ], [ -122.499070231209942, 41.179934528890925 ], [ -122.446365418014295, 41.157351528217013 ], [ -122.457594548871214, 41.09660475042088 ], [ -122.539947524371158, 41.072733712785833 ], [ -122.521912559474245, 41.053934875786446 ], [ -122.544412603839632, 40.986629134926091 ], [ -122.522781706447489, 40.962033140192048 ], [ -122.542044349335669, 40.937315120131544 ], [ -122.521296683933144, 40.897673760469921 ], [ -122.547264641678922, 40.83123157087033 ], [ -122.51824242020011, 40.793297124360066 ], [ -122.521118947266572, 40.763386974698719 ], [ -122.548473367008043, 40.735704209108412 ], [ -122.499134579184627, 40.712408953915251 ], [ -122.439163099494181, 40.730103033413108 ], [ -122.410425386709107, 40.710612669824798 ], [ -122.378910033617657, 40.715011917044606 ], [ -122.359717046984656, 40.765863771847684 ], [ -122.321640676361184, 40.788987299912129 ], [ -122.341186936116884, 40.802781081025749 ], [ -122.313137719796259, 40.811931899938998 ], [ -122.317475569224598, 40.838766090391552 ], [ -122.282978474500837, 40.853656878204305 ], [ -122.295704112298807, 40.881250418660777 ], [ -122.263701781765036, 40.898743448756534 ], [ -122.290309351828157, 40.977592578356749 ], [ -122.257807680363555, 41.010499959823754 ], [ -122.269666944223843, 41.030260059402615 ], [ -122.254379289877193, 41.047557266081782 ], [ -122.270836024901001, 41.051691298230644 ], [ -122.252551099317031, 41.072478108784878 ], [ -122.276613811168374, 41.123998032979713 ], [ -122.218216898990065, 41.148123705336481 ], [ -122.190642066563967, 41.172017618834452 ], [ -122.200588852791071, 41.199025568603815 ], [ -122.168273266540993, 41.208917400561745 ], [ -122.18559068950799, 41.223096243677936 ], [ -122.171729832064855, 41.256495014049612 ], [ -122.211526337898505, 41.262594170895397 ], [ -122.218524400303309, 41.288329607099534 ], [ -122.198106290086869, 41.405304017692131 ] ] ] } },
{ "type": "Feature", "properties": { "Name": "Sacramento-Stone Corral", "HUC8": "18020104", "AreaAc": 1205843 }, "geometry": { "type": "Polygon", "coordinates": [ [ [ -121.951906139920112, 39.645764846920059 ], [ -121.997981205190456, 39.70667227532698 ], [ -122.071076391233689, 39.735357893019362 ], [ -122.305561518223882, 39.773286250105762 ], [ -122.377514988099321, 39.718866253121249 ], [ -122.451800918639307, 39.692867140660603 ], [ -122.468344174546587, 39.676212873670373 ], [ -122.466120810681275, 39.63459182099254 ], [ -122.504056256340064, 39.62111992499635 ], [ -122.512039700609904, 39.589783324950851 ], [ -122.452172352530368, 39.392449593471888 ], [ -122.459975488792139, 39.352136015818907 ], [ -122.44026441449148, 39.307034464684996 ], [ -122.454637126606841, 39.282799404363402 ], [ -122.445615404672381, 39.257557231025018 ], [ -122.414972383327054, 39.24166055221702 ], [ -122.420847994965115, 39.150813209723161 ], [ -122.403686575077003, 39.080846789468268 ], [ -122.385830282230074, 39.045679250948062 ], [ -122.358991369237827, 39.056067251769583 ], [ -122.348260125571855, 39.028844235231738 ], [ -122.321328296514011, 39.019048362178367 ], [ -122.319378280522358, 38.938307249623634 ], [ -122.303259392192174, 38.920055992336856 ], [ -122.233207058476566, 38.925669192309144 ], [ -122.215122414473683, 38.913269627235344 ], [ -122.175859042345948, 38.850317849137852 ], [ -122.149840053855741, 38.845868985567179 ], [ -122.123732369193817, 38.787296449177674 ], [ -122.099243625459863, 38.800357335867041 ], [ -122.018198226015471, 38.802755314388151 ], [ -121.98241755379226, 38.769053278290123 ], [ -121.908963518829637, 38.741264072164178 ], [ -121.898414017846179, 38.702729273985426 ], [ -121.87618223532364, 38.692664349407892 ], [ -121.808654371141159, 38.722904327048447 ], [ -121.772262770032711, 38.786529885029196 ], [ -121.70045560345784, 38.80186381922104 ], [ -121.674144688078997, 38.742673868412716 ], [ -121.660823035858755, 38.765087378757435 ], [ -121.635306831064923, 38.765455894140167 ], [ -121.622917576006259, 38.785506437343983 ], [ -121.642328218160358, 38.824331113370434 ], [ -121.614865854740458, 38.887103914576628 ], [ -121.646204901647906, 38.935394079079742 ], [ -121.727383121890398, 38.994690598851939 ], [ -121.769037113527347, 39.111713794576637 ], [ -121.843781960334383, 39.154624084771896 ], [ -121.886944035862129, 39.15728571783221 ], [ -121.918074464016684, 39.195609178124862 ], [ -121.97342383581038, 39.187562687881076 ], [ -122.007554219328881, 39.219128172078022 ], [ -121.996247368918816, 39.267852830166099 ], [ -122.01715498168636, 39.279958142190395 ], [ -122.024269599821494, 39.344130390971799 ], [ -121.989576723996095, 39.384795043695604 ], [ -122.008314418513535, 39.414117637693074 ], [ -121.987600063782054, 39.429387137834468 ], [ -121.991404648386251, 39.492857956971591 ], [ -121.970549641290361, 39.533802707866776 ], [ -121.997790628985584, 39.559653100308054 ], [ -121.982529278606151, 39.563287992451684 ], [ -121.975392113352854, 39.619976286014008 ], [ -121.951906139920112, 39.645764846920059 ] ] ] } },
{ "type": "Feature", "properties": { "Name": "Lower American", "HUC8": "18020111", "AreaAc": 187211 }, "geometry": { "type": "Polygon", "coordinates": [ [ [ -121.105716640387826, 38.870642990097757 ], [ -121.179006585509541, 38.878308308904515 ], [ -121.217585460890504, 38.867452082291315 ], [ -121.26331974638363, 38.762508131769238 ], [ -121.286269943798075, 38.753233724046297 ], [ -121.381016033648976, 38.747195359611311 ], [ -121.447030609063034, 38.778838739032395 ], [ -121.492350354418193, 38.779817578439868 ], [ -121.46794305578608, 38.610979290471278 ], [ -121.514916319909375, 38.603288429812466 ], [ -121.426273684340899, 38.5806194783368 ], [ -121.413255637682099, 38.55790957497733 ], [ -121.318072121651753, 38.56816126891605 ], [ -121.229270433746038, 38.604525396227622 ], [ -121.210505218308754, 38.589377089919068 ], [ -121.157498474133561, 38.594844331222795 ], [ -121.139192200795605, 38.62357831743703 ], [ -121.093836379193192, 38.616399780609875 ], [ -121.09522064058504, 38.706915528700776 ], [ -121.136475173625712, 38.693277615840252 ], [ -121.172513904463955, 38.725437999906639 ], [ -121.111980638726692, 38.797885799284295 ], [ -121.105716640387826, 38.870642990097757 ] ] ] } },
{ "type": "Feature", "properties": { "Name": "Upper Stony", "HUC8": "18020115", "AreaAc": 497156 }, "geometry": { "type": "Polygon", "coordinates": [ [ [ -122.519390014531737, 39.848314224338566 ], [ -122.588554845145865, 39.864566628562329 ], [ -122.603049556382757, 39.833180835093266 ], [ -122.625511473777152, 39.830568741395879 ], [ -122.622247617052281, 39.812329792216616 ], [ -122.696948918891422, 39.803782866201786 ], [ -122.748975463431918, 39.830680819268288 ], [ -122.773373117829394, 39.821396642963521 ], [ -122.833583365296946, 39.83959000895193 ], [ -122.856402808409669, 39.831964156673202 ], [ -122.94629837617822, 39.863973605299194 ], [ -122.960289646746745, 39.845142652576484 ], [ -122.943625712529453, 39.801684879652598 ], [ -122.894961923103978, 39.752571673641434 ], [ -122.806588305995504, 39.725958572102272 ], [ -122.810294841265943, 39.703049771781622 ], [ -122.779293744072476, 39.687898689593524 ], [ -122.809864771668586, 39.674696126781278 ], [ -122.802766931500059, 39.647185766769759 ], [ -122.727741297189752, 39.615271131457014 ], [ -122.721925783813361, 39.590489038529171 ], [ -122.697977834290143, 39.584460409479988 ], [ -122.707485672235293, 39.562171344135933 ], [ -122.668307742679033, 39.54062149309766 ], [ -122.684431109790495, 39.518952720259449 ], [ -122.718587622048773, 39.515556508497944 ], [ -122.743993421988321, 39.472171321788295 ], [ -122.742255337049286, 39.43128640201229 ], [ -122.776186729439019, 39.429906367937434 ], [ -122.78409248444882, 39.442606618487517 ], [ -122.81097875434385, 39.408781458668322 ], [ -122.80155555254602, 39.390829131117165 ], [ -122.742132032217981, 39.365824709326446 ], [ -122.775413719941014, 39.315514007861189 ], [ -122.757940956189429, 39.285109360265722 ], [ -122.665378664333289, 39.217509073369619 ], [ -122.594874426482917, 39.21417208576419 ], [ -122.566366268500104, 39.261715097895539 ], [ -122.527577320667206, 39.230583144970169 ], [ -122.48145777727693, 39.239877470006213 ], [ -122.450075998620292, 39.202326268529617 ], [ -122.429335064021345, 39.207446279143447 ], [ -122.414972383327054, 39.24166055221702 ], [ -122.445615404672381, 39.257557231025018 ], [ -122.454637126606841, 39.282799404363402 ], [ -122.44026441449148, 39.307034464684996 ], [ -122.459975488792139, 39.352136015818907 ], [ -122.452172352530368, 39.392449593471888 ], [ -122.512312668340869, 39.596983907521263 ], [ -122.504056256340064, 39.62111992499635 ], [ -122.466120810681275, 39.63459182099254 ], [ -122.466576371991124, 39.679564117634108 ], [ -122.292997764531393, 39.774943419393324 ], [ -122.071076391233689, 39.735357893019362 ], [ -121.997981205190456, 39.70667227532698 ], [ -121.984582848221379, 39.6824327169982 ], [ -121.970318283157127, 39.679293639693206 ], [ -121.99504602852565, 39.710384133169988 ], [ -122.014222424215845, 39.71987629759856 ], [ -122.114342444222856, 39.761937926633216 ], [ -122.198885170514416, 39.769711534264047 ], [ -122.227116921339189, 39.792800434793278 ], [ -122.302225569500294, 39.810566350935652 ], [ -122.319364801416299, 39.831296332238196 ], [ -122.357409414953466, 39.824785779330774 ], [ -122.379452094898738, 39.838591411619738 ], [ -122.472185019538401, 39.822204574353528 ], [ -122.516793980230517, 39.831281057410955 ], [ -122.519390014531737, 39.848314224338566 ] ] ] } },
{ "type": "Feature", "properties": { "Name": "Upper Cache", "HUC8": "18020116", "AreaAc": 745638 }, "geometry": { "type": "Polygon", "coordinates": [ [ [ -122.711614824575051, 39.2563484482421 ], [ -122.75052749969386, 39.242159245705345 ], [ -122.811830231867503, 39.259913265945777 ], [ -122.847166181481441, 39.240621974615983 ], [ -122.943209639384648, 39.312541672006198 ], [ -122.977858681135089, 39.305773050866847 ], [ -123.024487706056178, 39.319662208468671 ], [ -123.022947116476885, 39.282987970598377 ], [ -122.994019420926364, 39.239328096585488 ], [ -123.026449793772855, 39.220980718700744 ], [ -123.015134369659208, 39.210438462877079 ], [ -123.052358767538976, 39.166019660986493 ], [ -123.065112471794663, 39.173376400858601 ], [ -123.082225287097984, 39.154798842695094 ], [ -123.097436951150797, 39.084891076573548 ], [ -123.056027560183452, 39.052795138711076 ], [ -123.050228923825557, 39.015490414292501 ], [ -122.986918922245394, 38.994490434877605 ], [ -122.978327424585174, 38.942247866007449 ], [ -122.953961581367807, 38.912382055853776 ], [ -122.829114791379837, 38.862245523112307 ], [ -122.745170242999393, 38.802031605293593 ], [ -122.681048021286031, 38.816961180259348 ], [ -122.727718602107757, 38.845372075311943 ], [ -122.730131648528982, 38.863017624003334 ], [ -122.671457945685887, 38.868675594034848 ], [ -122.619305398037596, 38.83260200013023 ], [ -122.573109556684358, 38.846116075781573 ], [ -122.558126481971897, 38.907862092757242 ], [ -122.539699244316949, 38.919875874842148 ], [ -122.46619859676899, 38.87819738159827 ], [ -122.423050348976986, 38.900876489190047 ], [ -122.372473740365706, 38.845000594625375 ], [ -122.287479350754424, 38.840057252341971 ], [ -122.222642814641517, 38.699606408855068 ], [ -122.144083551380149, 38.640402046902878 ], [ -122.118162338712068, 38.640836561760139 ], [ -122.12170617448389, 38.655758399170459 ], [ -122.088819975914504, 38.677914556462156 ], [ -122.105294705591788, 38.691168105385522 ], [ -122.076708362183837, 38.704117545689037 ], [ -122.048480921181678, 38.695543955758104 ], [ -121.982349247752282, 38.705735858787001 ], [ -121.9238487884611, 38.676509851308957 ], [ -121.845841020837739, 38.688890145903734 ], [ -121.79164934914975, 38.660903805051426 ], [ -121.673432025564765, 38.677318370913149 ], [ -121.704020085563798, 38.699047951525124 ], [ -121.706773428385219, 38.724760884639259 ], [ -121.762421617626075, 38.720603653264149 ], [ -121.786022689832691, 38.735454721497433 ], [ -121.885278204059176, 38.694601457081632 ], [ -121.908963518829637, 38.741264072164178 ], [ -121.98241755379226, 38.769053278290123 ], [ -122.018198226015471, 38.802755314388151 ], [ -122.099243625459863, 38.800357335867041 ], [ -122.123732369193817, 38.787296449177674 ], [ -122.149840053855741, 38.845868985567179 ], [ -122.175859042345948, 38.850317849137852 ], [ -122.215122414473683, 38.913269627235344 ], [ -122.233207058476566, 38.925669192309144 ], [ -122.303259392192174, 38.920055992336856 ], [ -122.319378280522358, 38.938307249623634 ], [ -122.321328296514011, 39.019048362178367 ], [ -122.348260125571855, 39.028844235231738 ], [ -122.358991369237827, 39.056067251769583 ], [ -122.385830282230074, 39.045679250948062 ], [ -122.403686575077003, 39.080846789468268 ], [ -122.417486996549769, 39.224683705789211 ], [ -122.456730751654774, 39.202478311899227 ], [ -122.48145777727693, 39.239877470006213 ], [ -122.527577320667206, 39.230583144970169 ], [ -122.566366268500104, 39.261715097895539 ], [ -122.589900476373344, 39.216643903568084 ], [ -122.650494697408931, 39.213821799911017 ], [ -122.711614824575051, 39.2563484482421 ] ] ] } },
{ "type": "Feature", "properties": { "Name": "North Fork Feather", "HUC8": "18020121", "AreaAc": 775323 }, "geometry": { "type": "Polygon", "coordinates": [ [ [ -121.239585663948631, 40.495623765928315 ], [ -121.237089533558517, 40.466853711473668 ], [ -121.262217233847124, 40.459487238719504 ], [ -121.307861563709878, 40.473965728353605 ], [ -121.340792980020353, 40.452133191057939 ], [ -121.360120913470269, 40.468128381531223 ], [ -121.349768854197833, 40.491605618817992 ], [ -121.394132378628356, 40.488923802399981 ], [ -121.410006917907523, 40.507199626375282 ], [ -121.458271822094005, 40.470339790264212 ], [ -121.503078123320336, 40.480531880519059 ], [ -121.498053071833581, 40.431896749542076 ], [ -121.472788391827379, 40.423890776619736 ], [ -121.480152157930434, 40.36067424444871 ], [ -121.375559136242089, 40.33748784845141 ], [ -121.342435191453362, 40.30996553671357 ], [ -121.372579995357029, 40.296759641846123 ], [ -121.341095953442164, 40.266708481136924 ], [ -121.366866264469181, 40.247029234557608 ], [ -121.368501309094512, 40.211674935864231 ], [ -121.444349402827683, 40.190625227088411 ], [ -121.446548762271263, 40.155418096122645 ], [ -121.413058695752397, 40.156327391769516 ], [ -121.372118018550481, 40.100734843355973 ], [ -121.380543972083217, 40.053932813854608 ], [ -121.419832140139917, 40.063344729222706 ], [ -121.442355579499761, 40.093934800483083 ], [ -121.517177393686438, 40.046605576656056 ], [ -121.548611652145993, 39.936094813781288 ], [ -121.5859110062068, 39.914085589061351 ], [ -121.554759673265494, 39.871385003135337 ], [ -121.580856066986172, 39.826119905618505 ], [ -121.572983465714174, 39.682565538562351 ], [ -121.546162474223792, 39.645078561767974 ], [ -121.526357938460265, 39.646289558142151 ], [ -121.53074256928069, 39.618608748546045 ], [ -121.508849777553152, 39.6118199564823 ], [ -121.520604745996224, 39.585610252019187 ], [ -121.487773234650376, 39.555745361579845 ], [ -121.464576919679985, 39.557209295261309 ], [ -121.444150721194902, 39.585765638499012 ], [ -121.463587508123879, 39.653262089388754 ], [ -121.421364632396106, 39.643811808202713 ], [ -121.412450036541259, 39.624135126593558 ], [ -121.34810497826706, 39.622970622005852 ], [ -121.334311068310129, 39.655545158434442 ], [ -121.349424733601936, 39.676919936877283 ], [ -121.289863405196343, 39.739386058325124 ], [ -121.307704066778157, 39.777681612781649 ], [ -121.295479377985558, 39.791278686110267 ], [ -121.321232500631723, 39.813462273526028 ], [ -121.297702294295462, 39.848084595976935 ], [ -121.271401574507209, 39.860109944062536 ], [ -121.197576873423031, 39.839163153270555 ], [ -121.178832818160529, 39.858868908595831 ], [ -121.141409744696574, 39.851072527187753 ], [ -121.125348118035262, 39.861451734561435 ], [ -121.117027838380139, 39.895333748227131 ], [ -121.13510414449739, 39.930440029437896 ], [ -121.167475395939761, 39.963408196324536 ], [ -121.205461148040456, 39.962568192210355 ], [ -121.230593910664396, 39.994672807187428 ], [ -121.187157075254163, 40.040145270961055 ], [ -121.096112074034806, 40.073867158952389 ], [ -121.083331832145248, 40.064765397822761 ], [ -121.076866736478863, 40.086056732595345 ], [ -121.052692404052991, 40.093817544506372 ], [ -121.04431369597016, 40.131006950158387 ], [ -121.074287310649055, 40.158720470701319 ], [ -121.046482356183333, 40.225184168166876 ], [ -121.032703300622828, 40.239339015604344 ], [ -120.896644239173582, 40.190692594344469 ], [ -120.867930172697115, 40.239373233942594 ], [ -120.835370303711272, 40.2461064820018 ], [ -120.814641613455436, 40.278434152411677 ], [ -120.871965037844419, 40.33837235532561 ], [ -120.867265359603806, 40.374223807686647 ], [ -120.98558333727685, 40.419950865229261 ], [ -121.048591456729639, 40.463123258040916 ], [ -121.051352080881841, 40.482160867424696 ], [ -121.116937757536249, 40.474704979803086 ], [ -121.137604749775704, 40.487226546594179 ], [ -121.170906661643556, 40.471486570360611 ], [ -121.222876523024269, 40.502076882845728 ], [ -121.239585663948631, 40.495623765928315 ] ] ] } },
{ "type": "Feature", "properties": { "Name": "Upper Yuba", "HUC8": "18020125", "AreaAc": 860756 }, "geometry": { "type": "Polygon", "coordinates": [ [ [ -120.430237745815475, 39.516637702732837 ], [ -120.49245947229528, 39.592530539314787 ], [ -120.497724814898973, 39.646971335394468 ], [ -120.604577273963685, 39.689441771804333 ], [ -120.633608082413559, 39.663868180698941 ], [ -120.671588033557057, 39.659848008140962 ], [ -120.716956123797132, 39.706478061540984 ], [ -120.75019429215736, 39.71957642656902 ], [ -120.79205714342659, 39.710005792247685 ], [ -120.815542555242942, 39.746927556253411 ], [ -120.83980463647363, 39.746518147807173 ], [ -120.873612695832875, 39.776186779145227 ], [ -120.922691218764058, 39.750904110863267 ], [ -120.9650900535364, 39.701960385164902 ], [ -121.008000889858621, 39.702500896808807 ], [ -121.007676661634633, 39.661515404579596 ], [ -121.046550117922038, 39.649600447284449 ], [ -121.079025822670914, 39.586922073535035 ], [ -121.147855432626258, 39.544985449135581 ], [ -121.152441681323538, 39.521755807329463 ], [ -121.30020413544851, 39.523951248629899 ], [ -121.304454433509264, 39.481524766833587 ], [ -121.281633157428232, 39.475988522789706 ], [ -121.291648397086547, 39.42957862270228 ], [ -121.329718061080996, 39.392781393770441 ], [ -121.321122226272536, 39.296152096121119 ], [ -121.407494989877037, 39.317994494020745 ], [ -121.436777703185044, 39.225193426009241 ], [ -121.506237869081303, 39.209428830812875 ], [ -121.54035148120748, 39.185361998755553 ], [ -121.595117460166435, 39.135916302074079 ], [ -121.59759498019298, 39.127547667992545 ], [ -121.543876073771955, 39.140684784447558 ], [ -121.521985002936503, 39.179213735959344 ], [ -121.459671137606207, 39.198782577369478 ], [ -121.428982465208435, 39.186527951617364 ], [ -121.373547419326499, 39.201491520400509 ], [ -121.355362786809252, 39.182385126606114 ], [ -121.324084746866959, 39.202379531119639 ], [ -121.299059178053867, 39.182003909259002 ], [ -121.221926746215175, 39.19155985583091 ], [ -121.144306767845436, 39.161872720675781 ], [ -121.116124511369719, 39.16772074033306 ], [ -121.107436998565277, 39.207859040398198 ], [ -121.075866832457081, 39.198442311083092 ], [ -121.074762300881062, 39.231294654369286 ], [ -121.042091412428661, 39.245499538859555 ], [ -120.972167491580677, 39.237200721204488 ], [ -120.906282984386351, 39.264819398837098 ], [ -120.888918245831135, 39.287044807337907 ], [ -120.792522257501645, 39.286519764553965 ], [ -120.742113158212163, 39.323608936960916 ], [ -120.679100909682333, 39.322961062151307 ], [ -120.650807334798813, 39.306143544631894 ], [ -120.583123360231653, 39.319787667672919 ], [ -120.540411489600984, 39.289386378943277 ], [ -120.486105341867173, 39.282994461093701 ], [ -120.429068582016484, 39.289451089377451 ], [ -120.412744949478196, 39.321169680111225 ], [ -120.32681534751265, 39.288190047199869 ], [ -120.322103557780764, 39.324798183972547 ], [ -120.365514824322432, 39.384253164730559 ], [ -120.368936652456711, 39.424281451660725 ], [ -120.418124427847729, 39.418816676444045 ], [ -120.422223563085396, 39.435715256267521 ], [ -120.450247602850069, 39.42338876283776 ], [ -120.464935233042354, 39.437169558400839 ], [ -120.430237745815475, 39.516637702732837 ] ] ] } },
{ "type": "Feature", "properties": { "Name": "Upper Bear", "HUC8": "18020126", "AreaAc": 303546 }, "geometry": { "type": "Polygon", "coordinates": [ [ [ -120.650807334798813, 39.306143544631894 ], [ -120.679100909682333, 39.322961062151307 ], [ -120.742113158212163, 39.323608936960916 ], [ -120.792522257501645, 39.286519764553965 ], [ -120.888918245831135, 39.287044807337907 ], [ -120.906282984386351, 39.264819398837098 ], [ -120.972167491580677, 39.237200721204488 ], [ -121.041204123211202, 39.245802464793627 ], [ -121.074762300881062, 39.231294654369286 ], [ -121.075726744151069, 39.198523435345258 ], [ -121.102320883644111, 39.210949367912299 ], [ -121.114526317907163, 39.168421474267966 ], [ -121.143919578165267, 39.16185397253777 ], [ -121.221926746215175, 39.19155985583091 ], [ -121.299059178053867, 39.182003909259002 ], [ -121.318496168031871, 39.20150298476937 ], [ -121.369795912597539, 39.07939153400249 ], [ -121.552603694171594, 39.034436170582246 ], [ -121.580526389871338, 38.999221654087343 ], [ -121.580261720754024, 38.939475588371856 ], [ -121.538230298787184, 38.969755115395749 ], [ -121.486462749746792, 38.954880700256048 ], [ -121.415652712961375, 38.956902804539297 ], [ -121.355862671387314, 38.935610312940021 ], [ -121.287252683592172, 39.010864686797078 ], [ -121.158073923757286, 38.986134749500827 ], [ -121.131833987616517, 38.986891497819514 ], [ -121.114966760379218, 39.009305648796698 ], [ -121.020501864100652, 38.979409200328533 ], [ -120.977108877760799, 39.01397991856399 ], [ -120.98292452479879, 39.051255776850091 ], [ -120.948680726181038, 39.120815945333042 ], [ -120.784595739413618, 39.215149096630498 ], [ -120.764858886962983, 39.247323362420836 ], [ -120.650807334798813, 39.306143544631894 ] ] ] } },
{ "type": "Feature", "properties": { "Name": "North Fork American", "HUC8": "18020128", "AreaAc": 648089 }, "geometry": { "type": "Polygon", "coordinates": [ [ [ -120.32681534751265, 39.288190047199869 ], [ -120.4142132080663, 39.321161602285002 ], [ -120.429413154595935, 39.289298357474308 ], [ -120.530422976640764, 39.286279876496948 ], [ -120.599648702287396, 39.320133273171884 ], [ -120.692911753286936, 39.291469410186451 ], [ -120.765253106610771, 39.247073476745264 ], [ -120.784595739413618, 39.215149096630498 ], [ -120.948680726181038, 39.120815945333042 ], [ -120.98292452479879, 39.051255776850091 ], [ -120.977108877760799, 39.01397991856399 ], [ -120.998510107752864, 39.004050525643407 ], [ -121.008418879871627, 38.96690619110089 ], [ -121.054584387118453, 38.936519451018995 ], [ -121.070846146990903, 38.87425059648929 ], [ -121.113311326119685, 38.861855235521901 ], [ -121.111980638726692, 38.797885799284295 ], [ -121.169898223887671, 38.731078909982898 ], [ -121.170030616030886, 38.711191190849135 ], [ -121.14808744147696, 38.703279820739908 ], [ -121.098048660816531, 38.771899504521471 ], [ -121.083123257890421, 38.771097702433856 ], [ -121.080827310994977, 38.794032792733589 ], [ -121.057668353300969, 38.812903534097046 ], [ -121.0298482095846, 38.81002015032356 ], [ -121.022688839130325, 38.863278706622232 ], [ -120.977950743900919, 38.906162602169097 ], [ -120.954380273350026, 38.916976922824354 ], [ -120.922094422493629, 38.910211908641948 ], [ -120.89639686897047, 38.929493754638379 ], [ -120.861570202792635, 38.90207790442571 ], [ -120.783735806997313, 38.928777406471426 ], [ -120.767114988547476, 38.915144016216679 ], [ -120.752314201064038, 38.935685612029623 ], [ -120.712527779285281, 38.943952013173522 ], [ -120.642517341178561, 38.888033991856076 ], [ -120.565632936428941, 38.880815776683527 ], [ -120.503601383834862, 38.897748873091246 ], [ -120.481209638120362, 38.890174837839034 ], [ -120.433826337049894, 38.942756271621413 ], [ -120.382571231422432, 38.913601065277831 ], [ -120.355701996498098, 38.923276608773364 ], [ -120.348473925964967, 38.948272661629694 ], [ -120.324305560490018, 38.94261477529156 ], [ -120.268543826591525, 38.9655615087824 ], [ -120.187812222582551, 38.897891242883091 ], [ -120.17555547710019, 38.867141356420817 ], [ -120.164791496785313, 38.872711111873507 ], [ -120.15113030334112, 38.900431336965106 ], [ -120.164627869575355, 38.922688717660243 ], [ -120.141169042128425, 38.965665307530919 ], [ -120.184095537889974, 38.982813812334527 ], [ -120.203989191421144, 39.011689793270769 ], [ -120.189252197841512, 39.029202363385515 ], [ -120.197845115524984, 39.066765458762518 ], [ -120.224448983790069, 39.063588218193622 ], [ -120.252463486885418, 39.084104412081921 ], [ -120.233549592789842, 39.112481679609793 ], [ -120.246197587117678, 39.174859483137922 ], [ -120.287222892308463, 39.198245361629525 ], [ -120.263874475124723, 39.222948338343997 ], [ -120.32681534751265, 39.288190047199869 ] ] ] } },
{ "type": "Feature", "properties": { "Name": "South Fork American", "HUC8": "18020129", "AreaAc": 543766 }, "geometry": { "type": "Polygon", "coordinates": [ [ [ -120.15276300734395, 38.88489412170329 ], [ -120.17555547710019, 38.867141356420817 ], [ -120.187812222582551, 38.897891242883091 ], [ -120.268543826591525, 38.9655615087824 ], [ -120.324305560490018, 38.94261477529156 ], [ -120.348473925964967, 38.948272661629694 ], [ -120.355701996498098, 38.923276608773364 ], [ -120.382571231422432, 38.913601065277831 ], [ -120.433826337049894, 38.942756271621413 ], [ -120.481209638120362, 38.890174837839034 ], [ -120.503601383834862, 38.897748873091246 ], [ -120.565632936428941, 38.880815776683527 ], [ -120.642517341178561, 38.888033991856076 ], [ -120.712527779285281, 38.943952013173522 ], [ -120.752314201064038, 38.935685612029623 ], [ -120.767114988547476, 38.915144016216679 ], [ -120.783735806997313, 38.928777406471426 ], [ -120.861570202792635, 38.90207790442571 ], [ -120.89639686897047, 38.929493754638379 ], [ -120.922094422493629, 38.910211908641948 ], [ -120.954380273350026, 38.916976922824354 ], [ -121.006807553448397, 38.880842247654243 ], [ -121.029678237715899, 38.810217538052456 ], [ -121.057668353300969, 38.812903534097046 ], [ -121.080827310994977, 38.794032792733589 ], [ -121.083123257890421, 38.771097702433856 ], [ -121.098048660816531, 38.771899504521471 ], [ -121.148238543557099, 38.701386047089365 ], [ -121.130038550265397, 38.693269791328625 ], [ -121.09696111881857, 38.708688701312248 ], [ -121.085847747866708, 38.674631972332286 ], [ -121.071528999778494, 38.673576189034556 ], [ -121.038532972959487, 38.687338912788142 ], [ -121.006672309896814, 38.679933813216863 ], [ -121.009843343473847, 38.703021430842703 ], [ -120.993589652040015, 38.713306260638845 ], [ -120.926891669639105, 38.657812631845204 ], [ -120.917370165442875, 38.674136269792598 ], [ -120.858492803746472, 38.668430903669034 ], [ -120.850922262253746, 38.63482020398051 ], [ -120.823775149776552, 38.698429113236003 ], [ -120.744543718066367, 38.674334467433198 ], [ -120.718671888498292, 38.701455092857515 ], [ -120.64083296327135, 38.703580481136527 ], [ -120.554008812093755, 38.757302493065247 ], [ -120.489040062503221, 38.753203906677321 ], [ -120.439828457044484, 38.74549898970357 ], [ -120.390498453591903, 38.705339128152843 ], [ -120.357049482092307, 38.704182518800607 ], [ -120.249029095698617, 38.657938063998699 ], [ -120.239147280675724, 38.629968419990433 ], [ -120.146034478102735, 38.643407958021164 ], [ -120.121358232865589, 38.614562091178293 ], [ -120.062972586842392, 38.629224016696739 ], [ -120.015858465050854, 38.665526278431948 ], [ -119.985939055157701, 38.663995195563508 ], [ -119.983125090387944, 38.685771064281788 ], [ -119.992398491738342, 38.708480373592593 ], [ -120.016353116472004, 38.70882438947217 ], [ -120.051719873836859, 38.740091042704506 ], [ -120.053794148426107, 38.795289719621735 ], [ -120.028559504563447, 38.806477554085923 ], [ -120.029474877148715, 38.822471796574668 ], [ -120.098746191458332, 38.829448682885257 ], [ -120.15276300734395, 38.88489412170329 ] ] ] } },
{ "type": "Feature", "properties": { "Name": "Cow Creek", "HUC8": "18020151", "AreaAc": 273588 }, "geometry": { "type": "Polygon", "coordinates": [ [ [ -121.641611205358359, 40.640508922901724 ], [ -121.64144763634053, 40.663291161373763 ], [ -121.748458995511371, 40.710498306764002 ], [ -121.753329003647764, 40.73818603576602 ], [ -121.789506988381319, 40.742294921239406 ], [ -121.793899881269269, 40.772321220520034 ], [ -121.816414948603224, 40.787553120900206 ], [ -121.862336200443622, 40.783953301463967 ], [ -121.937805635147228, 40.805665084776919 ], [ -121.9957796354321, 40.791046490991533 ], [ -122.030952872993808, 40.800560315924614 ], [ -122.07276765730164, 40.756650753720272 ], [ -122.142536868762846, 40.717587340152853 ], [ -122.246924619755333, 40.733632521154242 ], [ -122.267170985604722, 40.722588914943842 ], [ -122.251107174973413, 40.7103724428842 ], [ -122.269142749678025, 40.680717627440522 ], [ -122.249168583891063, 40.632829929006206 ], [ -122.262778812041375, 40.573798205824836 ], [ -122.246696481845802, 40.493940399111935 ], [ -122.229848260154839, 40.46428964971593 ], [ -122.215456262409305, 40.470157184518861 ], [ -122.221420373331824, 40.504685399315861 ], [ -122.181486856484653, 40.528073815659617 ], [ -122.147404621601424, 40.517179472698118 ], [ -122.127960955597288, 40.540530819971508 ], [ -122.10034634627867, 40.541469803605175 ], [ -122.053917949812686, 40.521344645927925 ], [ -121.838308665092057, 40.597745441963319 ], [ -121.769954733277089, 40.589075979811419 ], [ -121.670529780639427, 40.61460145133195 ], [ -121.668445708161514, 40.637195553576632 ], [ -121.641611205358359, 40.640508922901724 ] ] ] } },
{ "type": "Feature", "properties": { "Name": "Cottonwood Creek", "HUC8": "18020152", "AreaAc": 603931 }, "geometry": { "type": "Polygon", "coordinates": [ [ [ -122.201408739071525, 40.367793864173635 ], [ -122.253787708625254, 40.414506560559516 ], [ -122.34688195803966, 40.414241461414605 ], [ -122.422314194967072, 40.43789401789661 ], [ -122.543948253932555, 40.513182858287671 ], [ -122.602691011438864, 40.527608260624518 ], [ -122.616459714480541, 40.56776349448814 ], [ -122.683991298652458, 40.589165785744378 ], [ -122.698707833636789, 40.569402872634612 ], [ -122.722545018206631, 40.575299910973122 ], [ -122.743970996416436, 40.553701787540682 ], [ -122.767229835253431, 40.555279472658576 ], [ -122.793492280839473, 40.514472404988872 ], [ -122.846175575547989, 40.505031799074096 ], [ -122.901879736546377, 40.44512003183663 ], [ -122.998739738771306, 40.418195255010389 ], [ -123.016624293421586, 40.372590246154019 ], [ -123.065704871177573, 40.345127342377424 ], [ -123.066037801649344, 40.285450431476562 ], [ -122.977450639682985, 40.241235573909286 ], [ -122.969913449665142, 40.186640558406062 ], [ -122.989747892851014, 40.144983133670202 ], [ -122.968588569622327, 40.138959450733516 ], [ -122.973398940022079, 40.07744855901624 ], [ -122.949141883216015, 40.049583087854614 ], [ -122.818836272515796, 40.03807483502527 ], [ -122.695673291410756, 40.083142690204589 ], [ -122.641793703061509, 40.131766552867134 ], [ -122.578966514039692, 40.144178773425843 ], [ -122.443186036885223, 40.244458967631694 ], [ -122.319311701262151, 40.280373239225639 ], [ -122.27983758526814, 40.279243809035499 ], [ -122.201408739071525, 40.367793864173635 ] ] ] } },
{ "type": "Feature", "properties": { "Name": "Battle Creek", "HUC8": "18020153", "AreaAc": 236367 }, "geometry": { "type": "Polygon", "coordinates": [ [ [ -121.507899289652059, 40.486235139958822 ], [ -121.518326212877369, 40.531156071934198 ], [ -121.619079196497225, 40.587143043455704 ], [ -121.61670569699865, 40.616300767249832 ], [ -121.639599819970954, 40.640112937154171 ], [ -121.659226090389822, 40.639631646189599 ], [ -121.666158807098256, 40.616536958365451 ], [ -121.712243868039991, 40.602055514923585 ], [ -121.71843358829625, 40.573749771718937 ], [ -121.766062120609064, 40.526488151280219 ], [ -121.841079818583395, 40.517191916161508 ], [ -121.885409327264455, 40.485403034077407 ], [ -121.995664529013766, 40.465602693947069 ], [ -122.003322165952468, 40.448633691001405 ], [ -122.087862953351149, 40.430495714884934 ], [ -122.133640094567539, 40.410958911208645 ], [ -122.131851347434406, 40.399693589768439 ], [ -122.188786264307723, 40.395942475618035 ], [ -122.193752823390298, 40.384472726908967 ], [ -122.167320876601167, 40.35299007173024 ], [ -122.098702272757592, 40.389611388533694 ], [ -122.02179296062171, 40.381626319273245 ], [ -121.911965768058195, 40.33926757060572 ], [ -121.837323562110626, 40.340890532153807 ], [ -121.804257303553712, 40.358172632616885 ], [ -121.687208939809651, 40.343107039958376 ], [ -121.606599328525377, 40.302607839605614 ], [ -121.547348627570841, 40.33465261155699 ], [ -121.524288621512653, 40.371038145773639 ], [ -121.559937418920043, 40.444177004980268 ], [ -121.507899289652059, 40.486235139958822 ] ] ] } },
{ "type": "Feature", "properties": { "Name": "Clear Creek-Sacramento River", "HUC8": "18020154", "AreaAc": 438804 }, "geometry": { "type": "Polygon", "coordinates": [ [ [ -122.537646750070067, 41.002783395984345 ], [ -122.601257130048012, 40.973005336267207 ], [ -122.612947832269185, 40.921288513261608 ], [ -122.600140835555436, 40.900186657566174 ], [ -122.666354364432109, 40.825694894943794 ], [ -122.658391934671286, 40.787454660955376 ], [ -122.717563317308759, 40.747266482374528 ], [ -122.706504491214432, 40.724577343678547 ], [ -122.722392405429773, 40.69545071203229 ], [ -122.752395773709011, 40.689418376928472 ], [ -122.727316731933442, 40.650731633649748 ], [ -122.736470498653119, 40.636415949215376 ], [ -122.709956539256481, 40.631149726216009 ], [ -122.700049261313708, 40.58534183799447 ], [ -122.664056721770891, 40.58939252001818 ], [ -122.616459714480541, 40.56776349448814 ], [ -122.602389697111747, 40.527417169989462 ], [ -122.543948253932555, 40.513182858287671 ], [ -122.44573647905932, 40.450008518821427 ], [ -122.36281745024705, 40.417460330879827 ], [ -122.253787708625254, 40.414506560559516 ], [ -122.201408739071525, 40.367793864173635 ], [ -122.190161710542597, 40.367188927095938 ], [ -122.184592743846039, 40.357959346581403 ], [ -122.169004395057883, 40.35242796649068 ], [ -122.188786264307723, 40.395942475618035 ], [ -122.131851347434406, 40.399693589768439 ], [ -122.103476432109588, 40.424820285975066 ], [ -122.003322165952468, 40.448633691001405 ], [ -121.995664529013766, 40.465602693947069 ], [ -121.932195370856007, 40.468939704995051 ], [ -121.841079818583395, 40.517191916161508 ], [ -121.767013158260568, 40.526098161964285 ], [ -121.747590071056635, 40.540783181812884 ], [ -121.717882444224927, 40.574680853440604 ], [ -121.716439155233175, 40.611465540944366 ], [ -121.769954733277089, 40.589075979811419 ], [ -121.85075614251457, 40.594493882458998 ], [ -122.053917949812686, 40.521344645927925 ], [ -122.10034634627867, 40.541469803605175 ], [ -122.127960955597288, 40.540530819971508 ], [ -122.147404621601424, 40.517179472698118 ], [ -122.181486856484653, 40.528073815659617 ], [ -122.221420373331824, 40.504685399315861 ], [ -122.215456262409305, 40.470157184518861 ], [ -122.231387126293583, 40.464139416928965 ], [ -122.259214811087276, 40.532000411370277 ], [ -122.249168583891063, 40.632829929006206 ], [ -122.269142749678025, 40.680717627440522 ], [ -122.251107174973413, 40.7103724428842 ], [ -122.265352131804065, 40.72965656527348 ], [ -122.310917958984703, 40.751761698394326 ], [ -122.366268864435099, 40.734776823797375 ], [ -122.382778242846967, 40.71290166187741 ], [ -122.412750496172251, 40.711256931398751 ], [ -122.439163099494181, 40.730103033413108 ], [ -122.499014954043744, 40.712394291377656 ], [ -122.548473367008043, 40.735704209108412 ], [ -122.521118947266572, 40.763386974698719 ], [ -122.51824242020011, 40.793297124360066 ], [ -122.547264641678922, 40.83123157087033 ], [ -122.521296683933144, 40.897673760469921 ], [ -122.542044349335669, 40.937315120131544 ], [ -122.522781706447489, 40.962033140192048 ], [ -122.543045950550535, 40.979707013184488 ], [ -122.537646750070067, 41.002783395984345 ] ] ] } },
{ "type": "Feature", "properties": { "Name": "Paynes Creek-Sacramento River", "HUC8": "18020155", "AreaAc": 271113 }, "geometry": { "type": "Polygon", "coordinates": [ [ [ -121.658971887936204, 40.331135193445547 ], [ -121.687208939809651, 40.343107039958376 ], [ -121.804257303553712, 40.358172632616885 ], [ -121.838141831067063, 40.34076494085334 ], [ -121.932543501945574, 40.341704496208379 ], [ -122.02179296062171, 40.381626319273245 ], [ -122.098103450084466, 40.389583224512855 ], [ -122.153506733153606, 40.354183814166582 ], [ -122.201408739071525, 40.367793864173635 ], [ -122.27983758526814, 40.279243809035499 ], [ -122.319311701262151, 40.280373239225639 ], [ -122.443186036885223, 40.244458967631694 ], [ -122.577325210724567, 40.145143465600142 ], [ -122.641793703061509, 40.131766552867134 ], [ -122.738596753558681, 40.062194975447973 ], [ -122.65375256978767, 40.032328468964536 ], [ -122.569864880738621, 40.060438478331655 ], [ -122.548917734130313, 40.044886035994871 ], [ -122.470998438949238, 40.047021971080483 ], [ -122.417375924586864, 40.083676690991517 ], [ -122.207162262583523, 40.13253994812667 ], [ -122.219588455557599, 40.198692233731386 ], [ -122.101873776762204, 40.245288616022293 ], [ -122.100511407351291, 40.260012901454466 ], [ -122.053462265382933, 40.283654039580789 ], [ -121.849815714308363, 40.267845276757335 ], [ -121.780305807813733, 40.307494840545942 ], [ -121.658971887936204, 40.331135193445547 ] ] ] } },
{ "type": "Feature", "properties": { "Name": "Thomes Creek-Sacramento River", "HUC8": "18020156", "AreaAc": 645690 }, "geometry": { "type": "Polygon", "coordinates": [ [ [ -121.503078123320336, 40.480531880519059 ], [ -121.548944769249132, 40.464037819863329 ], [ -121.559907009264279, 40.444350135281987 ], [ -121.524288621512653, 40.371038145773639 ], [ -121.547348627570841, 40.33465261155699 ], [ -121.606599328525377, 40.302607839605614 ], [ -121.670411154086466, 40.333721268785901 ], [ -121.782059330409226, 40.306910093966792 ], [ -121.849815714308363, 40.267845276757335 ], [ -121.955527235891353, 40.269560753733877 ], [ -122.04225724662254, 40.28756741101266 ], [ -122.098043389657519, 40.261916518362213 ], [ -122.101873776762204, 40.245288616022293 ], [ -122.219588455557599, 40.198692233731386 ], [ -122.207162262583523, 40.13253994812667 ], [ -122.417375924586864, 40.083676690991517 ], [ -122.470998438949238, 40.047021971080483 ], [ -122.548917734130313, 40.044886035994871 ], [ -122.569864880738621, 40.060438478331655 ], [ -122.653457605600821, 40.032318505399054 ], [ -122.745245013713969, 40.064005321106194 ], [ -122.819790700651296, 40.037994870821883 ], [ -122.949141883216015, 40.049583087854614 ], [ -122.952123444774116, 39.998314366262655 ], [ -122.91007825362226, 39.935668065299886 ], [ -122.951346101084866, 39.906001119755281 ], [ -122.952981963065454, 39.862651023883807 ], [ -122.903643100653611, 39.856880774883734 ], [ -122.856402808409669, 39.831964156673202 ], [ -122.833583365296946, 39.83959000895193 ], [ -122.773373117829394, 39.821396642963521 ], [ -122.748975463431918, 39.830680819268288 ], [ -122.697518013567318, 39.803803579342471 ], [ -122.622247617052281, 39.812329792216616 ], [ -122.625511473777152, 39.830568741395879 ], [ -122.603049556382757, 39.833180835093266 ], [ -122.588554845145865, 39.864566628562329 ], [ -122.562871165698795, 39.856312449043514 ], [ -122.518079300275886, 39.869177792425333 ], [ -122.376366250812339, 39.937794728712959 ], [ -122.117646320613161, 39.9761366620084 ], [ -122.090455769093268, 39.993041334444356 ], [ -122.100482692079908, 40.022331810653412 ], [ -122.085890313896925, 40.036637488812858 ], [ -121.882469427753804, 40.083580074838416 ], [ -121.796598827781935, 40.133948729485979 ], [ -121.703032836211804, 40.13589729749301 ], [ -121.689913163451024, 40.161030595296815 ], [ -121.6020377566945, 40.211819546545058 ], [ -121.574882157889562, 40.213739218386593 ], [ -121.530713293784672, 40.27551472839987 ], [ -121.493078062789138, 40.278737730199317 ], [ -121.479106783131058, 40.297011382993908 ], [ -121.507067512735034, 40.34614653609551 ], [ -121.476726214203367, 40.372395182720602 ], [ -121.472788391827379, 40.423890776619736 ], [ -121.498053071833581, 40.431896749542076 ], [ -121.503078123320336, 40.480531880519059 ] ] ] } },
{ "type": "Feature", "properties": { "Name": "Big Chico Creek-Sacramento River", "HUC8": "18020157", "AreaAc": 609427 }, "geometry": { "type": "Polygon", "coordinates": [ [ [ -121.481371343768473, 40.366541701524376 ], [ -121.507067512735034, 40.34614653609551 ], [ -121.478863978441581, 40.301340496651285 ], [ -121.489657879687911, 40.281063819042188 ], [ -121.530713293784672, 40.27551472839987 ], [ -121.574882157889562, 40.213739218386593 ], [ -121.666577969976345, 40.176824708056841 ], [ -121.703032836211804, 40.13589729749301 ], [ -121.796598827781935, 40.133948729485979 ], [ -121.882469427753804, 40.083580074838416 ], [ -122.086255315474901, 40.036483440300614 ], [ -122.100482692079908, 40.022331810653412 ], [ -122.090455769093268, 39.993041334444356 ], [ -122.116871250614381, 39.97637531967797 ], [ -122.376366250812339, 39.937794728712959 ], [ -122.54600753941169, 39.857060168404722 ], [ -122.519489976902562, 39.848405035179617 ], [ -122.516793980230517, 39.831281057410955 ], [ -122.472185019538401, 39.822204574353528 ], [ -122.379452094898738, 39.838591411619738 ], [ -122.357409414953466, 39.824785779330774 ], [ -122.319364801416299, 39.831296332238196 ], [ -122.302225569500294, 39.810566350935652 ], [ -122.227116921339189, 39.792800434793278 ], [ -122.198885170514416, 39.769711534264047 ], [ -122.114342444222856, 39.761937926633216 ], [ -122.014222424215845, 39.71987629759856 ], [ -121.959903084565241, 39.665967935966471 ], [ -121.930479295669315, 39.716321587987771 ], [ -121.850798078816595, 39.725178461250572 ], [ -121.728851491104507, 39.781631728046968 ], [ -121.646293950783857, 39.92499841378757 ], [ -121.64938615319285, 39.977322771146689 ], [ -121.620619789814853, 40.035758872040773 ], [ -121.575833153994097, 40.076424657002079 ], [ -121.498731634050003, 40.113711209386672 ], [ -121.513332420436498, 40.154050311638827 ], [ -121.459173666567281, 40.14902496254556 ], [ -121.439870096345416, 40.194862808989875 ], [ -121.407450291865743, 40.191410884214953 ], [ -121.366771697838701, 40.213444842402488 ], [ -121.366866264469181, 40.247029234557608 ], [ -121.341095953442164, 40.266708481136924 ], [ -121.372574853962249, 40.2969740843061 ], [ -121.342435191453362, 40.30996553671357 ], [ -121.378664112024197, 40.339481998761414 ], [ -121.471092543047519, 40.35036723942774 ], [ -121.481371343768473, 40.366541701524376 ] ] ] } },
{ "type": "Feature", "properties": { "Name": "Butte Creek", "HUC8": "18020158", "AreaAc": 524577 }, "geometry": { "type": "Polygon", "coordinates": [ [ [ -121.413058695752397, 40.156327391769516 ], [ -121.513332420436498, 40.154050311638827 ], [ -121.498731634050003, 40.113711209386672 ], [ -121.575833153994097, 40.076424657002079 ], [ -121.620619789814853, 40.035758872040773 ], [ -121.64938615319285, 39.977322771146689 ], [ -121.646293950783857, 39.92499841378757 ], [ -121.728611916201515, 39.781856171887114 ], [ -121.850798078816595, 39.725178461250572 ], [ -121.930479295669315, 39.716321587987771 ], [ -121.958321032299352, 39.667797755328117 ], [ -121.952400252165873, 39.641720192425183 ], [ -121.975392113352854, 39.619976286014008 ], [ -121.982529278606151, 39.563287992451684 ], [ -121.997790628985584, 39.559653100308054 ], [ -121.970549641290361, 39.533802707866776 ], [ -121.991404648386251, 39.492857956971591 ], [ -121.987600063782054, 39.429387137834468 ], [ -122.008314418513535, 39.414117637693074 ], [ -121.989576723996095, 39.384795043695604 ], [ -122.024269599821494, 39.344130390971799 ], [ -122.01715498168636, 39.279958142190395 ], [ -121.996247368918816, 39.267852830166099 ], [ -122.007554219328881, 39.219128172078022 ], [ -121.974942149817537, 39.187997065740852 ], [ -121.928867196401455, 39.196650039207562 ], [ -121.905463204326509, 39.216732566741641 ], [ -121.866591229923756, 39.219149606805338 ], [ -121.85012851951096, 39.205262328108546 ], [ -121.808615663193848, 39.222879573226457 ], [ -121.814059937163876, 39.254402059506859 ], [ -121.767437297996196, 39.295211285525582 ], [ -121.765016367311773, 39.333967677625019 ], [ -121.744856695749718, 39.350545096062902 ], [ -121.700127261430609, 39.352757005728819 ], [ -121.657624509559369, 39.384664799570281 ], [ -121.67836944714729, 39.427616960096479 ], [ -121.661313541575709, 39.451615354189414 ], [ -121.687114509628572, 39.451828254062676 ], [ -121.684351687029874, 39.50901248123742 ], [ -121.637701708091839, 39.512663697676274 ], [ -121.536919512319855, 39.570440079630032 ], [ -121.544061750710185, 39.615070027361256 ], [ -121.526135461384072, 39.645871943545195 ], [ -121.546162474223792, 39.645078561767974 ], [ -121.570405904254315, 39.677695566508049 ], [ -121.578038278275727, 39.719310007075599 ], [ -121.580856066986172, 39.826119905618505 ], [ -121.554759673265494, 39.871385003135337 ], [ -121.5859110062068, 39.914085589061351 ], [ -121.548611652145993, 39.936094813781288 ], [ -121.517177393686438, 40.046605576656056 ], [ -121.443218478231742, 40.093887571612228 ], [ -121.419832140139917, 40.063344729222706 ], [ -121.380285135525156, 40.054355743483896 ], [ -121.373041388811998, 40.102174537481432 ], [ -121.413058695752397, 40.156327391769516 ] ] ] } },
{ "type": "Feature", "properties": { "Name": "Honcut Headwaters-Lower Feather", "HUC8": "18020159", "AreaAc": 495300 }, "geometry": { "type": "Polygon", "coordinates": [ [ [ -121.509044219169411, 39.612312583539477 ], [ -121.544061750710185, 39.615070027361256 ], [ -121.536777253121599, 39.571053330091878 ], [ -121.552932058499394, 39.553567826842304 ], [ -121.637701708091839, 39.512663697676274 ], [ -121.684351687029874, 39.50901248123742 ], [ -121.687114509628572, 39.451828254062676 ], [ -121.661313541575709, 39.451615354189414 ], [ -121.678487415067764, 39.436199209947638 ], [ -121.662882804836045, 39.376525374603787 ], [ -121.765016367311773, 39.333967677625019 ], [ -121.767437297996196, 39.295211285525582 ], [ -121.814059937163876, 39.254402059506859 ], [ -121.809527062292887, 39.22224266423737 ], [ -121.85012851951096, 39.205262328108546 ], [ -121.866591229923756, 39.219149606805338 ], [ -121.905463204326509, 39.216732566741641 ], [ -121.928867196401455, 39.196650039207562 ], [ -121.886944035862129, 39.15728571783221 ], [ -121.843781960334383, 39.154624084771896 ], [ -121.7608746270068, 39.104283224447762 ], [ -121.727383121890398, 38.994690598851939 ], [ -121.646204901647906, 38.935394079079742 ], [ -121.617179508441112, 38.893366421322376 ], [ -121.642395786827819, 38.823485697512297 ], [ -121.634358990968977, 38.79833924780948 ], [ -121.622917576006259, 38.785506437343983 ], [ -121.640195672963969, 38.82045842743991 ], [ -121.628827987365355, 38.852431552807026 ], [ -121.569672723648267, 38.918293001840553 ], [ -121.578006429728916, 39.006086110775513 ], [ -121.547039316609613, 39.037511061260922 ], [ -121.375685934396884, 39.073734872051304 ], [ -121.339743222390226, 39.12655963436849 ], [ -121.34470004441188, 39.154912507608742 ], [ -121.320061769031625, 39.199831109751905 ], [ -121.343919759741212, 39.200875256839964 ], [ -121.355662425672321, 39.18237833400277 ], [ -121.373547419326499, 39.201491520400509 ], [ -121.428982465208435, 39.186527951617364 ], [ -121.459871984124945, 39.198749298838031 ], [ -121.521985002936503, 39.179213735959344 ], [ -121.543876073771955, 39.140684784447558 ], [ -121.596764067630318, 39.127410646439984 ], [ -121.595117460166435, 39.135916302074079 ], [ -121.506237869081303, 39.209428830812875 ], [ -121.436777703185044, 39.225193426009241 ], [ -121.407494989877037, 39.317994494020745 ], [ -121.321122226272536, 39.296152096121119 ], [ -121.329718061080996, 39.392781393770441 ], [ -121.291648397086547, 39.42957862270228 ], [ -121.281633157428232, 39.475988522789706 ], [ -121.304142868657166, 39.480945430743439 ], [ -121.309603844284055, 39.500827856865705 ], [ -121.358961620674862, 39.479224155335359 ], [ -121.384396176062054, 39.506121075659699 ], [ -121.427738349662533, 39.520031945931855 ], [ -121.460921195904717, 39.511483763346547 ], [ -121.520604745996224, 39.585610252019187 ], [ -121.509044219169411, 39.612312583539477 ] ] ] } },
{ "type": "Feature", "properties": { "Name": "Upper Coon-Upper Auburn", "HUC8": "18020161", "AreaAc": 277772 }, "geometry": { "type": "Polygon", "coordinates": [ [ [ -121.004154160624168, 38.992650086666465 ], [ -121.029423960377784, 38.979375478657282 ], [ -121.114966760379218, 39.009305648796698 ], [ -121.131833987616517, 38.986891497819514 ], [ -121.159076382013197, 38.986150574794671 ], [ -121.177603513387922, 38.999141447778271 ], [ -121.183459517621969, 38.987859501676525 ], [ -121.238953812062476, 39.010145413605052 ], [ -121.287886660758986, 39.010798318574096 ], [ -121.310052907862854, 38.970473074488318 ], [ -121.355862671387314, 38.935610312940021 ], [ -121.416161346218942, 38.956995152291277 ], [ -121.543565420587214, 38.969409402070006 ], [ -121.640096086889997, 38.823389251686955 ], [ -121.623781783778753, 38.782492432936074 ], [ -121.594217790902931, 38.76067552357879 ], [ -121.630583279328533, 38.675177818463773 ], [ -121.593530511472125, 38.642348794826241 ], [ -121.56833227223936, 38.64527695629549 ], [ -121.548430394925759, 38.596995105961838 ], [ -121.470666574142371, 38.605787032413524 ], [ -121.493066070016894, 38.779259159602645 ], [ -121.447030609063034, 38.778838739032395 ], [ -121.380662402174863, 38.747161244753052 ], [ -121.264105622565523, 38.761643388523169 ], [ -121.225029341380534, 38.861063767713844 ], [ -121.179006585509541, 38.878308308904515 ], [ -121.073236772648656, 38.872307957100247 ], [ -121.057506637774352, 38.932053427029381 ], [ -121.008418879871627, 38.96690619110089 ], [ -121.004154160624168, 38.992650086666465 ] ] ] } },
{ "type": "Feature", "properties": { "Name": "Smoke Creek Desert", "HUC8": "16040203", "AreaAc": 91925 }, "geometry": { "type": "Polygon", "coordinates": [ [ [ -119.997955623784677, 40.709499852485763 ], [ -120.018224565480168, 40.729031164031611 ], [ -120.05636849980354, 40.729599224861097 ], [ -120.068370583895373, 40.753823993114715 ], [ -120.113100356359226, 40.773785910624284 ], [ -120.175422647844101, 40.774264547125711 ], [ -120.245028025444981, 40.743696066246457 ], [ -120.193766905368918, 40.708213648144621 ], [ -120.213703526962405, 40.691338679890194 ], [ -120.189028498615158, 40.648925948399352 ], [ -120.106903511158094, 40.623934200000598 ], [ -120.123720475198496, 40.564891004331898 ], [ -120.074592179740549, 40.536787872917159 ], [ -120.077986237487508, 40.502311730510378 ], [ -120.041908601152244, 40.482799321295651 ], [ -119.99584150113607, 40.491539811610245 ], [ -119.997955623784677, 40.709499852485763 ] ] ] } },
{ "type": "Feature", "properties": { "Name": "Massacre Lake", "HUC8": "16040204", "AreaAc": 37855 }, "geometry": { "type": "Polygon", "coordinates": [ [ [ -120.000022353626662, 41.09280193494768 ], [ -120.043772440432164, 41.105779437201917 ], [ -120.125106448142006, 41.058029129188228 ], [ -120.135611596878718, 41.032490080734533 ], [ -120.122683619286519, 40.997007030838795 ], [ -120.0676997340084, 40.972685590018116 ], [ -120.050506687235128, 40.9342913412314 ], [ -120.026174016572796, 40.936633910128293 ], [ -119.999732472640403, 40.911000936867822 ], [ -120.000022353626662, 41.09280193494768 ] ] ] } },
{ "type": "Feature", "properties": { "Name": "Fish Lake-Soda Spring Valleys", "HUC8": "16060010", "AreaAc": 191400 }, "geometry": { "type": "MultiPolygon", "coordinates": [ [ [ [ -117.726821829410397, 37.386821689948064 ], [ -118.353838477459576, 37.842819105490619 ], [ -118.343296886590863, 37.78333300749037 ], [ -118.323174989151227, 37.75666904382787 ], [ -118.293679957280304, 37.753179837923632 ], [ -118.266882763811367, 37.657411150678101 ], [ -118.234670242003716, 37.622190318487192 ], [ -118.248796686494586, 37.575683624236937 ], [ -118.211512652365727, 37.502176317119648 ], [ -118.181699504309464, 37.500121949093845 ], [ -118.150516563861061, 37.517286280469996 ], [ -118.101741911916292, 37.51183613904044 ], [ -118.085826617683182, 37.478697991824923 ], [ -118.024245705009747, 37.44211899273602 ], [ -117.910785804115008, 37.431889809402556 ], [ -117.834687463364432, 37.380516716602294 ], [ -117.726821829410397, 37.386821689948064 ] ] ], [ [ [ -118.595498777651073, 38.012308474247632 ], [ -118.701915311841745, 38.092290500584483 ], [ -118.723208206511686, 38.015153332075435 ], [ -118.69758185450064, 38.002779675820854 ], [ -118.640303439730545, 38.022914689532001 ], [ -118.595498777651073, 38.012308474247632 ] ] ] ] } },
{ "type": "Feature", "properties": { "Name": "Upper Kern", "HUC8": "18030001", "AreaAc": 699177 }, "geometry": { "type": "Polygon", "coordinates": [ [ [ -118.366684556751267, 36.69219699109685 ], [ -118.427047938320698, 36.698266150621834 ], [ -118.431970518090694, 36.684054755207995 ], [ -118.475838126818829, 36.669004834617169 ], [ -118.484381837021189, 36.634554205054641 ], [ -118.554826282130392, 36.569667574843237 ], [ -118.568635586632809, 36.498621069316691 ], [ -118.545714829673869, 36.470860376014137 ], [ -118.559805777916779, 36.437809299967547 ], [ -118.54366255540819, 36.414427555880849 ], [ -118.5812879902482, 36.398300914217465 ], [ -118.589366366686903, 36.334556547774206 ], [ -118.64014014887718, 36.296843132444046 ], [ -118.63799912947016, 36.275323005836619 ], [ -118.599896632055859, 36.246223280389863 ], [ -118.603195770397818, 36.201523624433932 ], [ -118.580555110149533, 36.192255743454943 ], [ -118.573108091215133, 36.166838251808926 ], [ -118.527956886433586, 36.166297310684683 ], [ -118.546347272199284, 36.143841236589139 ], [ -118.533645770076959, 36.119337752445382 ], [ -118.583834365354747, 36.074147925987013 ], [ -118.574918739813242, 36.048764228251429 ], [ -118.615995560208461, 36.014963816354658 ], [ -118.61243002766507, 35.990169300176795 ], [ -118.644788875130359, 35.972518792607289 ], [ -118.605016787763617, 35.923075507387352 ], [ -118.566489947036459, 35.912316121411834 ], [ -118.586346685220292, 35.790679861831343 ], [ -118.548444891610629, 35.744321073296852 ], [ -118.591367397856459, 35.668750911576062 ], [ -118.578423782384903, 35.637596762102362 ], [ -118.515270329683943, 35.653753929194409 ], [ -118.446504679035243, 35.638837788204874 ], [ -118.461109081657483, 35.658924022279919 ], [ -118.435640731892249, 35.685173996094584 ], [ -118.38218851339218, 35.693811573142469 ], [ -118.338736233062832, 35.727185606679754 ], [ -118.318628240617429, 35.76730205558011 ], [ -118.321597466807361, 35.783407614504988 ], [ -118.342788594470989, 35.786832329894743 ], [ -118.352826973923428, 35.855473483703129 ], [ -118.321838535269777, 35.846429402216735 ], [ -118.318360296758414, 35.918947127233778 ], [ -118.382152093785805, 36.013835147980899 ], [ -118.357291215953296, 36.035086189296294 ], [ -118.310317212629243, 36.005800758801243 ], [ -118.257189734681873, 36.021832012137935 ], [ -118.284490860699734, 36.040889437023438 ], [ -118.27266123779772, 36.115549109566842 ], [ -118.288199919556291, 36.164876396406974 ], [ -118.229720277669429, 36.200329045018123 ], [ -118.219971942382841, 36.262436175942454 ], [ -118.261400776625862, 36.303115386020231 ], [ -118.286242064152319, 36.305460911858177 ], [ -118.302887539945687, 36.336117953519938 ], [ -118.281558554451365, 36.352549696349428 ], [ -118.291399831337841, 36.365180375667229 ], [ -118.260107603080883, 36.415570708375249 ], [ -118.209486586693771, 36.442485976322551 ], [ -118.250410318552468, 36.483756565333074 ], [ -118.236101568241637, 36.493179410939952 ], [ -118.249163151184433, 36.537388109692131 ], [ -118.29162666821756, 36.559640604706154 ], [ -118.274766191236253, 36.59766235852878 ], [ -118.321559729691231, 36.628353230628214 ], [ -118.329004804068035, 36.667988476446972 ], [ -118.366684556751267, 36.69219699109685 ] ] ] } },
{ "type": "Feature", "properties": { "Name": "South Fork Kern", "HUC8": "18030002", "AreaAc": 627984 }, "geometry": { "type": "Polygon", "coordinates": [ [ [ -118.215199444062861, 36.436951531314897 ], [ -118.260107603080883, 36.415570708375249 ], [ -118.291399831337841, 36.365180375667229 ], [ -118.281558554451365, 36.352549696349428 ], [ -118.302887539945687, 36.336117953519938 ], [ -118.286242064152319, 36.305460911858177 ], [ -118.261400776625862, 36.303115386020231 ], [ -118.219971942382841, 36.262436175942454 ], [ -118.229720277669429, 36.200329045018123 ], [ -118.288199919556291, 36.164876396406974 ], [ -118.27266123779772, 36.115549109566842 ], [ -118.284490860699734, 36.040889437023438 ], [ -118.257189734681873, 36.021832012137935 ], [ -118.310317212629243, 36.005800758801243 ], [ -118.357291215953296, 36.035086189296294 ], [ -118.382152093785805, 36.013835147980899 ], [ -118.318360296758414, 35.918947127233778 ], [ -118.321838535269777, 35.846429402216735 ], [ -118.352826973923428, 35.855473483703129 ], [ -118.342788594470989, 35.786832329894743 ], [ -118.321597466807361, 35.783407614504988 ], [ -118.318635155394659, 35.766138752713452 ], [ -118.34423291048617, 35.721609553653821 ], [ -118.38218851339218, 35.693811573142469 ], [ -118.432754465420018, 35.68728006303909 ], [ -118.461109081657483, 35.658924022279919 ], [ -118.42171399483567, 35.591193635410576 ], [ -118.352558892475841, 35.583567757620777 ], [ -118.327593267923831, 35.548555405356069 ], [ -118.379711163817646, 35.452312457482407 ], [ -118.335936781370535, 35.418825846844278 ], [ -118.288965113677051, 35.417928879346221 ], [ -118.297757411579965, 35.435140711186165 ], [ -118.255806917978745, 35.455419610599314 ], [ -118.184557004863308, 35.431256650209171 ], [ -118.155747285461018, 35.448033755666223 ], [ -118.124965668828509, 35.510857268271231 ], [ -118.144719648266545, 35.544373677657447 ], [ -118.113528205095406, 35.616076576401525 ], [ -118.089263752485436, 35.62075905693586 ], [ -118.091277558387688, 35.635268795784327 ], [ -118.03225041415385, 35.63061117324964 ], [ -118.036309614291383, 35.655784261840566 ], [ -117.985784987159704, 35.693357111331139 ], [ -118.011668512080774, 35.755612051826319 ], [ -118.008176124030413, 35.861118647885228 ], [ -117.980836621836261, 35.867034575033408 ], [ -117.984240584602375, 35.926762025998265 ], [ -118.017253176411771, 35.955037000679802 ], [ -118.00404302559501, 35.984439818215691 ], [ -118.034243298956639, 36.009141020874942 ], [ -118.051821704368521, 36.083845309666174 ], [ -118.067032814776894, 36.092207643914051 ], [ -118.073965576499489, 36.140044312105722 ], [ -118.058613196259614, 36.170175265937679 ], [ -118.108006076809488, 36.216480144728251 ], [ -118.127125204589746, 36.280667543496548 ], [ -118.10142730413537, 36.346021885807936 ], [ -118.163819860724217, 36.38910065953857 ], [ -118.139543328113305, 36.40834258280853 ], [ -118.156542521121125, 36.43274675093069 ], [ -118.193437657927689, 36.426351057225588 ], [ -118.215199444062861, 36.436951531314897 ] ] ] } },
{ "type": "Feature", "properties": { "Name": "Upper Poso", "HUC8": "18030004", "AreaAc": 368109 }, "geometry": { "type": "Polygon", "coordinates": [ [ [ -118.576558871147498, 35.832492342554424 ], [ -118.675248279800584, 35.828195346296432 ], [ -118.765611117942512, 35.769117926747306 ], [ -118.773943501388445, 35.746442815310829 ], [ -118.751093338001269, 35.711025198774806 ], [ -118.777945364399613, 35.677795878061261 ], [ -118.765560978476088, 35.651114647530676 ], [ -118.784973608887356, 35.641597339541569 ], [ -118.771204095354932, 35.618448820925465 ], [ -118.790162867699252, 35.610684805328759 ], [ -118.846681349722914, 35.60543316517041 ], [ -118.868416481774929, 35.61789453468252 ], [ -118.913946101226941, 35.606447706920171 ], [ -118.945301581710495, 35.6130671628462 ], [ -118.960024873064086, 35.644428114886828 ], [ -119.038866006208593, 35.633024555903191 ], [ -119.0920666672978, 35.598648266886876 ], [ -119.185759410572956, 35.589640117146395 ], [ -119.356017925085354, 35.68128786161671 ], [ -119.516914274479049, 35.681071725400962 ], [ -119.579174703192095, 35.717860531281701 ], [ -119.626036567815532, 35.718254167889498 ], [ -119.591565881790686, 35.717624356808066 ], [ -119.598681818483342, 35.702877918582345 ], [ -119.580969788493448, 35.684803495405291 ], [ -119.590177674763609, 35.653810664161526 ], [ -119.618621624036592, 35.643643942520342 ], [ -119.607187925200904, 35.61762777422792 ], [ -119.591940373169834, 35.624725747099141 ], [ -119.352397481700194, 35.474439301563585 ], [ -119.2928380686228, 35.489306874593311 ], [ -119.246875868485304, 35.543365819155298 ], [ -119.168564360213708, 35.550195553386985 ], [ -119.108102327748142, 35.543499335850207 ], [ -119.081562745044778, 35.512655991209719 ], [ -119.043748835766422, 35.520477047483929 ], [ -119.033105053439286, 35.499293735512779 ], [ -119.012464360588154, 35.506396930195066 ], [ -118.966301766883873, 35.490860250113371 ], [ -118.943022392096637, 35.502624527286194 ], [ -118.88821374696883, 35.484904754937645 ], [ -118.839600799513818, 35.495878859589382 ], [ -118.771162453533009, 35.479070884718226 ], [ -118.723521737903312, 35.507233489650432 ], [ -118.688518781050377, 35.558297004731017 ], [ -118.649963912977739, 35.575972311464788 ], [ -118.633007903104314, 35.620115304135311 ], [ -118.601557252976988, 35.625919718265294 ], [ -118.548444891610629, 35.744321073296852 ], [ -118.585249752357782, 35.782319499792358 ], [ -118.576558871147498, 35.832492342554424 ] ] ] } },
{ "type": "Feature", "properties": { "Name": "Upper Deer-Upper White", "HUC8": "18030005", "AreaAc": 782940 }, "geometry": { "type": "Polygon", "coordinates": [ [ [ -119.037480706400615, 36.032853213880784 ], [ -119.14008415813592, 36.044356156093336 ], [ -119.391958723987912, 36.005540435885919 ], [ -119.473449364887358, 35.934295007763303 ], [ -119.446641069453776, 35.934329940064785 ], [ -119.43108679318415, 35.917693287346516 ], [ -119.462849208334589, 35.910176044919218 ], [ -119.480899122193392, 35.876730810204108 ], [ -119.54088192994881, 35.863686591126175 ], [ -119.542157901458282, 35.832678767797532 ], [ -119.610471216831613, 35.789976631760837 ], [ -119.626036567815532, 35.718254167889498 ], [ -119.577689452793649, 35.717721490778189 ], [ -119.516914274479049, 35.681071725400962 ], [ -119.356017925085354, 35.68128786161671 ], [ -119.185759410572956, 35.589640117146395 ], [ -119.0920666672978, 35.598648266886876 ], [ -119.009029946414884, 35.64160521873729 ], [ -118.9564831273062, 35.644242480632172 ], [ -118.945301581710495, 35.6130671628462 ], [ -118.913946101226941, 35.606447706920171 ], [ -118.771204095354932, 35.618448820925465 ], [ -118.784973608887356, 35.641597339541569 ], [ -118.765560978476088, 35.651114647530676 ], [ -118.777945364399613, 35.677795878061261 ], [ -118.751093338001269, 35.711025198774806 ], [ -118.773240326228603, 35.759689958163349 ], [ -118.675248279800584, 35.828195346296432 ], [ -118.576558871147498, 35.832492342554424 ], [ -118.582903010621919, 35.875429885031039 ], [ -118.566489947036459, 35.912316121411834 ], [ -118.605016787763617, 35.923075507387352 ], [ -118.651095286993993, 35.976613178369611 ], [ -118.736665851783286, 35.970392665946875 ], [ -118.765210642614264, 35.955732881381905 ], [ -118.797948836058481, 35.986336811632874 ], [ -118.854995969082566, 35.987666639194629 ], [ -118.890070747896729, 36.033770884541177 ], [ -119.004758249567274, 36.013988564505311 ], [ -119.037480706400615, 36.032853213880784 ] ] ] } },
{ "type": "Feature", "properties": { "Name": "Upper Tule", "HUC8": "18030006", "AreaAc": 604540 }, "geometry": { "type": "Polygon", "coordinates": [ [ [ -118.63809214548408, 36.275507646557969 ], [ -118.638067931495115, 36.322966986476317 ], [ -118.67020341674791, 36.321157157016337 ], [ -118.68151860904247, 36.334701157204705 ], [ -118.785705687274771, 36.318693625493182 ], [ -118.809047945385089, 36.289698090602357 ], [ -118.839585695628074, 36.287188119181749 ], [ -118.85923723773918, 36.300740537369357 ], [ -118.867583787959589, 36.35714446631404 ], [ -118.916032044829251, 36.315937641525807 ], [ -118.963294647356406, 36.314016425525594 ], [ -118.99102788838654, 36.339244407018917 ], [ -118.975018355372526, 36.367463074568953 ], [ -118.98445125098759, 36.380721532887172 ], [ -119.08080016296438, 36.379479198417336 ], [ -119.181367423203056, 36.335862549319586 ], [ -119.220880309942672, 36.297471066602334 ], [ -119.287602770724988, 36.287059122409765 ], [ -119.288885076942407, 36.237985923772115 ], [ -119.430346300203539, 36.181492230039559 ], [ -119.522436275116334, 36.056814867981863 ], [ -119.553971496451041, 36.051041449847581 ], [ -119.554637518920757, 36.039308806894056 ], [ -119.572306560990683, 36.044423443182808 ], [ -119.64329022431248, 36.043716958975985 ], [ -119.643484662098103, 36.051120674303768 ], [ -119.824504819280349, 36.050551826878326 ], [ -119.825081267642219, 36.049787771748861 ], [ -119.535930851632102, 36.035589516628718 ], [ -119.488226380722381, 36.055287339184773 ], [ -119.149133531159379, 36.072804238184212 ], [ -119.072677740557779, 36.057578774233619 ], [ -119.010523996694346, 36.014832358523414 ], [ -118.88426511214351, 36.032050127334813 ], [ -118.854995969082566, 35.987666639194629 ], [ -118.797948836058481, 35.986336811632874 ], [ -118.765210642614264, 35.955732881381905 ], [ -118.717419286000563, 35.973461563514483 ], [ -118.644788875130359, 35.972518792607289 ], [ -118.61243002766507, 35.990169300176795 ], [ -118.615995560208461, 36.014963816354658 ], [ -118.574918739813242, 36.048764228251429 ], [ -118.583834365354747, 36.074147925987013 ], [ -118.533645770076959, 36.119337752445382 ], [ -118.546347272199284, 36.143841236589139 ], [ -118.527956886433586, 36.166297310684683 ], [ -118.573108091215133, 36.166838251808926 ], [ -118.580555110149533, 36.192255743454943 ], [ -118.603195770397818, 36.201523624433932 ], [ -118.599896632055859, 36.246223280389863 ], [ -118.63809214548408, 36.275507646557969 ] ] ] } },
{ "type": "Feature", "properties": { "Name": "Upper Kaweah", "HUC8": "18030007", "AreaAc": 974567 }, "geometry": { "type": "Polygon", "coordinates": [ [ [ -118.915799226179871, 36.725814830590153 ], [ -119.023421586700508, 36.686317776856399 ], [ -119.030579812503049, 36.666539921746732 ], [ -119.055896357095207, 36.681759207892156 ], [ -119.127378810040568, 36.682539587160583 ], [ -119.187419651807929, 36.719540724649924 ], [ -119.266228168773779, 36.705103282368015 ], [ -119.280048474564126, 36.746812818592545 ], [ -119.311361150501838, 36.723416519478739 ], [ -119.337346633500744, 36.739585192947843 ], [ -119.368479511727145, 36.726583322927226 ], [ -119.440141126528317, 36.631259049770591 ], [ -119.473738688738095, 36.529011106718862 ], [ -119.537002998977243, 36.480475481016569 ], [ -119.561152814579103, 36.42084035670608 ], [ -119.551955862956149, 36.305995462967992 ], [ -119.580694827724258, 36.189094937525496 ], [ -119.679575526522214, 36.133542332403479 ], [ -119.679946221965949, 36.10871433791992 ], [ -119.643859590531051, 36.079557087296472 ], [ -119.64329022431248, 36.043716958975985 ], [ -119.555081859611477, 36.03915334824228 ], [ -119.553971496451041, 36.051041449847581 ], [ -119.524056126002279, 36.055263822278313 ], [ -119.430346300203539, 36.181492230039559 ], [ -119.288885076942407, 36.237985923772115 ], [ -119.287602770724988, 36.287059122409765 ], [ -119.220880309942672, 36.297471066602334 ], [ -119.181367423203056, 36.335862549319586 ], [ -119.08080016296438, 36.379479198417336 ], [ -118.98445125098759, 36.380721532887172 ], [ -118.975018355372526, 36.367463074568953 ], [ -118.99102788838654, 36.339244407018917 ], [ -118.963294647356406, 36.314016425525594 ], [ -118.916032044829251, 36.315937641525807 ], [ -118.867583787959589, 36.35714446631404 ], [ -118.859116695260496, 36.300446238704524 ], [ -118.838469018937701, 36.287073826203326 ], [ -118.809047945385089, 36.289698090602357 ], [ -118.785705687274771, 36.318693625493182 ], [ -118.68151860904247, 36.334701157204705 ], [ -118.67020341674791, 36.321157157016337 ], [ -118.638067931495115, 36.322966986476317 ], [ -118.63001343562172, 36.305960912401318 ], [ -118.591884226585009, 36.331227931546017 ], [ -118.591979763357102, 36.384564607825816 ], [ -118.543499742174973, 36.414993659392266 ], [ -118.559805777916779, 36.437809299967547 ], [ -118.545606470279594, 36.470242924824042 ], [ -118.568586703951055, 36.498388364320874 ], [ -118.566644439689867, 36.534491887276857 ], [ -118.530826257414517, 36.592963403949916 ], [ -118.575163628201466, 36.597588570672158 ], [ -118.634840260108646, 36.636771936856924 ], [ -118.69166062916122, 36.63855143524993 ], [ -118.719808541528153, 36.673035873234852 ], [ -118.775925445885662, 36.679024957390261 ], [ -118.814045050018876, 36.705445281007648 ], [ -118.829791377709142, 36.697141581459995 ], [ -118.859021098672471, 36.701218239108982 ], [ -118.869830506513537, 36.720584718792047 ], [ -118.890913344275432, 36.708611563338756 ], [ -118.915799226179871, 36.725814830590153 ] ] ] } },
{ "type": "Feature", "properties": { "Name": "Tulare Lake Bed", "HUC8": "18030012", "AreaAc": 2423676 }, "geometry": { "type": "Polygon", "coordinates": [ [ [ -118.949248169583754, 36.723286222271177 ], [ -119.001127813383661, 36.723925964161168 ], [ -119.057337638335724, 36.772944750800178 ], [ -119.095376100210359, 36.765102700577359 ], [ -119.159894304527484, 36.850862560368043 ], [ -119.2213964635868, 36.81595770757982 ], [ -119.252525726342455, 36.826653985720789 ], [ -119.281425012640895, 36.811188984931697 ], [ -119.324866045394799, 36.827707615819889 ], [ -119.363678032502293, 36.882184207003689 ], [ -119.354456944354112, 36.903392541094654 ], [ -119.408592718209405, 36.909344399659886 ], [ -119.453423424998491, 36.832592148431814 ], [ -119.437424510725165, 36.769503320499147 ], [ -119.521722674977752, 36.741349262876419 ], [ -119.546804234566878, 36.712012725676239 ], [ -119.556039816755174, 36.618096517354473 ], [ -119.610245984955384, 36.457814413656614 ], [ -119.746283647416888, 36.417478519069199 ], [ -119.77250289219576, 36.391109012812407 ], [ -119.875507667237443, 36.386722685465358 ], [ -119.897247861873197, 36.366831428518019 ], [ -119.895451447236539, 36.34344884273596 ], [ -119.967298151275244, 36.342569496075747 ], [ -119.985249601077413, 36.32004774283314 ], [ -120.034279777920304, 36.308870258150051 ], [ -120.096313428599728, 36.269319269943608 ], [ -120.143625986217785, 36.229802871550376 ], [ -120.164307583464321, 36.184612410566956 ], [ -120.26153028281739, 36.158403008707168 ], [ -120.278845346359716, 36.191801515804038 ], [ -120.340741307470097, 36.235913480829282 ], [ -120.353415628128928, 36.275364108694284 ], [ -120.403525355326337, 36.304591732903894 ], [ -120.44429668032592, 36.300626913898668 ], [ -120.459602985120142, 36.321590861794931 ], [ -120.593784777352639, 36.329124580483004 ], [ -120.65847252638207, 36.316287298655183 ], [ -120.683268214596467, 36.29404783863567 ], [ -120.67984676374958, 36.246932667210004 ], [ -120.626736738996556, 36.203433971920582 ], [ -120.649980751618713, 36.168209288790095 ], [ -120.67219771716519, 36.164325478369143 ], [ -120.646157418206499, 36.104930821037847 ], [ -120.600266504917087, 36.101650645501906 ], [ -120.588064028551216, 36.066701939670047 ], [ -120.52708661857416, 36.035703936658301 ], [ -120.529815659188273, 36.024300449112758 ], [ -120.480512006956616, 36.011169756552093 ], [ -120.434528779810165, 35.969353251720392 ], [ -120.359882354071544, 35.964131414557102 ], [ -120.323678042040271, 35.908052580935554 ], [ -120.277006615231016, 35.906564659085021 ], [ -120.242597385216172, 35.876509759888869 ], [ -120.259201125253625, 35.844944321763748 ], [ -120.21953820200487, 35.818929460299287 ], [ -120.190393160032613, 35.762977419774664 ], [ -120.225164998458851, 35.736407595319491 ], [ -120.22707003330882, 35.705830273932527 ], [ -120.171109355460743, 35.684076923347632 ], [ -120.186041247266772, 35.668760647172626 ], [ -120.176364410034338, 35.658590513250608 ], [ -120.231504460459334, 35.647806695764267 ], [ -120.21801136680142, 35.620805464163873 ], [ -120.113838189777738, 35.548599234755692 ], [ -120.060219039094605, 35.476439953897469 ], [ -119.988045323658781, 35.430220984425709 ], [ -119.956520554745353, 35.440820356620165 ], [ -119.864776439256417, 35.367405359043929 ], [ -119.827608651357068, 35.361421415761363 ], [ -119.8339524174785, 35.337187974418498 ], [ -119.815436092912549, 35.33593080326483 ], [ -119.806166438867365, 35.313478267134172 ], [ -119.673465110762919, 35.23117932183294 ], [ -119.603760281983469, 35.262876101238639 ], [ -119.579474187755594, 35.252396485338217 ], [ -119.537870169621996, 35.288503027063825 ], [ -119.416406709510596, 35.265821020511034 ], [ -119.308801389307774, 35.267805267247986 ], [ -119.283756861180933, 35.302001560528602 ], [ -119.248114496273658, 35.305559824306052 ], [ -119.17659284541314, 35.351706147579776 ], [ -119.114601584243388, 35.358174001606898 ], [ -119.055960005379163, 35.397301092331688 ], [ -118.960293734569305, 35.425779856020675 ], [ -118.958747102818052, 35.494047875424378 ], [ -119.033105053439286, 35.499293735512779 ], [ -119.043748835766422, 35.520477047483929 ], [ -119.081562745044778, 35.512655991209719 ], [ -119.120892032212282, 35.545402355549157 ], [ -119.246875868485304, 35.543365819155298 ], [ -119.2928380686228, 35.489306874593311 ], [ -119.356185818057881, 35.475254977511582 ], [ -119.591940373169834, 35.624725747099141 ], [ -119.607187925200904, 35.61762777422792 ], [ -119.618621624036592, 35.643643942520342 ], [ -119.590177674763609, 35.653810664161526 ], [ -119.580957393098913, 35.684418862523138 ], [ -119.598681818483342, 35.702877918582345 ], [ -119.591565881790686, 35.717624356808066 ], [ -119.626101102244093, 35.717914404881682 ], [ -119.611044363777893, 35.789149097078671 ], [ -119.542157901458282, 35.832678767797532 ], [ -119.54088192994881, 35.863686591126175 ], [ -119.480899122193392, 35.876730810204108 ], [ -119.462849208334589, 35.910176044919218 ], [ -119.43108679318415, 35.917693287346516 ], [ -119.446641069453776, 35.934329940064785 ], [ -119.473449364887358, 35.934295007763303 ], [ -119.393794875399223, 36.004461725844557 ], [ -119.214556593928066, 36.037153582793813 ], [ -119.042628169196334, 36.039574349699031 ], [ -119.153154902527703, 36.072979688477055 ], [ -119.488226380722381, 36.055287339184773 ], [ -119.535930851632102, 36.035589516628718 ], [ -119.825126648359785, 36.04999517341647 ], [ -119.643484662098103, 36.051120674303768 ], [ -119.643859590531051, 36.079557087296472 ], [ -119.679946221965949, 36.10871433791992 ], [ -119.679575526522214, 36.133542332403479 ], [ -119.580694827724258, 36.189094937525496 ], [ -119.551955862956149, 36.305995462967992 ], [ -119.561152814579103, 36.42084035670608 ], [ -119.537002998977243, 36.480475481016569 ], [ -119.473738688738095, 36.529011106718862 ], [ -119.440141126528317, 36.631259049770591 ], [ -119.36531630178267, 36.729341672729099 ], [ -119.327980778223449, 36.738721903688543 ], [ -119.328017418706565, 36.724356676905721 ], [ -119.311361150501838, 36.723416519478739 ], [ -119.280048474564126, 36.746812818592545 ], [ -119.266228168773779, 36.705103282368015 ], [ -119.187419651807929, 36.719540724649924 ], [ -119.127378810040568, 36.682539587160583 ], [ -119.055896357095207, 36.681759207892156 ], [ -119.030579812503049, 36.666539921746732 ], [ -119.023421586700508, 36.686317776856399 ], [ -118.949248169583754, 36.723286222271177 ] ] ] } },
{ "type": "Feature", "properties": { "Name": "Lower San Joaquin River", "HUC8": "18040002", "AreaAc": 587246 }, "geometry": { "type": "Polygon", "coordinates": [ [ [ -121.173867448798617, 37.603218950904655 ], [ -121.19162964060564, 37.638123509189832 ], [ -121.227122622858872, 37.639168866081263 ], [ -121.242318633684349, 37.664384827639203 ], [ -121.315449282653361, 37.609668583127231 ], [ -121.362235450253792, 37.603594133652912 ], [ -121.414539533133009, 37.573025162746823 ], [ -121.424857129015209, 37.547519973772133 ], [ -121.463275002047851, 37.533557370908312 ], [ -121.481385429472596, 37.505943543492364 ], [ -121.459030851570418, 37.397764673999511 ], [ -121.408830147447702, 37.380037211967519 ], [ -121.424112963972647, 37.361378496318935 ], [ -121.406684409529063, 37.314015784180434 ], [ -121.459539527992618, 37.284679100422402 ], [ -121.45622378279802, 37.251618058821016 ], [ -121.423043712124638, 37.223017913366284 ], [ -121.39475466774249, 37.150068638531437 ], [ -121.320266116207364, 37.232676885746635 ], [ -121.317776333191389, 37.268418662243228 ], [ -121.256165105473869, 37.24941275431356 ], [ -121.215832257618317, 37.251982256266935 ], [ -121.193819709637452, 37.269892051111853 ], [ -121.141774033290773, 37.267282914450426 ], [ -121.136414697251041, 37.300360457467242 ], [ -121.091601539538573, 37.327136220211734 ], [ -120.986804526395531, 37.337872876559011 ], [ -120.930432906674014, 37.372579455304482 ], [ -120.854441395134273, 37.365220734001525 ], [ -120.830942133177174, 37.387836517092417 ], [ -120.77152287621638, 37.400239892938735 ], [ -120.745528932667099, 37.426341375933688 ], [ -120.709752114548735, 37.426972556016814 ], [ -120.651846083481217, 37.482543727526632 ], [ -120.618249061111328, 37.481033488376468 ], [ -120.626485868804465, 37.507821086081378 ], [ -120.605964233757078, 37.513758729689094 ], [ -120.614303024531992, 37.523999864140727 ], [ -120.586825405835242, 37.554658860889575 ], [ -120.521657051425038, 37.587132205857898 ], [ -120.530370421927771, 37.624167878642126 ], [ -120.63625645454303, 37.616326521345606 ], [ -120.680296098506915, 37.632914468051382 ], [ -120.791309969433627, 37.612769530235639 ], [ -120.850104480919072, 37.609897285399406 ], [ -120.877298407115035, 37.623661891523696 ], [ -120.962394152979698, 37.616095667133223 ], [ -121.105530793402394, 37.572922877140449 ], [ -121.154764786432395, 37.605558946178668 ], [ -121.173867448798617, 37.603218950904655 ] ] ] } },
{ "type": "Feature", "properties": { "Name": "San Joaquin Delta", "HUC8": "18040003", "AreaAc": 788795 }, "geometry": { "type": "Polygon", "coordinates": [ [ [ -120.839002111276827, 38.199882601868751 ], [ -120.922281949219595, 38.190923364333791 ], [ -120.946273308466914, 38.20655190923587 ], [ -120.975647683670118, 38.197837548519573 ], [ -121.038510310060687, 38.213946416679839 ], [ -121.204721504083125, 38.137962616977596 ], [ -121.351884832480451, 38.088986982862913 ], [ -121.444255598490486, 38.083995095241747 ], [ -121.459130720243607, 38.069322007996696 ], [ -121.485416344017821, 38.094091850919128 ], [ -121.502446572275375, 38.091274116068504 ], [ -121.503767533175932, 38.072714009426996 ], [ -121.519638349493562, 38.089476679241351 ], [ -121.569324450981483, 38.086085081832522 ], [ -121.571721736150863, 38.099531435761953 ], [ -121.604603690274843, 38.109009098693129 ], [ -121.636749211259016, 38.089981496060311 ], [ -121.676609997626542, 38.095045234237155 ], [ -121.686149789345379, 38.061504903477342 ], [ -121.745515552992387, 38.03045520208731 ], [ -121.810811883850221, 38.027171526687383 ], [ -121.845394788477549, 38.063290932848531 ], [ -121.844788593905079, 38.039115935687491 ], [ -121.821957773842144, 38.021400596494878 ], [ -121.87368169311533, 37.969256152288338 ], [ -121.872738151503171, 37.91760603515565 ], [ -121.936812320142096, 37.85679120030413 ], [ -121.888678519365925, 37.84029890685337 ], [ -121.86812028655342, 37.854003487515286 ], [ -121.830155351687836, 37.835567566653751 ], [ -121.739210820591879, 37.760104573558984 ], [ -121.709594829511801, 37.772544738556071 ], [ -121.687650597031237, 37.760596805083331 ], [ -121.656208303205062, 37.767699063539908 ], [ -121.659134958670066, 37.707578063699088 ], [ -121.635378475731812, 37.701311967481082 ], [ -121.607943418186451, 37.658094071766321 ], [ -121.620288525647027, 37.605751343336486 ], [ -121.546837527382053, 37.533368918260237 ], [ -121.501474779273735, 37.525091853862378 ], [ -121.481975594764847, 37.501490737010982 ], [ -121.414539533133009, 37.573025162746823 ], [ -121.362235450253792, 37.603594133652912 ], [ -121.303059356738416, 37.616344796239183 ], [ -121.205755742318132, 37.695702820350931 ], [ -121.092391596572867, 37.747663897351529 ], [ -121.094818968500391, 37.760908867917038 ], [ -121.053899967274646, 37.760718702023411 ], [ -121.150366182729655, 37.794158453097104 ], [ -121.292993042031398, 37.912880881815738 ], [ -121.317399738331829, 37.917173692564646 ], [ -121.318463836509807, 37.920459123048708 ], [ -121.289971934250843, 37.917394469159376 ], [ -121.269253998206239, 37.941009984363426 ], [ -121.191571173043869, 37.958339251991418 ], [ -121.059459540298661, 37.955981303809331 ], [ -121.01942659107273, 37.942295929864294 ], [ -120.975849422974207, 37.966981310942039 ], [ -120.978790898920764, 37.989342319537606 ], [ -120.958347569286374, 37.983955868941379 ], [ -120.903505697143473, 38.029388219271858 ], [ -120.919756991841339, 38.05643946246667 ], [ -120.966046273449223, 38.05229282144208 ], [ -120.985847021046439, 38.064039643267847 ], [ -121.069658280126717, 38.017029518285923 ], [ -121.136317946862064, 38.006888175255554 ], [ -121.202084727064559, 37.959414606657532 ], [ -121.280357498339001, 37.993786581869962 ], [ -121.303584645548085, 37.991117035070182 ], [ -121.309326469721384, 37.983924812984768 ], [ -121.315942059473613, 37.979557787904099 ], [ -121.339934647087489, 37.979594881381601 ], [ -121.353584722509154, 37.968632983661799 ], [ -121.361056236045641, 37.965894567032798 ], [ -121.36846025956703, 37.967579921329737 ], [ -121.340083799734728, 37.980130625546003 ], [ -121.316774231172971, 37.980435303203727 ], [ -121.304513908032348, 37.991666893138735 ], [ -121.237475832146643, 38.012779098254924 ], [ -121.21810026942245, 38.036781338965966 ], [ -121.141912447364959, 38.073515633411652 ], [ -121.08235812705216, 38.050345272367991 ], [ -121.016845085388525, 38.144983004673165 ], [ -120.990305842296394, 38.138759559939359 ], [ -120.979848942484068, 38.149674828487441 ], [ -120.960272756362627, 38.136556491851493 ], [ -120.908181024810915, 38.149917598598833 ], [ -120.897905248190028, 38.165939671418158 ], [ -120.846086852375478, 38.181505978054957 ], [ -120.839002111276827, 38.199882601868751 ] ] ] } },
{ "type": "Feature", "properties": { "Name": "Fresno River", "HUC8": "18040007", "AreaAc": 414638 }, "geometry": { "type": "Polygon", "coordinates": [ [ [ -119.559069000949492, 37.447536155955277 ], [ -119.595300319129151, 37.450590700116827 ], [ -119.664151052557912, 37.487607030680238 ], [ -119.690727810921615, 37.477055409044105 ], [ -119.689867543304715, 37.44211414258654 ], [ -119.710133584804169, 37.420110170275436 ], [ -119.74533690981859, 37.419353959288649 ], [ -119.766266342790416, 37.398832345898654 ], [ -119.765174904909472, 37.327470883989783 ], [ -119.79512899013767, 37.322510385589666 ], [ -119.789908179263335, 37.297644057093507 ], [ -119.818636296143254, 37.286830353969478 ], [ -119.833709577676174, 37.224604254590602 ], [ -119.848083987367815, 37.240265782120545 ], [ -119.89326673932662, 37.241776103246735 ], [ -119.982783480570475, 37.17569920655022 ], [ -120.015032500589527, 37.182545897465289 ], [ -120.054364015713688, 37.165614057502211 ], [ -120.073554351611477, 37.174302009764482 ], [ -120.174326976450814, 37.161499449848279 ], [ -120.428230677566205, 37.086830325548817 ], [ -120.547420591437614, 37.065347493711485 ], [ -120.551085418324178, 37.073066511985068 ], [ -120.55712549125758, 37.075704295314502 ], [ -120.544707397059781, 37.027508782427503 ], [ -120.486103415205605, 37.007326466365569 ], [ -120.453163589516123, 36.971532979351124 ], [ -120.364077296970891, 36.976375449360951 ], [ -120.328417913454288, 36.962750350135735 ], [ -120.190864424673009, 36.982287482690971 ], [ -120.123718207701643, 36.963749216156103 ], [ -120.053228919422438, 36.968324936040553 ], [ -119.972886344666136, 37.010526161374962 ], [ -119.957600110467098, 37.003424684108062 ], [ -119.927931630065402, 37.023909592247328 ], [ -119.9103831672696, 37.068745742571025 ], [ -119.841098156163625, 37.067728641016018 ], [ -119.839360556144143, 37.086000553787308 ], [ -119.794508495927957, 37.111193161640294 ], [ -119.80246655688434, 37.121823106412172 ], [ -119.7370420659594, 37.119386923739739 ], [ -119.712086387871636, 37.153784983467069 ], [ -119.687222340764166, 37.154459636872687 ], [ -119.684708510760217, 37.190838880115777 ], [ -119.648293048489805, 37.206089459655153 ], [ -119.669329178616593, 37.257255532006006 ], [ -119.651419829046944, 37.272629843493881 ], [ -119.582735021312018, 37.282877516966728 ], [ -119.597714711263464, 37.343342015802122 ], [ -119.567106732416732, 37.380736266548659 ], [ -119.57857587118788, 37.397986966637923 ], [ -119.559069000949492, 37.447536155955277 ] ] ] } },
{ "type": "Feature", "properties": { "Name": "Upper Merced", "HUC8": "18040008", "AreaAc": 812444 }, "geometry": { "type": "Polygon", "coordinates": [ [ [ -119.268469588278563, 37.739429471050151 ], [ -119.375569778314343, 37.840711393359676 ], [ -119.402867673894008, 37.833785034474957 ], [ -119.40454474799202, 37.85021946550544 ], [ -119.453780932714764, 37.871351630854171 ], [ -119.496978548749354, 37.864097977819569 ], [ -119.53627843122419, 37.902725972977869 ], [ -119.572483207050823, 37.899834863749057 ], [ -119.597098814772934, 37.861363944980383 ], [ -119.645415926036108, 37.848492655210585 ], [ -119.649418165775984, 37.814281172158708 ], [ -119.669879827740232, 37.799858811835072 ], [ -119.809878561031269, 37.754742187424348 ], [ -119.873161201146019, 37.773668432372439 ], [ -119.884721534093714, 37.760811667522539 ], [ -119.938102106100658, 37.762612484298813 ], [ -120.079768555012294, 37.828766794225949 ], [ -120.127084210329073, 37.781760444441069 ], [ -120.175362559780211, 37.800256895394249 ], [ -120.189135863304671, 37.76726008833068 ], [ -120.238187170647961, 37.765510351070731 ], [ -120.259407448441337, 37.734021432392545 ], [ -120.28246971654734, 37.745418523870491 ], [ -120.286671099763225, 37.729283190819864 ], [ -120.344539589196515, 37.726111894443591 ], [ -120.309509651844749, 37.656131860543681 ], [ -120.326838190310667, 37.649207853231921 ], [ -120.352727873203492, 37.674672490174487 ], [ -120.392326775807945, 37.683596088483888 ], [ -120.37561632463256, 37.65297089410538 ], [ -120.396644994965527, 37.624240452727946 ], [ -120.43713508673234, 37.637194231794368 ], [ -120.474841357717153, 37.590878420964344 ], [ -120.566686088317468, 37.571947242945782 ], [ -120.614303024531992, 37.523999864140727 ], [ -120.605964233757078, 37.513758729689094 ], [ -120.626485868804465, 37.507821086081378 ], [ -120.618249061111328, 37.481033488376468 ], [ -120.651846083481217, 37.482543727526632 ], [ -120.709752114548735, 37.426972556016814 ], [ -120.745528932667099, 37.426341375933688 ], [ -120.77152287621638, 37.400239892938735 ], [ -120.830942133177174, 37.387836517092417 ], [ -120.854441395134273, 37.365220734001525 ], [ -120.930432906674014, 37.372579455304482 ], [ -120.97567146762529, 37.349711950420556 ], [ -120.95360767491546, 37.339388730417824 ], [ -120.883565676454765, 37.359711392860426 ], [ -120.794523358885328, 37.362158762236604 ], [ -120.749518547179974, 37.378390321127632 ], [ -120.725430552838787, 37.408217223417971 ], [ -120.671427352674598, 37.424789188073035 ], [ -120.639399580774906, 37.429516315230103 ], [ -120.601175465902173, 37.413629913966233 ], [ -120.526712391333248, 37.457941282253451 ], [ -120.485819552694167, 37.462322825732109 ], [ -120.455177882799447, 37.492284993760236 ], [ -120.409238853523505, 37.494083108884965 ], [ -120.317066549845364, 37.462253979314191 ], [ -120.262060504259338, 37.507840864734533 ], [ -120.252952663193739, 37.55898124989654 ], [ -120.18573835719873, 37.569422787499143 ], [ -120.154130562171233, 37.556198315405695 ], [ -120.152836209511406, 37.575739096978886 ], [ -120.108782271650512, 37.583370935665414 ], [ -120.047975165006562, 37.530101565892771 ], [ -119.943489818572161, 37.540353394138783 ], [ -119.928658766047491, 37.506304186120168 ], [ -119.874070815015926, 37.541791726325087 ], [ -119.8803825166557, 37.56933350747039 ], [ -119.849642625402737, 37.543170614616471 ], [ -119.825987554073777, 37.550582187177312 ], [ -119.768166357421933, 37.507976116485125 ], [ -119.708842653657939, 37.517006446228606 ], [ -119.690907039545834, 37.47711428225535 ], [ -119.664151052557912, 37.487607030680238 ], [ -119.595300319129151, 37.450590700116827 ], [ -119.558313662056037, 37.447696292904602 ], [ -119.517298912945776, 37.460559654577033 ], [ -119.515862559663148, 37.485330529504246 ], [ -119.464837759232438, 37.490558102005529 ], [ -119.438037579903693, 37.544745635678943 ], [ -119.387463116382222, 37.553907595895133 ], [ -119.370287559611384, 37.631889399244528 ], [ -119.329091735060942, 37.632406899112233 ], [ -119.295205183391147, 37.667311811180788 ], [ -119.290892356880875, 37.690101239545257 ], [ -119.260234645749364, 37.705219416037387 ], [ -119.268469588278563, 37.739429471050151 ] ] ] } },
{ "type": "Feature", "properties": { "Name": "Upper Stanislaus", "HUC8": "18040010", "AreaAc": 766025 }, "geometry": { "type": "Polygon", "coordinates": [ [ [ -119.768195348324056, 38.48530762237575 ], [ -119.800500930093591, 38.481700383150226 ], [ -119.838596324605703, 38.506611221917638 ], [ -119.892389069135163, 38.475560622281584 ], [ -119.912007834504905, 38.516695407163482 ], [ -119.927632289740032, 38.518279536738596 ], [ -120.004977424026592, 38.505671449313589 ], [ -120.130497365855533, 38.449069497425356 ], [ -120.130530836913309, 38.419972703437871 ], [ -120.160327132873547, 38.419082826466401 ], [ -120.219974308283483, 38.350369270490205 ], [ -120.253622154087594, 38.33639754152528 ], [ -120.252258215533217, 38.317707966793279 ], [ -120.286981582594237, 38.283397037242914 ], [ -120.331825843795386, 38.267956730612163 ], [ -120.373694787524741, 38.230438321416074 ], [ -120.364540733248901, 38.190088083719608 ], [ -120.384665963567144, 38.171561407913316 ], [ -120.490076187508109, 38.142075148423181 ], [ -120.569398979131464, 38.063928473604655 ], [ -120.592203124582312, 38.05910427692092 ], [ -120.605056054440738, 38.01050709994098 ], [ -120.661209107246464, 38.044440270611801 ], [ -120.647078383907072, 38.011651435704721 ], [ -120.666533664993565, 37.977174919641136 ], [ -120.608277120307932, 37.906352936844804 ], [ -120.60916703553626, 37.882641247720514 ], [ -120.660919408652546, 37.836317206201436 ], [ -120.718355984019027, 37.840153579820381 ], [ -120.785523012956133, 37.810682381485243 ], [ -120.805189769155291, 37.81833611856711 ], [ -120.827632006044851, 37.808229756122856 ], [ -120.822143443521782, 37.791642186189527 ], [ -120.853977522364445, 37.797297725753197 ], [ -120.870533451084825, 37.780824416697385 ], [ -120.961613827311865, 37.757929270478456 ], [ -121.094818968500391, 37.760908867917038 ], [ -121.093367603888922, 37.747026544093721 ], [ -121.223735100742957, 37.684068413731282 ], [ -121.240940021449404, 37.665368680747058 ], [ -121.227516944198328, 37.639495936919133 ], [ -121.19162964060564, 37.638123509189832 ], [ -121.170463128773861, 37.613411817752734 ], [ -121.153355930765215, 37.629180148214097 ], [ -120.917255871562844, 37.659759521358886 ], [ -120.839907382532488, 37.706765859684211 ], [ -120.821157474915907, 37.741841889891795 ], [ -120.788105801376886, 37.754605896571427 ], [ -120.757539559000236, 37.732649945519718 ], [ -120.737765602554418, 37.778641463044075 ], [ -120.676229582914175, 37.797401290180417 ], [ -120.640763073186434, 37.782261801000487 ], [ -120.612011504608674, 37.806671941683462 ], [ -120.581533226775392, 37.808856440504087 ], [ -120.558585150926746, 37.866799178627524 ], [ -120.51418125799276, 37.834331929077322 ], [ -120.470576363493251, 37.826444803440779 ], [ -120.468795598782222, 37.921890800682533 ], [ -120.425849419045221, 37.998575216449737 ], [ -120.394007444996575, 38.008530257865019 ], [ -120.386149476376389, 38.05638372659562 ], [ -120.341075714800681, 38.044261083468271 ], [ -120.24617506319548, 38.064294028594809 ], [ -120.203920775184329, 38.056458518585238 ], [ -119.994927637805219, 38.196925273107617 ], [ -119.990704799125893, 38.186934362160457 ], [ -119.87930575869116, 38.205193879497671 ], [ -119.835313451502856, 38.198952065562501 ], [ -119.781760756200043, 38.218501365757746 ], [ -119.690087800232945, 38.19847544002053 ], [ -119.665111860399492, 38.207232977795165 ], [ -119.658306306187981, 38.229481339914848 ], [ -119.604665550204572, 38.234641949219487 ], [ -119.612965321461999, 38.261450058682129 ], [ -119.651450971402568, 38.286243982917185 ], [ -119.627971294228061, 38.348376123442002 ], [ -119.681143181253319, 38.402177898546093 ], [ -119.680251027653057, 38.440361659268845 ], [ -119.704911243348278, 38.454176997195738 ], [ -119.729235274135533, 38.443263400302477 ], [ -119.727412115860645, 38.464265274586054 ], [ -119.768195348324056, 38.48530762237575 ] ] ] } },
{ "type": "Feature", "properties": { "Name": "Upper Calaveras California", "HUC8": "18040011", "AreaAc": 338364 }, "geometry": { "type": "Polygon", "coordinates": [ [ [ -120.253622154087594, 38.33639754152528 ], [ -120.375677784773274, 38.290060057932095 ], [ -120.463354102902485, 38.330177783521634 ], [ -120.568031830305941, 38.335375251468356 ], [ -120.590976586796884, 38.354876947518925 ], [ -120.59536004075818, 38.334350694003227 ], [ -120.649377953137673, 38.327707496366408 ], [ -120.672896795359321, 38.300795324992599 ], [ -120.709948897031651, 38.297682666737884 ], [ -120.739458983682368, 38.259747687102916 ], [ -120.759830416063551, 38.256930501477321 ], [ -120.770992445290048, 38.273293011101131 ], [ -120.791978537878521, 38.266926909668939 ], [ -120.821464248913443, 38.22577331641758 ], [ -120.839155667303487, 38.225563418717257 ], [ -120.83932474876984, 38.186960948203691 ], [ -120.904984468813637, 38.151450866615043 ], [ -120.960272756362627, 38.136556491851493 ], [ -120.979848942484068, 38.149674828487441 ], [ -120.990305842296394, 38.138759559939359 ], [ -121.016845085388525, 38.144983004673165 ], [ -121.08235812705216, 38.050345272367991 ], [ -121.141912447364959, 38.073515633411652 ], [ -121.21810026942245, 38.036781338965966 ], [ -121.237475832146643, 38.012779098254924 ], [ -121.304513908032348, 37.991666893138735 ], [ -121.316774231172971, 37.980435303203727 ], [ -121.327379588106822, 37.982454093533242 ], [ -121.340083799734728, 37.980130625546003 ], [ -121.368448517095089, 37.96739054297722 ], [ -121.315942059473613, 37.979557787904099 ], [ -121.303584645548085, 37.991117035070182 ], [ -121.280357498339001, 37.993786581869962 ], [ -121.202084727064559, 37.959414606657532 ], [ -121.136317946862064, 38.006888175255554 ], [ -121.069658280126717, 38.017029518285923 ], [ -120.984302229268494, 38.064235994179683 ], [ -120.966046273449223, 38.05229282144208 ], [ -120.919756991841339, 38.05643946246667 ], [ -120.887775028030532, 38.016581036998367 ], [ -120.815552488558808, 38.056099136959133 ], [ -120.79753934671308, 38.049203665028749 ], [ -120.758675741921323, 38.073134073856792 ], [ -120.738134905368582, 38.055155598156333 ], [ -120.690074000930977, 38.079401450297432 ], [ -120.605056054440738, 38.01050709994098 ], [ -120.592203124582312, 38.05910427692092 ], [ -120.569398979131464, 38.063928473604655 ], [ -120.490076187508109, 38.142075148423181 ], [ -120.367649495202301, 38.184997239468252 ], [ -120.373694787524741, 38.230438321416074 ], [ -120.331825843795386, 38.267956730612163 ], [ -120.286981582594237, 38.283397037242914 ], [ -120.252258215533217, 38.317707966793279 ], [ -120.253622154087594, 38.33639754152528 ] ] ] } },
{ "type": "Feature", "properties": { "Name": "Upper Cosumnes", "HUC8": "18040013", "AreaAc": 607874 }, "geometry": { "type": "Polygon", "coordinates": [ [ [ -120.235000876221932, 38.590382715483351 ], [ -120.249029095698617, 38.657938063998699 ], [ -120.357049482092307, 38.704182518800607 ], [ -120.390498453591903, 38.705339128152843 ], [ -120.439828457044484, 38.74549898970357 ], [ -120.489040062503221, 38.753203906677321 ], [ -120.554008812093755, 38.757302493065247 ], [ -120.64083296327135, 38.703580481136527 ], [ -120.718671888498292, 38.701455092857515 ], [ -120.744543718066367, 38.674334467433198 ], [ -120.823775149776552, 38.698429113236003 ], [ -120.850922262253746, 38.63482020398051 ], [ -120.858492803746472, 38.668430903669034 ], [ -120.917370165442875, 38.674136269792598 ], [ -120.926891669639105, 38.657812631845204 ], [ -120.993589652040015, 38.713306260638845 ], [ -121.009843343473847, 38.703021430842703 ], [ -121.006672309896814, 38.679933813216863 ], [ -121.034972068129619, 38.687671702713942 ], [ -121.085847747866708, 38.674631972332286 ], [ -121.093836379193192, 38.616399780609875 ], [ -121.139192200795605, 38.62357831743703 ], [ -121.175555634566663, 38.568020041166683 ], [ -121.173970690401092, 38.536010830508964 ], [ -121.233969730012959, 38.477318866325078 ], [ -121.27718616468475, 38.476067720736012 ], [ -121.262604682677576, 38.448286802621162 ], [ -121.299860170658576, 38.439506928378755 ], [ -121.329696501162246, 38.390793168468619 ], [ -121.354593572146925, 38.390583355648175 ], [ -121.347118044654778, 38.361207571051914 ], [ -121.398901802878299, 38.345292404767513 ], [ -121.399246593803454, 38.291325577955774 ], [ -121.438913090697469, 38.2741919660115 ], [ -121.439671471579032, 38.255620480293835 ], [ -121.397247291303955, 38.227466871661541 ], [ -121.337667863222052, 38.230025635492915 ], [ -121.253233583493341, 38.268538922835205 ], [ -121.164122386775432, 38.261861424938132 ], [ -121.117520450777789, 38.321077749578663 ], [ -121.039568613827228, 38.344015036307127 ], [ -121.031072558804823, 38.358592678943076 ], [ -121.004694883449233, 38.352567608496742 ], [ -121.00673207551948, 38.365720064899655 ], [ -120.951608539675505, 38.405734191033964 ], [ -120.957338485259456, 38.432966821035421 ], [ -120.896900908461518, 38.435015711595149 ], [ -120.767122074655546, 38.518925081744698 ], [ -120.575234016280746, 38.49327072389066 ], [ -120.462879887299209, 38.513617843247815 ], [ -120.380414555379332, 38.54464147701799 ], [ -120.272952659351574, 38.560751323824512 ], [ -120.235000876221932, 38.590382715483351 ] ] ] } },
{ "type": "Feature", "properties": { "Name": "Rock Creek-French Camp Slough", "HUC8": "18040051", "AreaAc": 302576 }, "geometry": { "type": "Polygon", "coordinates": [ [ [ -120.647078383907072, 38.011651435704721 ], [ -120.690074000930977, 38.079401450297432 ], [ -120.738134905368582, 38.055155598156333 ], [ -120.758675741921323, 38.073134073856792 ], [ -120.887156252110046, 38.01668897818184 ], [ -120.904518777939387, 38.027239285382848 ], [ -120.92867748833234, 38.01905704227466 ], [ -121.01942659107273, 37.942295929864294 ], [ -121.059459540298661, 37.955981303809331 ], [ -121.191571173043869, 37.958339251991418 ], [ -121.269253998206239, 37.941009984363426 ], [ -121.289971934250843, 37.917394469159376 ], [ -121.318744968186294, 37.92015046308471 ], [ -121.115183689431063, 37.775648339681176 ], [ -120.961613827311865, 37.757929270478456 ], [ -120.870533451084825, 37.780824416697385 ], [ -120.853977522364445, 37.797297725753197 ], [ -120.822143443521782, 37.791642186189527 ], [ -120.827632006044851, 37.808229756122856 ], [ -120.805189769155291, 37.81833611856711 ], [ -120.785523012956133, 37.810682381485243 ], [ -120.718355984019027, 37.840153579820381 ], [ -120.661863620454355, 37.835852962561496 ], [ -120.60916703553626, 37.882641247720514 ], [ -120.608277120307932, 37.906352936844804 ], [ -120.666533664993565, 37.977174919641136 ], [ -120.647078383907072, 38.011651435704721 ] ] ] } },
{ "type": "Feature", "properties": { "Name": "San Pablo Bay", "HUC8": "18050002", "AreaAc": 784875 }, "geometry": { "type": "Polygon", "coordinates": [ [ [ -122.202623762815449, 38.358183117979308 ], [ -122.274175767169609, 38.460112605308794 ], [ -122.257290730963021, 38.470342687069468 ], [ -122.291176060186032, 38.542452271811193 ], [ -122.346231935675434, 38.565710351885912 ], [ -122.381812535177517, 38.552673435807215 ], [ -122.436628515013425, 38.593350079494606 ], [ -122.513825533793579, 38.619042757716159 ], [ -122.5326663946651, 38.612096192591089 ], [ -122.57675802579999, 38.652460753391594 ], [ -122.624161998299826, 38.665384752320811 ], [ -122.646811709522893, 38.598182787579432 ], [ -122.620681152425391, 38.560068464241766 ], [ -122.544294506699856, 38.520400592736436 ], [ -122.529503064327741, 38.469285385581728 ], [ -122.572588910536027, 38.465540390076988 ], [ -122.579885940293721, 38.434029857525282 ], [ -122.617367319788571, 38.410714838853622 ], [ -122.574272295559481, 38.32956407282871 ], [ -122.652806305062654, 38.33344446198678 ], [ -122.706955577740558, 38.315845063108398 ], [ -122.737963825788086, 38.261500622402743 ], [ -122.716044360293679, 38.23887326317945 ], [ -122.756760117943728, 38.193953173451384 ], [ -122.689032322864861, 38.16367901567169 ], [ -122.680491674297073, 38.149761572158575 ], [ -122.699086412100556, 38.118723704476928 ], [ -122.680986542156134, 38.116669043467809 ], [ -122.674564572728414, 38.096761567697094 ], [ -122.62829804958092, 38.091795976652826 ], [ -122.596556236579559, 38.067897103450605 ], [ -122.61677120119262, 38.058279116290983 ], [ -122.612806535009071, 38.021557536280596 ], [ -122.628925470127072, 37.996049853189881 ], [ -122.650445825414891, 37.996136957239798 ], [ -122.648519373858477, 37.980687975748424 ], [ -122.606839149475789, 37.970308812323367 ], [ -122.582348473195395, 37.946271454644609 ], [ -122.552453906415181, 37.866603737070434 ], [ -122.487575036460569, 37.845051719262315 ], [ -122.52957775212883, 37.814611664325305 ], [ -122.45916612490845, 37.742916351201416 ], [ -122.445826240100487, 37.792186426783488 ], [ -122.392192636721688, 37.785732454501627 ], [ -122.372905723103003, 37.810945349950714 ], [ -122.272920708145946, 37.803565001032972 ], [ -122.240102914252816, 37.8383642162322 ], [ -122.209262110467478, 37.829072209199367 ], [ -122.19817487679866, 37.848737349579018 ], [ -122.145293215065109, 37.8616188532053 ], [ -122.170414634833421, 37.895508976309586 ], [ -122.123795501422265, 37.933867485562111 ], [ -122.181613913841545, 37.965351375483017 ], [ -122.183651906225535, 37.978236425603903 ], [ -122.161116473905793, 37.982865757128955 ], [ -122.224540443251655, 38.074488757498926 ], [ -122.1781109702615, 38.116985086488405 ], [ -122.194070833085178, 38.165211189917933 ], [ -122.215212272410213, 38.179493534267749 ], [ -122.193089961792268, 38.222138297262198 ], [ -122.211846158496883, 38.250670361198246 ], [ -122.193086224727935, 38.256367266957525 ], [ -122.216209902729233, 38.266287607487257 ], [ -122.188098130699444, 38.271709814207959 ], [ -122.217307218619766, 38.339331190262619 ], [ -122.202623762815449, 38.358183117979308 ] ] ] } },
{ "type": "Feature", "properties": { "Name": "Coyote", "HUC8": "18050003", "AreaAc": 461005 }, "geometry": { "type": "Polygon", "coordinates": [ [ [ -121.457771636233446, 37.287277179213618 ], [ -121.49657661756855, 37.317874287015734 ], [ -121.503607075449125, 37.29724876346404 ], [ -121.531327814929099, 37.290012345342184 ], [ -121.525844764520414, 37.257836372672472 ], [ -121.55833120920181, 37.283098166979961 ], [ -121.609866813504112, 37.263341282037835 ], [ -121.636398808370487, 37.306127773087951 ], [ -121.677974689939987, 37.324862684252253 ], [ -121.693170030093498, 37.369127293830566 ], [ -121.735025149122578, 37.401423061674052 ], [ -121.733947641081599, 37.421433197535556 ], [ -121.816271978926409, 37.432008764772981 ], [ -121.864643410738452, 37.484838616552075 ], [ -121.941919056054502, 37.429107470682553 ], [ -121.972322129471081, 37.425218872496593 ], [ -121.974458820227795, 37.410775446089588 ], [ -122.103349706338932, 37.430455118523859 ], [ -122.115939929835577, 37.452973262225164 ], [ -122.144883693129103, 37.459042536041139 ], [ -122.209054639466117, 37.419486963075691 ], [ -122.245678558123856, 37.42299071584516 ], [ -122.271815446482549, 37.456944391346866 ], [ -122.329458389018271, 37.446527220722857 ], [ -122.306727732210561, 37.406510832350882 ], [ -122.268644152892733, 37.390381515304469 ], [ -122.212215654927562, 37.32774202662489 ], [ -122.170821178850147, 37.312713802025328 ], [ -122.146034682865164, 37.269100904067024 ], [ -122.042264416029084, 37.202292542596417 ], [ -121.991748909845967, 37.144534616114939 ], [ -121.846007371490742, 37.0969800471591 ], [ -121.814624015463693, 37.151786047212255 ], [ -121.793385590452857, 37.160310639481828 ], [ -121.734515094535368, 37.154247530770874 ], [ -121.730869041987461, 37.163643967840763 ], [ -121.710256153090072, 37.139249782023015 ], [ -121.669119456463449, 37.137066931364124 ], [ -121.624224633021427, 37.162284144526126 ], [ -121.567500782801147, 37.128524970106938 ], [ -121.533900446297238, 37.074844167714645 ], [ -121.49789027327715, 37.060541321471554 ], [ -121.463537650519939, 37.01818100165189 ], [ -121.416455023540053, 37.01939448725355 ], [ -121.377572470674636, 37.04998136895729 ], [ -121.412197924975999, 37.089136792492639 ], [ -121.410801129907867, 37.120049295434384 ], [ -121.45994387193393, 37.159431026044643 ], [ -121.422810412301232, 37.203399536668016 ], [ -121.45622378279802, 37.251618058821016 ], [ -121.457771636233446, 37.287277179213618 ] ] ] } },
{ "type": "Feature", "properties": { "Name": "San Francisco Bay", "HUC8": "18050004", "AreaAc": 853257 }, "geometry": { "type": "Polygon", "coordinates": [ [ [ -121.898756363876387, 37.845109077974101 ], [ -121.908309304253592, 37.808162561092715 ], [ -121.972380414379273, 37.778789491730485 ], [ -121.9930113946548, 37.737341875823056 ], [ -122.011784433447232, 37.747750568439656 ], [ -122.002389434869841, 37.770478205406413 ], [ -122.08959448811261, 37.823650454894981 ], [ -122.118321696146637, 37.873407679458559 ], [ -122.134759358033079, 37.87627317753531 ], [ -122.146164932351496, 37.859894632301796 ], [ -122.19817487679866, 37.848737349579018 ], [ -122.209262110467478, 37.829072209199367 ], [ -122.243089381388458, 37.836943540671768 ], [ -122.272920708145946, 37.803565001032972 ], [ -122.372905723103003, 37.810945349950714 ], [ -122.392192636721688, 37.785732454501627 ], [ -122.4461760440212, 37.791912105632349 ], [ -122.456108155725175, 37.700696360585511 ], [ -122.49199790215846, 37.675202128100203 ], [ -122.451287522652251, 37.583154994879393 ], [ -122.379998052222888, 37.522181656311837 ], [ -122.356748374600102, 37.470882851109216 ], [ -122.331837422608729, 37.446248160898158 ], [ -122.271815446482549, 37.456944391346866 ], [ -122.233046479630787, 37.41954656033618 ], [ -122.209054639466117, 37.419486963075691 ], [ -122.144883693129103, 37.459042536041139 ], [ -122.115939929835577, 37.452973262225164 ], [ -122.103349706338932, 37.430455118523859 ], [ -121.974458820227795, 37.410775446089588 ], [ -121.972322129471081, 37.425218872496593 ], [ -121.941919056054502, 37.429107470682553 ], [ -121.864643410738452, 37.484838616552075 ], [ -121.816271978926409, 37.432008764772981 ], [ -121.733947641081599, 37.421433197535556 ], [ -121.735025149122578, 37.401423061674052 ], [ -121.693170030093498, 37.369127293830566 ], [ -121.677974689939987, 37.324862684252253 ], [ -121.636398808370487, 37.306127773087951 ], [ -121.609866813504112, 37.263341282037835 ], [ -121.55833120920181, 37.283098166979961 ], [ -121.525844764520414, 37.257836372672472 ], [ -121.531327814929099, 37.290012345342184 ], [ -121.503607075449125, 37.29724876346404 ], [ -121.49657661756855, 37.317874287015734 ], [ -121.456145137323475, 37.286414653867837 ], [ -121.423096618611538, 37.298647999273044 ], [ -121.406684409529063, 37.314015784180434 ], [ -121.424112963972647, 37.361378496318935 ], [ -121.410963707456645, 37.387770632054639 ], [ -121.457840265693136, 37.395825245452976 ], [ -121.473779879477874, 37.423568758092749 ], [ -121.462842359319055, 37.450093876426457 ], [ -121.485441246611472, 37.473938151781915 ], [ -121.469166835328963, 37.489560165151495 ], [ -121.498467978009941, 37.52263371623166 ], [ -121.545461004050722, 37.532381172185978 ], [ -121.620288525647027, 37.605751343336486 ], [ -121.607943418186451, 37.658094071766321 ], [ -121.635378475731812, 37.701311967481082 ], [ -121.659134958670066, 37.707578063699088 ], [ -121.652259269307322, 37.763616120704576 ], [ -121.709594829511801, 37.772544738556071 ], [ -121.739210820591879, 37.760104573558984 ], [ -121.830155351687836, 37.835567566653751 ], [ -121.86827953043516, 37.85403315524109 ], [ -121.898756363876387, 37.845109077974101 ] ] ] } },
{ "type": "Feature", "properties": { "Name": "Tomales-Drake Bays", "HUC8": "18050005", "AreaAc": 284424 }, "geometry": { "type": "MultiPolygon", "coordinates": [ [ [ [ -122.895285630761421, 38.366480355482544 ], [ -122.944017129760724, 38.337423008693719 ], [ -123.039370440547899, 38.348603705894412 ], [ -123.061565708845038, 38.338298590621882 ], [ -123.058010425308396, 38.298304499807983 ], [ -123.046692586003232, 38.312307527875305 ], [ -123.023360113341397, 38.309660659170952 ], [ -122.971128807892157, 38.259007330539241 ], [ -122.974116828491063, 38.230705889926291 ], [ -122.97900497620212, 38.229236775834892 ], [ -122.987391365212403, 38.237987576902597 ], [ -122.994898936772316, 38.240796921934638 ], [ -122.995687349854961, 38.239241391389655 ], [ -122.949834361667556, 38.163519856633606 ], [ -122.976185476720559, 38.076326365675015 ], [ -123.024282585023329, 37.995119583993556 ], [ -122.964261999440339, 37.990126721118656 ], [ -122.982896460604067, 38.00713424276794 ], [ -122.947087127077197, 38.031310968324242 ], [ -122.870074477874141, 38.021628360407171 ], [ -122.800453486940356, 37.979891852195323 ], [ -122.725896872360607, 37.903021919213735 ], [ -122.702803812003239, 37.894160679744466 ], [ -122.656635557742106, 37.903942622420693 ], [ -122.562063090265241, 37.852080534895535 ], [ -122.529775117426198, 37.815056200133895 ], [ -122.499703450751241, 37.827783947667832 ], [ -122.492545821831825, 37.849814756371963 ], [ -122.552453906415181, 37.866603737070434 ], [ -122.582348473195395, 37.946271454644609 ], [ -122.606839149475789, 37.970308812323367 ], [ -122.648519373858477, 37.980687975748424 ], [ -122.650445825414891, 37.996136957239798 ], [ -122.628925470127072, 37.996049853189881 ], [ -122.612806535009071, 38.021557536280596 ], [ -122.61677120119262, 38.058279116290983 ], [ -122.596556236579559, 38.067897103450605 ], [ -122.62829804958092, 38.091795976652826 ], [ -122.674564572728414, 38.096761567697094 ], [ -122.680986542156134, 38.116669043467809 ], [ -122.699086412100556, 38.118723704476928 ], [ -122.680491674297073, 38.149761572158575 ], [ -122.689032322864861, 38.16367901567169 ], [ -122.756760117943728, 38.193953173451384 ], [ -122.716044360293679, 38.23887326317945 ], [ -122.737963825788086, 38.261500622402743 ], [ -122.718358795686513, 38.306531511528405 ], [ -122.73188568195711, 38.311535550112943 ], [ -122.737853143521548, 38.298763776249125 ], [ -122.786563454469658, 38.313593926148435 ], [ -122.780274252379257, 38.326973301841534 ], [ -122.81349790235349, 38.324556280315143 ], [ -122.895285630761421, 38.366480355482544 ] ] ], [ [ [ -123.058050857028988, 38.298255847377661 ], [ -123.058059413180814, 38.298260879983658 ], [ -123.058062106649345, 38.298249533236323 ], [ -123.058050857028988, 38.298255847377661 ] ] ] ] } },
{ "type": "Feature", "properties": { "Name": "San Francisco Coastal South", "HUC8": "18050006", "AreaAc": 255390 }, "geometry": { "type": "MultiPolygon", "coordinates": [ [ [ [ -122.453399253884612, 37.743621848241347 ], [ -122.519522315786261, 37.791963257308844 ], [ -122.493787525241586, 37.642344175728837 ], [ -122.500447498590347, 37.601122480518946 ], [ -122.521101222184001, 37.594355309396974 ], [ -122.519981103226343, 37.533919625525769 ], [ -122.499606858662503, 37.495587038740858 ], [ -122.479234711155584, 37.503397606958359 ], [ -122.456732763042524, 37.489720268104321 ], [ -122.400346106322516, 37.357626385702588 ], [ -122.419713559568649, 37.242007395607203 ], [ -122.405993183347022, 37.197047056950851 ], [ -122.365370966582873, 37.170287493563457 ], [ -122.336766184183432, 37.11722536977652 ], [ -122.285407311935913, 37.102230383888127 ], [ -122.22285341226484, 37.024884904977768 ], [ -122.134955765829687, 36.967175662285065 ], [ -122.065895093944007, 36.94805919220056 ], [ -122.063779893025327, 37.009501547124394 ], [ -122.102044575357411, 37.027832759141887 ], [ -122.141743876530654, 37.106709919270649 ], [ -122.19518272730204, 37.146894450929992 ], [ -122.18469652112816, 37.164853088879219 ], [ -122.202576610553876, 37.202417612595717 ], [ -122.166404341151903, 37.196736784361221 ], [ -122.151713432894113, 37.243858515393065 ], [ -122.125850716424509, 37.258446236113599 ], [ -122.170821178850147, 37.312713802025328 ], [ -122.212215654927562, 37.32774202662489 ], [ -122.268644152892733, 37.390381515304469 ], [ -122.319095910883902, 37.417811115195413 ], [ -122.311302910360155, 37.428385470262782 ], [ -122.356748374600102, 37.470882851109216 ], [ -122.379998052222888, 37.522181656311837 ], [ -122.451287522652251, 37.583154994879393 ], [ -122.492012725734469, 37.675624296881985 ], [ -122.456108155725175, 37.700696360585511 ], [ -122.453399253884612, 37.743621848241347 ] ] ], [ [ [ -122.529443022948996, 37.815252812658031 ], [ -122.529775117426198, 37.815056200133895 ], [ -122.52957775212883, 37.814611664325305 ], [ -122.529443022948996, 37.815252812658031 ] ] ] ] } },
{ "type": "Feature", "properties": { "Name": "Pajaro", "HUC8": "18060002", "AreaAc": 832396 }, "geometry": { "type": "Polygon", "coordinates": [ [ [ -121.360678503280866, 37.185463081952861 ], [ -121.400889439254158, 37.152467138303741 ], [ -121.422952906646628, 37.222856688298073 ], [ -121.442617460041944, 37.228189864965842 ], [ -121.423293259733654, 37.199332159867701 ], [ -121.45994387193393, 37.159431026044643 ], [ -121.410801129907867, 37.120049295434384 ], [ -121.412197924975999, 37.089136792492639 ], [ -121.377510295987619, 37.04954088008509 ], [ -121.416455023540053, 37.01939448725355 ], [ -121.463537650519939, 37.01818100165189 ], [ -121.49789027327715, 37.060541321471554 ], [ -121.533900446297238, 37.074844167714645 ], [ -121.567500782801147, 37.128524970106938 ], [ -121.624224633021427, 37.162284144526126 ], [ -121.664336902477231, 37.137220487355229 ], [ -121.710256153090072, 37.139249782023015 ], [ -121.730869041987461, 37.163643967840763 ], [ -121.814624015463693, 37.151786047212255 ], [ -121.848423150448511, 37.104530186271994 ], [ -121.809024691616798, 37.069110803559681 ], [ -121.845327849402651, 37.067276069672815 ], [ -121.839398063247458, 36.991608658786284 ], [ -121.853274638501432, 36.964824579565651 ], [ -121.809227758142839, 36.848547324772277 ], [ -121.77550384491019, 36.852530281800213 ], [ -121.770264539917406, 36.872648066835005 ], [ -121.709733584006784, 36.899248742441891 ], [ -121.696310283339002, 36.876187956716876 ], [ -121.620587903721258, 36.889602855117793 ], [ -121.584835841444672, 36.873788333770662 ], [ -121.564105111145423, 36.860861855784606 ], [ -121.587976591808868, 36.838611747010781 ], [ -121.579787910897423, 36.822734622839143 ], [ -121.53879294672052, 36.813850520056526 ], [ -121.501670515814865, 36.76065935103972 ], [ -121.48156116508801, 36.765633300751759 ], [ -121.452802879231484, 36.729085658200745 ], [ -121.484496334958067, 36.713639127616958 ], [ -121.469053729034854, 36.685580817021986 ], [ -121.416171631777161, 36.673283144532313 ], [ -121.40680471366592, 36.655963622837987 ], [ -121.366354212709709, 36.656579877088284 ], [ -121.318471559896565, 36.61015820134341 ], [ -121.332105110135899, 36.562131954464654 ], [ -121.298699132570164, 36.533231648406698 ], [ -121.272085126379963, 36.536624399589577 ], [ -121.265574034243798, 36.55858036321866 ], [ -121.235730594524014, 36.571243974626483 ], [ -121.181970797979972, 36.57277167565185 ], [ -121.087626690314664, 36.497373115552051 ], [ -121.083202120596141, 36.472283879271991 ], [ -121.067310841213171, 36.463045006518428 ], [ -121.038150315823785, 36.481312838153833 ], [ -120.893426361158234, 36.346431048142108 ], [ -120.871026243523033, 36.335036819917434 ], [ -120.84641659479847, 36.342319265964655 ], [ -120.831215850359982, 36.318360230966157 ], [ -120.789891352841977, 36.300497045913424 ], [ -120.746181433856876, 36.309849240844159 ], [ -120.678300837279025, 36.267463621381907 ], [ -120.683268214596467, 36.29404783863567 ], [ -120.663148036597192, 36.314442067398431 ], [ -120.583285504081374, 36.332154810228523 ], [ -120.674520587581512, 36.389896571133491 ], [ -120.724001831960067, 36.39705711631651 ], [ -120.737753101246795, 36.387485162320743 ], [ -120.79080487036893, 36.419418628001623 ], [ -120.833042363359965, 36.471968588358138 ], [ -120.865339507910903, 36.489376924722677 ], [ -120.903752265881664, 36.476007578682754 ], [ -120.90620919836509, 36.497873845151801 ], [ -120.945773279549897, 36.503548307015762 ], [ -121.007769339866854, 36.540963639523397 ], [ -121.03198902522368, 36.584170843793871 ], [ -121.020027590393624, 36.626378810092518 ], [ -120.992682979627688, 36.632709903934753 ], [ -120.959674839212681, 36.719860874498202 ], [ -120.999582536430168, 36.76254050562541 ], [ -121.031028415494248, 36.767613287317104 ], [ -121.058185502255839, 36.752496140942995 ], [ -121.114360087836758, 36.76906151129473 ], [ -121.108738183023164, 36.812301229836471 ], [ -121.134444973661104, 36.817064470631664 ], [ -121.18403711971763, 36.908804090774794 ], [ -121.221487539677554, 36.910211977876244 ], [ -121.234492895861919, 36.926581039928159 ], [ -121.211689191202865, 36.957297808727198 ], [ -121.244809721716507, 36.981347388807777 ], [ -121.233027315477941, 37.01023152360608 ], [ -121.247642086307792, 37.028801202496624 ], [ -121.208201632831205, 37.061551607779457 ], [ -121.244342703584252, 37.088173754328096 ], [ -121.216696401138762, 37.121895112822763 ], [ -121.240329346634397, 37.158717355599087 ], [ -121.28274424326851, 37.181810434855272 ], [ -121.330376816969363, 37.167649397751411 ], [ -121.360678503280866, 37.185463081952861 ] ] ] } },
{ "type": "Feature", "properties": { "Name": "Salinas", "HUC8": "18060005", "AreaAc": 2130613 }, "geometry": { "type": "Polygon", "coordinates": [ [ [ -121.481830283744472, 36.715468104388727 ], [ -121.517610321123414, 36.730295394008955 ], [ -121.558497607893727, 36.698890322423786 ], [ -121.660518562998334, 36.667549978080324 ], [ -121.713179994513411, 36.689377911026384 ], [ -121.757603811707781, 36.742525458795654 ], [ -121.804193770506032, 36.753369658050097 ], [ -121.802985237607288, 36.715928192687791 ], [ -121.759801198414536, 36.699737298325886 ], [ -121.743047068233679, 36.667208816394904 ], [ -121.771633531892562, 36.640722329938612 ], [ -121.755015903145818, 36.630085054541844 ], [ -121.772860837060151, 36.590996679038462 ], [ -121.747762465884151, 36.586560606186659 ], [ -121.75382607200055, 36.535234536579473 ], [ -121.738734890549125, 36.514649658484089 ], [ -121.678015922822624, 36.494733214531344 ], [ -121.609304192631527, 36.529997080465719 ], [ -121.587911051273721, 36.525132873362352 ], [ -121.524081601527399, 36.46240038753362 ], [ -121.487414115819448, 36.39574607025336 ], [ -121.499324513890485, 36.368446157028913 ], [ -121.528858374006091, 36.359564401158828 ], [ -121.537549808384057, 36.314431184878472 ], [ -121.567860374235977, 36.312796395091006 ], [ -121.570080207584681, 36.290539187630564 ], [ -121.604968568692939, 36.29609550677052 ], [ -121.638937207551436, 36.276756844811615 ], [ -121.590270423929638, 36.218191909247395 ], [ -121.632286745892358, 36.177141843440801 ], [ -121.589804343894372, 36.137717115518605 ], [ -121.527600721919015, 36.11617194160312 ], [ -121.530575455749087, 36.097992248015252 ], [ -121.497333289282125, 36.081163238822569 ], [ -121.496297802317073, 36.05203948497617 ], [ -121.472760131576848, 36.034916028077298 ], [ -121.476690112964619, 36.017848471236647 ], [ -121.42903514807368, 35.997945856924737 ], [ -121.441725787391078, 35.970787812595034 ], [ -121.363386691342583, 35.912610545091901 ], [ -121.365001601463007, 35.875700523001335 ], [ -121.301299214043169, 35.844460079156271 ], [ -121.264424001020203, 35.847337701918697 ], [ -121.239322395820693, 35.833307220720855 ], [ -121.094151547358067, 35.689523504495035 ], [ -120.981116326561818, 35.634922791830782 ], [ -120.854291694852108, 35.510065125782802 ], [ -120.822711750382609, 35.515558238625239 ], [ -120.716969862776466, 35.463910619516248 ], [ -120.734744692069356, 35.412501033265272 ], [ -120.68846124486943, 35.374895340698011 ], [ -120.643380924329762, 35.34635624416115 ], [ -120.624768817160302, 35.350824985998408 ], [ -120.603964202226649, 35.31837289955719 ], [ -120.573066754991999, 35.322501552703848 ], [ -120.427641967215564, 35.259730369699419 ], [ -120.394278973354758, 35.274014993212027 ], [ -120.313540930093822, 35.256196416715731 ], [ -120.230236983775427, 35.207652782010143 ], [ -120.199918567554349, 35.268011574985906 ], [ -120.220554701622149, 35.28028341868616 ], [ -120.228241034142002, 35.321703667740735 ], [ -120.253161212760261, 35.334978297613858 ], [ -120.276078179666214, 35.325525071567107 ], [ -120.41368033815867, 35.432293968073985 ], [ -120.428013549870471, 35.450777559618189 ], [ -120.41692706799266, 35.542180710346813 ], [ -120.45633723418203, 35.551792033287029 ], [ -120.478962063749819, 35.621330807279293 ], [ -120.547416243599258, 35.647801599863627 ], [ -120.582254023413654, 35.644525651299162 ], [ -120.60029706399888, 35.679878888106941 ], [ -120.692321628496885, 35.725076919504161 ], [ -120.692522197853677, 35.741897700351842 ], [ -120.654513072628234, 35.745676715543922 ], [ -120.629637810303095, 35.830910021660614 ], [ -120.564955579900158, 35.85741665354864 ], [ -120.532024292965488, 35.915780317513978 ], [ -120.56552344808928, 35.932868106740706 ], [ -120.577109922877611, 35.995055308689793 ], [ -120.530159193632329, 35.975340527559162 ], [ -120.50390658136709, 36.002187969488268 ], [ -120.477757361385585, 36.000797258548523 ], [ -120.588064028551216, 36.066701939670047 ], [ -120.600266504917087, 36.101650645501906 ], [ -120.648191067392972, 36.107264617592342 ], [ -120.67219771716519, 36.164325478369143 ], [ -120.649980751618713, 36.168209288790095 ], [ -120.626736738996556, 36.203433971920582 ], [ -120.67984676374958, 36.246932667210004 ], [ -120.67988891367834, 36.269646194248971 ], [ -120.746181433856876, 36.309849240844159 ], [ -120.789891352841977, 36.300497045913424 ], [ -120.831215850359982, 36.318360230966157 ], [ -120.84641659479847, 36.342319265964655 ], [ -120.871026243523033, 36.335036819917434 ], [ -120.893426361158234, 36.346431048142108 ], [ -121.038150315823785, 36.481312838153833 ], [ -121.067310841213171, 36.463045006518428 ], [ -121.083202120596141, 36.472283879271991 ], [ -121.087626690314664, 36.497373115552051 ], [ -121.181970797979972, 36.57277167565185 ], [ -121.235730594524014, 36.571243974626483 ], [ -121.265574034243798, 36.55858036321866 ], [ -121.272085126379963, 36.536624399589577 ], [ -121.298699132570164, 36.533231648406698 ], [ -121.332105110135899, 36.562131954464654 ], [ -121.318471559896565, 36.61015820134341 ], [ -121.350523829246953, 36.648419970578153 ], [ -121.446234916647384, 36.673785197152519 ], [ -121.481830283744472, 36.715468104388727 ] ] ] } },
{ "type": "Feature", "properties": { "Name": "Central Coastal", "HUC8": "18060006", "AreaAc": 858051 }, "geometry": { "type": "MultiPolygon", "coordinates": [ [ [ [ -121.935985103669054, 36.63665591952288 ], [ -121.978974193608053, 36.580077559824772 ], [ -121.930000165149508, 36.553046586779885 ], [ -121.925420798367597, 36.52480432273483 ], [ -121.954564413150464, 36.51893798318163 ], [ -121.903028367503595, 36.393368615044693 ], [ -121.902831916919567, 36.306117245762394 ], [ -121.851525710318313, 36.277541395654858 ], [ -121.826671156608427, 36.241689574509223 ], [ -121.716457733610255, 36.194874993517494 ], [ -121.6331442340514, 36.120963593078862 ], [ -121.573503128645399, 36.023448212826999 ], [ -121.500856166999114, 35.997836146613132 ], [ -121.46513832477136, 35.888993673870402 ], [ -121.331792981260605, 35.782443020992609 ], [ -121.287089895341083, 35.665089301057854 ], [ -121.16661065367586, 35.635445324810782 ], [ -121.101409561253732, 35.548856266781087 ], [ -121.003987079526553, 35.460723504492577 ], [ -120.907753248140168, 35.44915769015735 ], [ -120.887627573607816, 35.433911906904243 ], [ -120.862028664228305, 35.355794266416659 ], [ -120.897632516372965, 35.246754986382918 ], [ -120.854480557313153, 35.205183270402884 ], [ -120.762866674917063, 35.160423297660863 ], [ -120.737415184231466, 35.17881861151276 ], [ -120.650448619684838, 35.147599086998106 ], [ -120.629732215696166, 35.075322521711989 ], [ -120.649037444980621, 34.972670685172993 ], [ -120.626811749957582, 34.969602334305982 ], [ -120.624711669031711, 34.990197904882208 ], [ -120.455614150799278, 35.002521879505366 ], [ -120.501274313940854, 35.032996248109491 ], [ -120.492764336335242, 35.040597548638551 ], [ -120.519580071297682, 35.065714130326583 ], [ -120.483905986883713, 35.092087845884919 ], [ -120.429429290877962, 35.052847517890157 ], [ -120.411172614430058, 35.054396122047592 ], [ -120.398741441478393, 35.077226118470612 ], [ -120.429697490010696, 35.098743123493833 ], [ -120.413149514528385, 35.125503482551196 ], [ -120.423575789595532, 35.139370715359483 ], [ -120.415014277585072, 35.170459734388572 ], [ -120.388706643473299, 35.165415522697323 ], [ -120.375685171540823, 35.177314925009348 ], [ -120.380808161537459, 35.22899753514001 ], [ -120.568637017515073, 35.321023663643608 ], [ -120.604345817028218, 35.318608467972957 ], [ -120.624768817160302, 35.350824985998408 ], [ -120.644799998138353, 35.346941796310503 ], [ -120.734386794160883, 35.411928626441529 ], [ -120.716969862776466, 35.463910619516248 ], [ -120.822711750382609, 35.515558238625239 ], [ -120.854291694852108, 35.510065125782802 ], [ -120.981116326561818, 35.634922791830782 ], [ -121.094151547358067, 35.689523504495035 ], [ -121.239322395820693, 35.833307220720855 ], [ -121.264424001020203, 35.847337701918697 ], [ -121.301299214043169, 35.844460079156271 ], [ -121.365001601463007, 35.875700523001335 ], [ -121.363386691342583, 35.912610545091901 ], [ -121.441725787391078, 35.970787812595034 ], [ -121.42903514807368, 35.997945856924737 ], [ -121.476690112964619, 36.017848471236647 ], [ -121.472760131576848, 36.034916028077298 ], [ -121.496297802317073, 36.05203948497617 ], [ -121.497333289282125, 36.081163238822569 ], [ -121.530575455749087, 36.097992248015252 ], [ -121.527600721919015, 36.11617194160312 ], [ -121.589804343894372, 36.137717115518605 ], [ -121.632286745892358, 36.177141843440801 ], [ -121.590270423929638, 36.218191909247395 ], [ -121.638937207551436, 36.276756844811615 ], [ -121.604968568692939, 36.29609550677052 ], [ -121.570080207584681, 36.290539187630564 ], [ -121.567860374235977, 36.312796395091006 ], [ -121.534002416361147, 36.319513357878527 ], [ -121.528858374006091, 36.359564401158828 ], [ -121.486470386497245, 36.383012723900194 ], [ -121.524081601527399, 36.46240038753362 ], [ -121.601390307554595, 36.52952430286296 ], [ -121.688896635865746, 36.495787738236778 ], [ -121.738405008352728, 36.514381612848702 ], [ -121.76533438441264, 36.555404894863308 ], [ -121.809106842412007, 36.549777294658966 ], [ -121.818014892495128, 36.561886705146094 ], [ -121.906889491608524, 36.570047460139058 ], [ -121.935985103669054, 36.63665591952288 ] ] ], [ [ [ -120.754210107005107, 35.159202918061382 ], [ -120.755145709698851, 35.159763907955615 ], [ -120.755385691086872, 35.159333445603153 ], [ -120.754210107005107, 35.159202918061382 ] ] ] ] } },
{ "type": "Feature", "properties": { "Name": "Santa Maria", "HUC8": "18060008", "AreaAc": 437825 }, "geometry": { "type": "Polygon", "coordinates": [ [ [ -120.398855959409246, 35.077688799017466 ], [ -120.417552713167822, 35.049624471294365 ], [ -120.475332234760046, 35.089950102839829 ], [ -120.501025863483591, 35.091211792658342 ], [ -120.515312972702063, 35.054969628675813 ], [ -120.455614150799278, 35.002521879505366 ], [ -120.625118566448307, 34.99011341264351 ], [ -120.626490495905614, 34.969836444964187 ], [ -120.649037444980621, 34.972670685172993 ], [ -120.651262893313088, 34.933083112848905 ], [ -120.628304813121233, 34.92373122075329 ], [ -120.624415540470565, 34.90288753025871 ], [ -120.551557947962962, 34.891058060866172 ], [ -120.451963203878563, 34.830525977324811 ], [ -120.3858702254701, 34.83766126069505 ], [ -120.361249404539095, 34.8168970795939 ], [ -120.346610709995247, 34.825817432458216 ], [ -120.246300001809459, 34.783856282626893 ], [ -120.19152202365423, 34.792515312882678 ], [ -120.156303508771643, 34.768080708272855 ], [ -120.107412384481023, 34.772843934032977 ], [ -120.091224917814642, 34.81346282654706 ], [ -120.010684333641635, 34.779140080632082 ], [ -119.962289778876993, 34.72052143565999 ], [ -119.908168561365571, 34.730505322960767 ], [ -119.878000827785925, 34.705565756718208 ], [ -119.810593812755471, 34.71373547104136 ], [ -119.750562544609039, 34.701641854563299 ], [ -119.73348317616437, 34.713340052695251 ], [ -119.660080173093036, 34.689503065142581 ], [ -119.628753643273996, 34.697931904397855 ], [ -119.618335348631817, 34.753937185801313 ], [ -119.640819304943847, 34.779026470773843 ], [ -119.687701743593337, 34.792692747938098 ], [ -119.720871378009889, 34.829962885662532 ], [ -119.762873837707517, 34.838809158871946 ], [ -119.822315058342639, 34.896563460179358 ], [ -119.926893734612733, 34.924751728671538 ], [ -120.038161667629979, 35.036414066579304 ], [ -120.08703197898771, 35.012481288519375 ], [ -120.100025587468025, 34.982955508678721 ], [ -120.149030966794243, 34.995411596614062 ], [ -120.17101408628595, 34.962817311118911 ], [ -120.245009088912923, 34.998337898654022 ], [ -120.257351468679829, 34.970699419217482 ], [ -120.243171627724109, 34.935316096972592 ], [ -120.26125215220587, 34.904217490557201 ], [ -120.298898132971786, 34.899953956712771 ], [ -120.312362874152598, 34.903783720109828 ], [ -120.305246942085546, 34.940787793003615 ], [ -120.349542667311738, 34.993511461500191 ], [ -120.342857423161135, 35.028231665323226 ], [ -120.398855959409246, 35.077688799017466 ] ] ] } },
{ "type": "Feature", "properties": { "Name": "San Antonio", "HUC8": "18060009", "AreaAc": 138535 }, "geometry": { "type": "Polygon", "coordinates": [ [ [ -120.119432764301109, 34.771351982168191 ], [ -120.156303508771643, 34.768080708272855 ], [ -120.19152202365423, 34.792515312882678 ], [ -120.246300001809459, 34.783856282626893 ], [ -120.346610709995247, 34.825817432458216 ], [ -120.361249404539095, 34.8168970795939 ], [ -120.3858702254701, 34.83766126069505 ], [ -120.451963203878563, 34.830525977324811 ], [ -120.551557947962962, 34.891058060866172 ], [ -120.624415540470565, 34.90288753025871 ], [ -120.628304813121233, 34.92373122075329 ], [ -120.651262893313088, 34.933083112848905 ], [ -120.650259096503405, 34.96904492582194 ], [ -120.671795272266849, 34.902642962122023 ], [ -120.646725695753929, 34.900591490246896 ], [ -120.610679796621511, 34.858313338163178 ], [ -120.640989510076395, 34.75555393478318 ], [ -120.603887551391495, 34.693380660991053 ], [ -120.560387214305919, 34.707220714145215 ], [ -120.526660566823253, 34.751340974484869 ], [ -120.49014595198706, 34.762316598096007 ], [ -120.439118548571557, 34.730793499617597 ], [ -120.395396166659822, 34.730473974883793 ], [ -120.304455061204052, 34.69947439846672 ], [ -120.291477847771546, 34.713718244547564 ], [ -120.270215743999643, 34.709859609766298 ], [ -120.263910581008858, 34.691190145746013 ], [ -120.236949652196472, 34.68512245687613 ], [ -120.20363746287822, 34.71108229525467 ], [ -120.179305633132316, 34.703917087881791 ], [ -120.124621160649596, 34.748609432636357 ], [ -120.119432764301109, 34.771351982168191 ] ] ] } },
{ "type": "Feature", "properties": { "Name": "Santa Ynez", "HUC8": "18060010", "AreaAc": 573821 }, "geometry": { "type": "Polygon", "coordinates": [ [ [ -119.62145593417381, 34.708234151644859 ], [ -119.660080173093036, 34.689503065142581 ], [ -119.723631940581157, 34.712772815737324 ], [ -119.845453830452257, 34.702555445079355 ], [ -119.878000827785925, 34.705565756718208 ], [ -119.906114292734387, 34.730364996454568 ], [ -119.962289778876993, 34.72052143565999 ], [ -120.010684333641635, 34.779140080632082 ], [ -120.091570732381911, 34.813512875601781 ], [ -120.124621160649596, 34.748609432636357 ], [ -120.179305633132316, 34.703917087881791 ], [ -120.20363746287822, 34.71108229525467 ], [ -120.236949652196472, 34.68512245687613 ], [ -120.263910581008858, 34.691190145746013 ], [ -120.270215743999643, 34.709859609766298 ], [ -120.291477847771546, 34.713718244547564 ], [ -120.304455061204052, 34.69947439846672 ], [ -120.395396166659822, 34.730473974883793 ], [ -120.439118548571557, 34.730793499617597 ], [ -120.49014595198706, 34.762316598096007 ], [ -120.526660566823253, 34.751340974484869 ], [ -120.560387214305919, 34.707220714145215 ], [ -120.603376525945166, 34.693350530132861 ], [ -120.579083704129104, 34.663177079653423 ], [ -120.572127941500696, 34.61008738476567 ], [ -120.537809167874258, 34.6153480993434 ], [ -120.507387608128198, 34.592905108068727 ], [ -120.522025361908248, 34.57274305944965 ], [ -120.451570791846834, 34.564136712668031 ], [ -120.359093313947099, 34.499905866725634 ], [ -120.344735840524265, 34.513421810538773 ], [ -120.274806066895636, 34.512021401928195 ], [ -120.259995866588795, 34.556821748380521 ], [ -120.232498318338344, 34.569333505384158 ], [ -120.170170518487652, 34.513045709038451 ], [ -120.045520546801527, 34.537188985945313 ], [ -119.930217860722124, 34.526973970305448 ], [ -119.866946085754435, 34.505414369735149 ], [ -119.786118565383788, 34.520327258850699 ], [ -119.56963424440201, 34.464742735933605 ], [ -119.443141161788944, 34.477379273420169 ], [ -119.430703361686966, 34.501685103437602 ], [ -119.456190603578662, 34.516936963313952 ], [ -119.474355770860882, 34.561591277836278 ], [ -119.450868977485342, 34.586116085348863 ], [ -119.460697911207191, 34.62267976563669 ], [ -119.424543209936374, 34.639745840694268 ], [ -119.426570389853438, 34.657879807267769 ], [ -119.5334834132086, 34.71382643602935 ], [ -119.62145593417381, 34.708234151644859 ] ] ] } },
{ "type": "Feature", "properties": { "Name": "Santa Barbara Coastal", "HUC8": "18060013", "AreaAc": 232323 }, "geometry": { "type": "Polygon", "coordinates": [ [ [ -120.603376525945166, 34.693350530132861 ], [ -120.650642093930244, 34.57685998936806 ], [ -120.623559339732651, 34.553962196306323 ], [ -120.580388742657874, 34.556765845516196 ], [ -120.514247114813685, 34.525378950219952 ], [ -120.472030307675098, 34.448325482660465 ], [ -120.453141394497592, 34.442384000562555 ], [ -120.294627129786704, 34.470887947663591 ], [ -120.141137931602685, 34.473703457317271 ], [ -120.007159846105154, 34.460605856293505 ], [ -119.87807939646332, 34.40694150783667 ], [ -119.796694083795941, 34.418398226434022 ], [ -119.709596485857446, 34.395511942689815 ], [ -119.681923881374686, 34.414124155219227 ], [ -119.612272038350383, 34.420885841399148 ], [ -119.560636402845105, 34.414079400347688 ], [ -119.478120957761973, 34.373078682878841 ], [ -119.452877393531693, 34.410817692045285 ], [ -119.463349838842632, 34.424493245246332 ], [ -119.446459727990316, 34.475785147390894 ], [ -119.56963424440201, 34.464742735933605 ], [ -119.786118565383788, 34.520327258850699 ], [ -119.866946085754435, 34.505414369735149 ], [ -119.930217860722124, 34.526973970305448 ], [ -120.045520546801527, 34.537188985945313 ], [ -120.170170518487652, 34.513045709038451 ], [ -120.232498318338344, 34.569333505384158 ], [ -120.259995866588795, 34.556821748380521 ], [ -120.274806066895636, 34.512021401928195 ], [ -120.344735840524265, 34.513421810538773 ], [ -120.359093313947099, 34.499905866725634 ], [ -120.451570791846834, 34.564136712668031 ], [ -120.522025361908248, 34.57274305944965 ], [ -120.507387608128198, 34.592905108068727 ], [ -120.537809167874258, 34.6153480993434 ], [ -120.572127941500696, 34.61008738476567 ], [ -120.579083704129104, 34.663177079653423 ], [ -120.603376525945166, 34.693350530132861 ] ] ] } },
{ "type": "Feature", "properties": { "Name": "Monterey Bay", "HUC8": "18060015", "AreaAc": 303473 }, "geometry": { "type": "MultiPolygon", "coordinates": [ [ [ [ -122.117893687807268, 37.254625148279338 ], [ -122.151713432894113, 37.243858515393065 ], [ -122.166937473693281, 37.196402121380792 ], [ -122.202025787496567, 37.203209383025758 ], [ -122.18469652112816, 37.164853088879219 ], [ -122.19518272730204, 37.146894450929992 ], [ -122.141743876530654, 37.106709919270649 ], [ -122.102044575357411, 37.027832759141887 ], [ -122.063779893025327, 37.009501547124394 ], [ -122.065884049368819, 36.948063853387879 ], [ -122.026582850092339, 36.950345259182733 ], [ -122.015834586262287, 36.963433518378032 ], [ -121.972510523408815, 36.95466880531508 ], [ -121.939518259488807, 36.978307081347012 ], [ -121.921801562676549, 36.974984694374633 ], [ -121.867818322871997, 36.938135758297534 ], [ -121.811266458049488, 36.852010146486641 ], [ -121.853274638501432, 36.964824579565651 ], [ -121.839398063247458, 36.991608658786284 ], [ -121.845327849402651, 37.067276069672815 ], [ -121.812781604217179, 37.065232730245015 ], [ -121.817635203016124, 37.083073391373418 ], [ -121.991748909845967, 37.144534616114939 ], [ -122.042264416029084, 37.202292542596417 ], [ -122.092391826440775, 37.223034997327012 ], [ -122.117893687807268, 37.254625148279338 ] ] ], [ [ [ -121.70125333043292, 36.893485187178889 ], [ -121.809227758142839, 36.848547324772277 ], [ -121.78821726971745, 36.804666094738387 ], [ -121.800980550401945, 36.749586195701347 ], [ -121.757603811707781, 36.742525458795654 ], [ -121.713179994513411, 36.689377911026384 ], [ -121.660518562998334, 36.667549978080324 ], [ -121.558497607893727, 36.698890322423786 ], [ -121.517610321123414, 36.730295394008955 ], [ -121.481473623342509, 36.715319877240901 ], [ -121.453147042710199, 36.72126526628022 ], [ -121.53879294672052, 36.813850520056526 ], [ -121.579787910897423, 36.822734622839143 ], [ -121.587976591808868, 36.838611747010781 ], [ -121.566908191669626, 36.863635993652807 ], [ -121.620587903721258, 36.889602855117793 ], [ -121.696310283339002, 36.876187956716876 ], [ -121.70125333043292, 36.893485187178889 ] ] ], [ [ [ -121.803090033746713, 36.73221261590141 ], [ -121.821319170188076, 36.663161704102656 ], [ -121.86038653053761, 36.610346831473741 ], [ -121.890787767999868, 36.602013113441338 ], [ -121.903980612438772, 36.621707472081873 ], [ -121.938359677757035, 36.638570899920644 ], [ -121.906889491608524, 36.570047460139058 ], [ -121.753196308569372, 36.547878565043504 ], [ -121.747762465884151, 36.586560606186659 ], [ -121.772860837060151, 36.590996679038462 ], [ -121.755084225846161, 36.632894076404568 ], [ -121.771692736052501, 36.640551250088045 ], [ -121.743047068233679, 36.667208816394904 ], [ -121.759801198414536, 36.699737298325886 ], [ -121.799288495099105, 36.711810901998362 ], [ -121.803090033746713, 36.73221261590141 ] ] ], [ [ [ -121.804268833042173, 36.750642779362771 ], [ -121.804437704241366, 36.751368803002038 ], [ -121.804775668463108, 36.749905412527049 ], [ -121.804268833042173, 36.750642779362771 ] ] ] ] } },
{ "type": "Feature", "properties": { "Name": "Ventura", "HUC8": "18070101", "AreaAc": 179968 }, "geometry": { "type": "MultiPolygon", "coordinates": [ [ [ [ -119.355390245139574, 34.573854387595226 ], [ -119.459056659488297, 34.597181490159578 ], [ -119.450868977485342, 34.586116085348863 ], [ -119.474355770860882, 34.561591277836278 ], [ -119.430687247283387, 34.49761826350138 ], [ -119.478120957761973, 34.373078682878841 ], [ -119.286245825594335, 34.273111310216237 ], [ -119.266965235451906, 34.240037387009949 ], [ -119.211642500640934, 34.29108391948121 ], [ -119.215372454399571, 34.340658465038885 ], [ -119.200265181693069, 34.36368430442203 ], [ -119.211710712815389, 34.391602566223384 ], [ -119.187350953407616, 34.413644357967001 ], [ -119.138789526643563, 34.417815810792696 ], [ -119.141238054234876, 34.498841797470995 ], [ -119.171463724897578, 34.502742440008383 ], [ -119.182935938018289, 34.519892617779675 ], [ -119.22347179548963, 34.515198658343749 ], [ -119.245856991479158, 34.546748372388862 ], [ -119.335512913824175, 34.547139165745904 ], [ -119.355390245139574, 34.573854387595226 ] ] ], [ [ [ -119.266089282573731, 34.234387621438415 ], [ -119.265253331034515, 34.23337186590642 ], [ -119.266626287924581, 34.23779386696976 ], [ -119.26662113399756, 34.2388526020546 ], [ -119.266938686549082, 34.239889422438992 ], [ -119.266676787657474, 34.238916064516928 ], [ -119.266695790262389, 34.238041900012227 ], [ -119.266089282573731, 34.234387621438415 ] ] ] ] } },
{ "type": "Feature", "properties": { "Name": "Truckee", "HUC8": "16050102", "AreaAc": 276806 }, "geometry": { "type": "Polygon", "coordinates": [ [ [ -120.00145594288756, 39.57945990331293 ], [ -120.063148853755578, 39.601599283665962 ], [ -120.102517255402319, 39.593428550551664 ], [ -120.122899308035471, 39.557371885855495 ], [ -120.19418139381834, 39.539397967114404 ], [ -120.205476345012016, 39.549738488006071 ], [ -120.230169894326494, 39.523584275066391 ], [ -120.305502994718964, 39.497620796263469 ], [ -120.375407009888704, 39.496456058881535 ], [ -120.39502437055684, 39.51436769596878 ], [ -120.441589248187682, 39.513438097186096 ], [ -120.438231084230907, 39.482526889739269 ], [ -120.464935233042354, 39.437169558400839 ], [ -120.450247602850069, 39.42338876283776 ], [ -120.422223563085396, 39.435715256267521 ], [ -120.418124427847729, 39.418816676444045 ], [ -120.368936652456711, 39.424281451660725 ], [ -120.365514824322432, 39.384253164730559 ], [ -120.322103557780764, 39.324798183972547 ], [ -120.32681534751265, 39.288190047199869 ], [ -120.263874475124723, 39.222948338343997 ], [ -120.287222892308463, 39.198245361629525 ], [ -120.246197587117678, 39.174859483137922 ], [ -120.246028646906396, 39.148003168653965 ], [ -120.218583104394682, 39.162034140953168 ], [ -120.182265609471173, 39.158134510368797 ], [ -120.180854813076436, 39.144097910547401 ], [ -120.152400198063432, 39.153304196896421 ], [ -120.143692002757263, 39.166822309520597 ], [ -120.182632104556617, 39.190974044612993 ], [ -120.177173174492964, 39.216701954887299 ], [ -120.144144035018925, 39.220230476587481 ], [ -120.140089226915052, 39.241487931118961 ], [ -120.053203800488646, 39.267744510650843 ], [ -120.033054065348267, 39.291408670258051 ], [ -120.005504726128208, 39.280484396117721 ], [ -120.00145594288756, 39.57945990331293 ] ] ] } },
{ "type": "Feature", "properties": { "Name": "Upper Tuolumne", "HUC8": "18040009", "AreaAc": 1198599 }, "geometry": { "type": "Polygon", "coordinates": [ [ [ -119.625094297077482, 38.229060786958605 ], [ -119.658306306187981, 38.229481339914848 ], [ -119.665111860399492, 38.207232977795165 ], [ -119.690087800232945, 38.19847544002053 ], [ -119.781760756200043, 38.218501365757746 ], [ -119.835313451502856, 38.198952065562501 ], [ -119.87930575869116, 38.205193879497671 ], [ -119.990704799125893, 38.186934362160457 ], [ -119.994927637805219, 38.196925273107617 ], [ -120.203920775184329, 38.056458518585238 ], [ -120.24617506319548, 38.064294028594809 ], [ -120.341075714800681, 38.044261083468271 ], [ -120.386149476376389, 38.05638372659562 ], [ -120.394007444996575, 38.008530257865019 ], [ -120.425849419045221, 37.998575216449737 ], [ -120.468795598782222, 37.921890800682533 ], [ -120.470576363493251, 37.826444803440779 ], [ -120.51418125799276, 37.834331929077322 ], [ -120.558585150926746, 37.866799178627524 ], [ -120.581533226775392, 37.808856440504087 ], [ -120.612011504608674, 37.806671941683462 ], [ -120.640763073186434, 37.782261801000487 ], [ -120.676229582914175, 37.797401290180417 ], [ -120.737765602554418, 37.778641463044075 ], [ -120.757539559000236, 37.732649945519718 ], [ -120.788105801376886, 37.754605896571427 ], [ -120.821157474915907, 37.741841889891795 ], [ -120.839907382532488, 37.706765859684211 ], [ -120.917255871562844, 37.659759521358886 ], [ -121.153355930765215, 37.629180148214097 ], [ -121.17441048387559, 37.60374214140441 ], [ -121.154764786432395, 37.605558946178668 ], [ -121.105530793402394, 37.572922877140449 ], [ -120.962394152979698, 37.616095667133223 ], [ -120.877298407115035, 37.623661891523696 ], [ -120.850104480919072, 37.609897285399406 ], [ -120.791309969433627, 37.612769530235639 ], [ -120.680296098506915, 37.632914468051382 ], [ -120.63625645454303, 37.616326521345606 ], [ -120.530370421927771, 37.624167878642126 ], [ -120.517792898079492, 37.58161385224561 ], [ -120.474639399645156, 37.591002844893154 ], [ -120.43713508673234, 37.637194231794368 ], [ -120.396644994965527, 37.624240452727946 ], [ -120.37561632463256, 37.65297089410538 ], [ -120.392326775807945, 37.683596088483888 ], [ -120.352727873203492, 37.674672490174487 ], [ -120.326838190310667, 37.649207853231921 ], [ -120.312509847964876, 37.653825944432953 ], [ -120.34501989285134, 37.72571769454072 ], [ -120.286671099763225, 37.729283190819864 ], [ -120.28246971654734, 37.745418523870491 ], [ -120.259407448441337, 37.734021432392545 ], [ -120.238187170647961, 37.765510351070731 ], [ -120.189135863304671, 37.76726008833068 ], [ -120.175362559780211, 37.800256895394249 ], [ -120.127084210329073, 37.781760444441069 ], [ -120.079336467572176, 37.82877034657961 ], [ -119.938102106100658, 37.762612484298813 ], [ -119.884721534093714, 37.760811667522539 ], [ -119.873161201146019, 37.773668432372439 ], [ -119.852098900036879, 37.757841610873236 ], [ -119.838886916909644, 37.770650265706891 ], [ -119.807502410643835, 37.755071251361024 ], [ -119.666942327777335, 37.801449034805451 ], [ -119.645415926036108, 37.848492655210585 ], [ -119.597098814772934, 37.861363944980383 ], [ -119.58893383215954, 37.888731854925474 ], [ -119.560987155582893, 37.902575398585107 ], [ -119.535756233477429, 37.902553009088358 ], [ -119.496978548749354, 37.864097977819569 ], [ -119.453780932714764, 37.871351630854171 ], [ -119.40454474799202, 37.85021946550544 ], [ -119.402867673894008, 37.833785034474957 ], [ -119.375569778314343, 37.840711393359676 ], [ -119.34819018962439, 37.80415387426725 ], [ -119.313256328106846, 37.794072624076421 ], [ -119.288714831718806, 37.746256678956748 ], [ -119.260970993257075, 37.741195331960995 ], [ -119.202988523798268, 37.795120309901776 ], [ -119.217401019871389, 37.818320366507301 ], [ -119.203682311832694, 37.847005474449254 ], [ -119.217930623118363, 37.854142560407425 ], [ -119.199288152383403, 37.884836346951438 ], [ -119.309495655339546, 37.946169966227231 ], [ -119.323744797776655, 37.970390302872765 ], [ -119.310918173275226, 38.044985838769847 ], [ -119.349097250729656, 38.086559148142236 ], [ -119.398117458696916, 38.106822704071689 ], [ -119.428556894294545, 38.114115620659824 ], [ -119.446148232891744, 38.093062841748491 ], [ -119.463147849287282, 38.097856313793123 ], [ -119.496496725125454, 38.157549114480936 ], [ -119.508297446868113, 38.136960787315189 ], [ -119.577329096235232, 38.157810314866211 ], [ -119.586561975458679, 38.185093698031011 ], [ -119.629102794318598, 38.196020261819655 ], [ -119.625094297077482, 38.229060786958605 ] ] ] } },
{ "type": "Feature", "properties": { "Name": "Mono Lake", "HUC8": "18090101", "AreaAc": 616624 }, "geometry": { "type": "Polygon", "coordinates": [ [ [ -118.701915311841745, 38.092290500584483 ], [ -118.924272461072064, 38.249978258253734 ], [ -118.979717695651686, 38.192404285372561 ], [ -119.018948689870925, 38.189547971559627 ], [ -119.039446270994318, 38.215109204235794 ], [ -119.082681242427213, 38.224606198347843 ], [ -119.069234745503621, 38.20486231400141 ], [ -119.078931775238033, 38.151514599131517 ], [ -119.115869727715392, 38.145664142643518 ], [ -119.139206624377834, 38.108161944032972 ], [ -119.168605977269166, 38.111718442554562 ], [ -119.177126733992935, 38.088484258632597 ], [ -119.237577962519538, 38.043672918333534 ], [ -119.307591723543723, 38.030156913704865 ], [ -119.323744797776655, 37.970390302872765 ], [ -119.309495655339546, 37.946169966227231 ], [ -119.199288152383403, 37.884836346951438 ], [ -119.217930623118363, 37.854142560407425 ], [ -119.203682311832694, 37.847005474449254 ], [ -119.217401019871389, 37.818320366507301 ], [ -119.202988523798268, 37.795120309901776 ], [ -119.2684306161607, 37.739512688927078 ], [ -119.259411143329075, 37.726547449286841 ], [ -119.216227006746166, 37.714117547075936 ], [ -119.183740128461196, 37.739285086449996 ], [ -119.127080532823612, 37.734972084551131 ], [ -119.10568704001561, 37.718696878089474 ], [ -119.058297147905776, 37.74854562406054 ], [ -119.050231961464576, 37.770173075455261 ], [ -119.013659067579624, 37.771219951089357 ], [ -119.018887152730855, 37.799970647057521 ], [ -118.917874401632332, 37.817209098356173 ], [ -118.899337717981552, 37.799344501694279 ], [ -118.881691233306157, 37.816613456520898 ], [ -118.825298657590025, 37.808421461512829 ], [ -118.826587220817572, 37.792572811795267 ], [ -118.786931126571076, 37.777122267934629 ], [ -118.723683101755611, 37.780297934492772 ], [ -118.696140184260912, 37.750317846940469 ], [ -118.656520239563093, 37.74644320129476 ], [ -118.622137821021767, 37.707102286860234 ], [ -118.574125087951401, 37.713405005092 ], [ -118.553795032367276, 37.804579441000215 ], [ -118.567330258770539, 37.853310432921148 ], [ -118.536813405855156, 37.948447377284715 ], [ -118.512122848594942, 37.956546400804193 ], [ -118.612766082538272, 38.022984610224334 ], [ -118.69758185450064, 38.002779675820854 ], [ -118.723208206511686, 38.015153332075435 ], [ -118.701915311841745, 38.092290500584483 ] ] ] } },
{ "type": "Feature", "properties": { "Name": "Crowley Lake", "HUC8": "18090102", "AreaAc": 1186462 }, "geometry": { "type": "Polygon", "coordinates": [ [ [ -118.353838477459576, 37.842819105490619 ], [ -118.512122848594942, 37.956546400804193 ], [ -118.536813405855156, 37.948447377284715 ], [ -118.567330258770539, 37.853310432921148 ], [ -118.553795032367276, 37.804579441000215 ], [ -118.566596513899015, 37.73022845301707 ], [ -118.581822718860295, 37.708723490545765 ], [ -118.622137821021767, 37.707102286860234 ], [ -118.656520239563093, 37.74644320129476 ], [ -118.696140184260912, 37.750317846940469 ], [ -118.723683101755611, 37.780297934492772 ], [ -118.786931126571076, 37.777122267934629 ], [ -118.826587220817572, 37.792572811795267 ], [ -118.825298657590025, 37.808421461512829 ], [ -118.881691233306157, 37.816613456520898 ], [ -118.899337717981552, 37.799344501694279 ], [ -118.917874401632332, 37.817209098356173 ], [ -119.018887152730855, 37.799970647057521 ], [ -119.013659067579624, 37.771219951089357 ], [ -119.050231961464576, 37.770173075455261 ], [ -119.058297147905776, 37.74854562406054 ], [ -119.10568704001561, 37.718696878089474 ], [ -119.065264866009954, 37.684631011865328 ], [ -119.022762008310437, 37.584892339492406 ], [ -118.916106410194075, 37.550095257963719 ], [ -118.861173143097147, 37.501798275533019 ], [ -118.855223992883026, 37.47848828062218 ], [ -118.796527911634556, 37.489442002263054 ], [ -118.76221951625098, 37.456694704527912 ], [ -118.75961117554678, 37.435300348252234 ], [ -118.790086766660082, 37.393961470877827 ], [ -118.768378076599859, 37.360066371895073 ], [ -118.786385883939062, 37.343789876574668 ], [ -118.739570669317018, 37.31600830015558 ], [ -118.71600491459327, 37.328593840229367 ], [ -118.664723487247443, 37.262106008694801 ], [ -118.686130391566905, 37.228306370623365 ], [ -118.654494909051436, 37.141173195124978 ], [ -118.593024435235066, 37.138205805939585 ], [ -118.565607223981218, 37.113910578067568 ], [ -118.530691208539082, 37.111954964916862 ], [ -118.467637344066475, 37.067973528459646 ], [ -118.446942651716626, 37.06932050849516 ], [ -118.426820752054624, 37.011551952598268 ], [ -118.399735516792688, 36.997473703122608 ], [ -118.345634181245899, 37.041614234134222 ], [ -118.249732651518315, 37.046662950639828 ], [ -118.23530208493473, 37.060541308832356 ], [ -118.190656410810135, 37.036244787961664 ], [ -118.143092868297785, 37.033352966921861 ], [ -118.123223730260221, 37.042667588500542 ], [ -118.134044276405618, 37.063059454623115 ], [ -118.114232210137132, 37.079694870462433 ], [ -118.099529691727369, 37.073133183331514 ], [ -118.030753878774732, 37.095798810170997 ], [ -118.070885588827537, 37.163874265550611 ], [ -118.036798834837739, 37.188248970802398 ], [ -118.092754815857063, 37.213234906725511 ], [ -118.124980547248256, 37.202777053394165 ], [ -118.152209419369811, 37.239534927401948 ], [ -118.145841027432255, 37.296973139838904 ], [ -118.196681131760869, 37.308872355281174 ], [ -118.17630444477102, 37.364829299679229 ], [ -118.199091642993849, 37.427516645618375 ], [ -118.182850784626481, 37.479442618358611 ], [ -118.232926069110675, 37.537443429219145 ], [ -118.248818785560829, 37.575879408462882 ], [ -118.234670242003716, 37.622190318487192 ], [ -118.266882763811367, 37.657411150678101 ], [ -118.293679957280304, 37.753179837923632 ], [ -118.323174989151227, 37.75666904382787 ], [ -118.343296886590863, 37.78333300749037 ], [ -118.353838477459576, 37.842819105490619 ] ] ] } },
{ "type": "Feature", "properties": { "Name": "Owens Lake", "HUC8": "18090103", "AreaAc": 877214 }, "geometry": { "type": "Polygon", "coordinates": [ [ [ -118.124388537604887, 37.041132524672634 ], [ -118.190656410810135, 37.036244787961664 ], [ -118.234835816949754, 37.060522536413927 ], [ -118.249732651518315, 37.046662950639828 ], [ -118.314833200787874, 37.049415240643086 ], [ -118.420616805623126, 36.993401244607668 ], [ -118.361358521369525, 36.888362513092012 ], [ -118.361686867402639, 36.844606424365345 ], [ -118.393085867725873, 36.830880142205359 ], [ -118.369440724500038, 36.750186400193947 ], [ -118.338672626500866, 36.728682210612178 ], [ -118.333993084767087, 36.706363776605265 ], [ -118.366684556751267, 36.69219699109685 ], [ -118.329004804068035, 36.667988476446972 ], [ -118.321559729691231, 36.628353230628214 ], [ -118.274766191236253, 36.59766235852878 ], [ -118.291935451470366, 36.560391516187899 ], [ -118.237608978931462, 36.520627691977928 ], [ -118.250410318552468, 36.483756565333074 ], [ -118.215775267682133, 36.456749832969983 ], [ -118.212012302316595, 36.431680635046625 ], [ -118.156542521121125, 36.43274675093069 ], [ -118.138982743823874, 36.418334127354669 ], [ -118.163819860724217, 36.38910065953857 ], [ -118.10142730413537, 36.346021885807936 ], [ -118.127125204589746, 36.280667543496548 ], [ -118.108353249408168, 36.217042408102017 ], [ -118.060928480954914, 36.174011887351682 ], [ -118.059646434536674, 36.150012676627398 ], [ -117.952552250023302, 36.137353957322034 ], [ -117.937078762113231, 36.117416580917187 ], [ -117.898360239658558, 36.13356068209535 ], [ -117.887805487135992, 36.109954149273563 ], [ -117.862906433472872, 36.117436681967341 ], [ -117.83809767098127, 36.153605266206597 ], [ -117.804186327106621, 36.162293238296087 ], [ -117.796562825276936, 36.183538720729167 ], [ -117.762799176654909, 36.178796240238924 ], [ -117.75144532273525, 36.195212355824424 ], [ -117.707266895102222, 36.206666912390688 ], [ -117.711956254174694, 36.224248800241405 ], [ -117.662440416830179, 36.23676638470927 ], [ -117.648726283979173, 36.274072180882335 ], [ -117.666509309852998, 36.278616432918703 ], [ -117.67746939364288, 36.315385608249414 ], [ -117.65445623436176, 36.354401153111382 ], [ -117.664814752295243, 36.388502774425341 ], [ -117.694243017456586, 36.390526955076645 ], [ -117.735939095168533, 36.420759816373923 ], [ -117.754202545819851, 36.466505513980252 ], [ -117.739568509878467, 36.503998317930105 ], [ -117.7994960634677, 36.541365878235816 ], [ -117.827420868197009, 36.590922928470484 ], [ -117.915534593888154, 36.62558708043349 ], [ -117.954999598826916, 36.67217190615353 ], [ -118.048270113746554, 36.881571001926027 ], [ -118.036470923304876, 36.902967989799023 ], [ -118.048829997094941, 36.970939228294313 ], [ -118.118632343164634, 37.007575838460674 ], [ -118.124388537604887, 37.041132524672634 ] ] ] } },
{ "type": "Feature", "properties": { "Name": "Eureka-Saline Valleys", "HUC8": "18090201", "AreaAc": 1044889 }, "geometry": { "type": "Polygon", "coordinates": [ [ [ -117.726821829410397, 37.386821689948064 ], [ -117.834687463364432, 37.380516716602294 ], [ -117.910785804115008, 37.431889809402556 ], [ -118.024245705009747, 37.44211899273602 ], [ -118.085826617683182, 37.478697991824923 ], [ -118.101741911916292, 37.51183613904044 ], [ -118.150516563861061, 37.517286280469996 ], [ -118.201547457849045, 37.498704880415488 ], [ -118.18279512552752, 37.479006701634695 ], [ -118.198987146178965, 37.426861922023441 ], [ -118.175138970427369, 37.393691281952293 ], [ -118.196681131760869, 37.308872355281174 ], [ -118.145841027432255, 37.296973139838904 ], [ -118.152209419369811, 37.239534927401948 ], [ -118.124980547248256, 37.202777053394165 ], [ -118.092086949501919, 37.213119925738376 ], [ -118.033599830089756, 37.182939572773599 ], [ -118.070885588827537, 37.163874265550611 ], [ -118.030791760861405, 37.095215569185186 ], [ -118.130943149555833, 37.067681057809345 ], [ -118.125010419330806, 37.019755677892242 ], [ -118.048829997094941, 36.970939228294313 ], [ -118.036470923304876, 36.902967989799023 ], [ -118.048270113746554, 36.881571001926027 ], [ -117.954999598826916, 36.67217190615353 ], [ -117.915534593888154, 36.62558708043349 ], [ -117.827420868197009, 36.590922928470484 ], [ -117.7994960634677, 36.541365878235816 ], [ -117.740216461621785, 36.503905424205492 ], [ -117.709928398113561, 36.515071752544976 ], [ -117.687075628505823, 36.580420714100057 ], [ -117.639105182297826, 36.54336746518581 ], [ -117.56869925010804, 36.518042215720669 ], [ -117.476456133108627, 36.558861412387706 ], [ -117.478305124870857, 36.591271376038158 ], [ -117.49789205660062, 36.608424284427052 ], [ -117.467837233088773, 36.653857842231048 ], [ -117.475477821945347, 36.676174254446039 ], [ -117.439148423043804, 36.704996103358006 ], [ -117.427104107290418, 36.738178568558254 ], [ -117.469513626024252, 36.824992574497628 ], [ -117.466938762877547, 36.874233079777078 ], [ -117.547389502312882, 36.852353567630374 ], [ -117.566858275660508, 36.87741851252482 ], [ -117.560498837415594, 36.903099309564659 ], [ -117.587994825978399, 36.912315075359309 ], [ -117.600907573720733, 36.936950985567769 ], [ -117.57792709419455, 37.018478386371278 ], [ -117.608654711826901, 37.063166171723616 ], [ -117.597484292171089, 37.1077741244005 ], [ -117.626155030843208, 37.164418557781829 ], [ -117.620488830147806, 37.201822630369193 ], [ -117.650584402386102, 37.204540993139716 ], [ -117.706680734353782, 37.287117909941863 ], [ -117.70705898878046, 37.315764636715201 ], [ -117.661512470363149, 37.338686407844342 ], [ -117.726821829410397, 37.386821689948064 ] ] ] } },
{ "type": "Feature", "properties": { "Name": "Death Valley-Lower Amargosa", "HUC8": "18090203", "AreaAc": 3234954 }, "geometry": { "type": "Polygon", "coordinates": [ [ [ -117.661512470363149, 37.338686407844342 ], [ -117.70705898878046, 37.315764636715201 ], [ -117.706680734353782, 37.287117909941863 ], [ -117.650584402386102, 37.204540993139716 ], [ -117.620680671831238, 37.202474546276392 ], [ -117.626155030843208, 37.164418557781829 ], [ -117.597484292171089, 37.1077741244005 ], [ -117.608654711826901, 37.063166171723616 ], [ -117.57792709419455, 37.018478386371278 ], [ -117.600907573720733, 36.936950985567769 ], [ -117.587994825978399, 36.912315075359309 ], [ -117.560498837415594, 36.903099309564659 ], [ -117.566858275660508, 36.87741851252482 ], [ -117.547389502312882, 36.852353567630374 ], [ -117.466938762877547, 36.874233079777078 ], [ -117.469513626024252, 36.824992574497628 ], [ -117.427139462462321, 36.739323575612914 ], [ -117.439148423043804, 36.704996103358006 ], [ -117.475477821945347, 36.676174254446039 ], [ -117.467837233088773, 36.653857842231048 ], [ -117.49789205660062, 36.608424284427052 ], [ -117.475455674153054, 36.560053568273382 ], [ -117.510026391091714, 36.541389556775705 ], [ -117.438377695108102, 36.513147016965654 ], [ -117.347418512142781, 36.426116131739143 ], [ -117.322155008520298, 36.437712296167966 ], [ -117.290747966725945, 36.402486604455525 ], [ -117.195275468798599, 36.36983496664773 ], [ -117.19129465781009, 36.352528450265957 ], [ -117.091036171017478, 36.308597385807637 ], [ -117.089721978302478, 36.284540705622277 ], [ -117.057310334484171, 36.269639504587929 ], [ -117.056689848112086, 36.243196961375574 ], [ -117.092944807718482, 36.206526738000896 ], [ -117.06335176344497, 36.114593463632851 ], [ -117.078318613738702, 36.097630527534669 ], [ -117.042245350842123, 36.027461811693726 ], [ -117.110311044633406, 35.953511280385406 ], [ -117.112931314875482, 35.922125422123088 ], [ -117.091372501128703, 35.901289671748756 ], [ -117.034141921850349, 35.888051314371147 ], [ -117.066542832501042, 35.840244506340007 ], [ -117.055069876863854, 35.782246357706029 ], [ -117.066416530065254, 35.737934925695235 ], [ -117.041065257711622, 35.690383675364608 ], [ -116.983350848374855, 35.656654619906497 ], [ -116.97839577574409, 35.630573307629803 ], [ -116.882955357765894, 35.62790756176598 ], [ -116.854146757695062, 35.594868838532676 ], [ -116.847406792758449, 35.545713860860374 ], [ -116.865679631452565, 35.546500287265964 ], [ -116.871658543556947, 35.532081311034695 ], [ -116.752265905055424, 35.51690413125813 ], [ -116.717396784996168, 35.500492735409637 ], [ -116.702406074873551, 35.47089222506159 ], [ -116.59688186653959, 35.451575048151319 ], [ -116.587099061445272, 35.434859734708631 ], [ -116.647216658276861, 35.368186468239642 ], [ -116.615388945234756, 35.322571670953756 ], [ -116.572265135557501, 35.316402149184668 ], [ -116.550003291626908, 35.291128634219156 ], [ -116.497070325635718, 35.325679895600103 ], [ -116.417466197611361, 35.317797269881936 ], [ -116.38291460884588, 35.296191180578134 ], [ -116.365295578643511, 35.239942510389731 ], [ -116.276369636082507, 35.18319074569478 ], [ -116.243514102673927, 35.204209130285854 ], [ -116.221052078721385, 35.270212781771455 ], [ -116.197122945071541, 35.281630856020854 ], [ -116.179886274961987, 35.272739722128762 ], [ -116.150444579124027, 35.310165278662772 ], [ -116.160945951998642, 35.390016537710409 ], [ -116.085624028813129, 35.396860906377995 ], [ -116.057963650398008, 35.426969038214835 ], [ -115.995905143593603, 35.41706077282403 ], [ -115.988880609684742, 35.396297617367424 ], [ -115.925637689919938, 35.423628024961126 ], [ -115.925963686552862, 35.457787506954652 ], [ -115.890478377467673, 35.467426750600616 ], [ -115.844544600931144, 35.458041420266973 ], [ -115.832583865923979, 35.432292831396296 ], [ -115.807345088583617, 35.430622474247016 ], [ -115.815364003799957, 35.42003452475582 ], [ -115.775260007562736, 35.377048647025319 ], [ -115.796946463573462, 35.344477353991095 ], [ -115.78181737384773, 35.324972129458921 ], [ -115.7210243833661, 35.32578378308397 ], [ -115.68924377746221, 35.308283430115381 ], [ -115.656062395822502, 35.31563900059141 ], [ -115.591515530153089, 35.287270443925344 ], [ -115.529611729833661, 35.315041951880858 ], [ -115.478388668827122, 35.434873607244555 ], [ -115.547534528919712, 35.453084694916491 ], [ -115.546186772212337, 35.491640502601754 ], [ -115.577070318730918, 35.52958669378873 ], [ -115.556403134709228, 35.542234496486309 ], [ -115.557519510023539, 35.570328587456004 ], [ -115.590079871031094, 35.572915808472253 ], [ -115.673573473360165, 35.695375652430933 ], [ -115.708078704970106, 35.688374340116901 ], [ -115.774052538818495, 35.717454665056955 ], [ -115.809822461191814, 35.710879009930217 ], [ -115.838165260832398, 35.731755316755702 ], [ -115.87458914202962, 35.730555828279904 ], [ -115.984095455403448, 35.772479403339652 ], [ -116.013707365701492, 35.752611073862042 ], [ -116.130200634879557, 35.75883501526144 ], [ -116.220954897211811, 35.730581068616637 ], [ -116.257063435915867, 35.790933137670351 ], [ -116.289237276011619, 35.800631233234043 ], [ -116.352987148844079, 35.791548670894656 ], [ -116.384542471366657, 35.832660940745569 ], [ -116.402127299918234, 35.834278184359881 ], [ -116.415608202955212, 35.855554767743264 ], [ -116.410529667431476, 35.920725616917771 ], [ -116.447822280585356, 35.931952975264977 ], [ -116.452800004060364, 35.962674270930293 ], [ -116.486896965153178, 35.987035411931757 ], [ -116.523918280037833, 35.973001869699686 ], [ -116.544631034578785, 35.981169869143919 ], [ -116.555844291659668, 36.015490726464087 ], [ -116.617737392742882, 36.010954687306068 ], [ -116.603538480362957, 36.041723522334749 ], [ -116.635660097764131, 36.11692599910495 ], [ -116.627755677470716, 36.140021961070836 ], [ -116.571285538247551, 36.17621634636307 ], [ -116.625258707952739, 36.272122715726574 ], [ -116.606298514689058, 36.281684537527454 ], [ -116.596293906133411, 36.36570426083869 ], [ -116.568768954132381, 36.376585054240593 ], [ -116.612261695545584, 36.391841854638621 ], [ -116.614114793645143, 36.470008249036759 ], [ -116.648622184784017, 36.476328887850691 ], [ -116.640732744600925, 36.508665211260315 ], [ -116.728125153677723, 36.557270125682955 ], [ -116.783812336848953, 36.665683511610773 ], [ -116.817639025219847, 36.659450284210607 ], [ -116.825368782191077, 36.684729817248176 ], [ -116.875823799173276, 36.700540066238339 ], [ -116.910864448182735, 36.779611217703305 ], [ -116.994063234287154, 36.811567685567255 ], [ -117.03196758396578, 36.870532259962161 ], [ -117.661512470363149, 37.338686407844342 ] ] ] } },
{ "type": "Feature", "properties": { "Name": "Panamint Valley", "HUC8": "18090204", "AreaAc": 1043788 }, "geometry": { "type": "Polygon", "coordinates": [ [ [ -117.510026391091714, 36.541389556775705 ], [ -117.583595812142377, 36.520405512812772 ], [ -117.687075628505823, 36.580420714100057 ], [ -117.709928398113561, 36.515071752544976 ], [ -117.749662593562718, 36.490966446072463 ], [ -117.735939095168533, 36.420759816373923 ], [ -117.694243017456586, 36.390526955076645 ], [ -117.664814752295243, 36.388502774425341 ], [ -117.65445623436176, 36.354401153111382 ], [ -117.677516863127053, 36.311989879357562 ], [ -117.666509309852998, 36.278616432918703 ], [ -117.648726283979173, 36.274072180882335 ], [ -117.654089105449117, 36.251049159597351 ], [ -117.672801815711068, 36.230130373188729 ], [ -117.71491902411384, 36.22137406376438 ], [ -117.717225857640997, 36.177273958807461 ], [ -117.690777145350225, 36.17002348242589 ], [ -117.668260369685441, 36.118496570871841 ], [ -117.644033693679205, 36.120275207701766 ], [ -117.597932772311992, 36.085363890253191 ], [ -117.595093944114481, 36.049958776499416 ], [ -117.556467611575926, 36.070925785847749 ], [ -117.540272070471929, 36.060446227883936 ], [ -117.555428329195408, 36.029258941905624 ], [ -117.503015088179637, 35.961176782296185 ], [ -117.502743403223832, 35.908158981977714 ], [ -117.487391775260548, 35.90668601559333 ], [ -117.456042645522956, 35.946373296213473 ], [ -117.423710166158983, 35.937867843097045 ], [ -117.349702565878275, 35.97186923145042 ], [ -117.303680355540294, 35.942782049114882 ], [ -117.283483419081932, 35.879196560123368 ], [ -117.239687276063407, 35.852639257138556 ], [ -117.192914718155876, 35.786828374653794 ], [ -117.144953768120047, 35.664611499171436 ], [ -117.163861835901088, 35.6277967765214 ], [ -117.224448314322686, 35.604536958394938 ], [ -117.221820601568751, 35.582095107384738 ], [ -117.262235231320361, 35.525403567159543 ], [ -117.260928078542278, 35.490421267702573 ], [ -117.237139344736192, 35.465359174577706 ], [ -117.249053378294562, 35.407793248571025 ], [ -117.217488191656798, 35.399278900119732 ], [ -117.196883215805798, 35.422761522808727 ], [ -117.134481472163117, 35.441613574326894 ], [ -117.077787346885188, 35.429853117845497 ], [ -117.060288454093282, 35.399569194799696 ], [ -116.999085882601406, 35.396458131197534 ], [ -116.970367708939278, 35.377408849543507 ], [ -116.937143283663318, 35.389319832919639 ], [ -116.922976428688159, 35.433030660059053 ], [ -116.895770880221605, 35.437235593516647 ], [ -116.861468383857371, 35.482777021809554 ], [ -116.898148898632172, 35.52554790307407 ], [ -116.894136245774874, 35.54069137400213 ], [ -116.847406792758449, 35.545713860860374 ], [ -116.854146757695062, 35.594868838532676 ], [ -116.883457389137234, 35.628332450979094 ], [ -116.974626567779339, 35.628183206378601 ], [ -116.995855739644426, 35.670470581487258 ], [ -117.060213745179837, 35.713886274016453 ], [ -117.066542832501042, 35.840244506340007 ], [ -117.034141921850349, 35.888051314371147 ], [ -117.091372501128703, 35.901289671748756 ], [ -117.112934498600737, 35.923422175406927 ], [ -117.110311044633406, 35.953511280385406 ], [ -117.042245350842123, 36.027461811693726 ], [ -117.078318613738702, 36.097630527534669 ], [ -117.06335176344497, 36.114593463632851 ], [ -117.092944807718482, 36.206526738000896 ], [ -117.056689848112086, 36.243196961375574 ], [ -117.057310334484171, 36.269639504587929 ], [ -117.089721978302478, 36.284540705622277 ], [ -117.091036171017478, 36.308597385807637 ], [ -117.19129465781009, 36.352528450265957 ], [ -117.195275468798599, 36.36983496664773 ], [ -117.290747966725945, 36.402486604455525 ], [ -117.322155008520298, 36.437712296167966 ], [ -117.347418512142781, 36.426116131739143 ], [ -117.438377695108102, 36.513147016965654 ], [ -117.510026391091714, 36.541389556775705 ] ] ] } },
{ "type": "Feature", "properties": { "Name": "Indian Wells-Searles Valleys", "HUC8": "18090205", "AreaAc": 1292391 }, "geometry": { "type": "Polygon", "coordinates": [ [ [ -117.713412295257243, 36.203744562894883 ], [ -117.75144532273525, 36.195212355824424 ], [ -117.762799176654909, 36.178796240238924 ], [ -117.796562825276936, 36.183538720729167 ], [ -117.804186327106621, 36.162293238296087 ], [ -117.83809767098127, 36.153605266206597 ], [ -117.862906433472872, 36.117436681967341 ], [ -117.887805487135992, 36.109954149273563 ], [ -117.898360239658558, 36.13356068209535 ], [ -117.937078762113231, 36.117416580917187 ], [ -117.952552250023302, 36.137353957322034 ], [ -118.072279336871773, 36.142952328811297 ], [ -118.035682134742501, 36.012297545268652 ], [ -118.00404302559501, 35.984439818215691 ], [ -118.017253176411771, 35.955037000679802 ], [ -117.984240584602375, 35.926762025998265 ], [ -117.980836621836261, 35.867034575033408 ], [ -118.008176124030413, 35.861118647885228 ], [ -118.011668512080774, 35.755612051826319 ], [ -117.985784987159704, 35.693357111331139 ], [ -118.036309614291383, 35.655784261840566 ], [ -118.03225041415385, 35.63061117324964 ], [ -118.091277558387688, 35.635268795784327 ], [ -118.089263752485436, 35.62075905693586 ], [ -118.113528205095406, 35.616076576401525 ], [ -118.144719648266545, 35.544373677657447 ], [ -118.124991571774856, 35.518018396015904 ], [ -118.133191683957648, 35.496060881538334 ], [ -118.088102336669579, 35.46101657755834 ], [ -117.960408497147341, 35.425814069031702 ], [ -117.885141201155193, 35.4512645171191 ], [ -117.869224245452344, 35.475078033351735 ], [ -117.789938145070934, 35.494582903839124 ], [ -117.747329495341745, 35.460344118898007 ], [ -117.684114277238663, 35.479946740210053 ], [ -117.668540173980674, 35.458083422169572 ], [ -117.552803758574967, 35.466217449197821 ], [ -117.540028624162971, 35.437574553215839 ], [ -117.55412569639509, 35.415785714284048 ], [ -117.515623279703391, 35.428567592541214 ], [ -117.459714968330843, 35.392445734809577 ], [ -117.34335855502394, 35.374855263429936 ], [ -117.32218854323267, 35.340537838544989 ], [ -117.28716910172227, 35.325664189156178 ], [ -117.223383803920569, 35.334378729878345 ], [ -117.218699391113475, 35.384146183472311 ], [ -117.251295906840809, 35.410921261724795 ], [ -117.237139344736192, 35.465359174577706 ], [ -117.264675592645148, 35.517535485696818 ], [ -117.221820601568751, 35.582095107384738 ], [ -117.224448314322686, 35.604536958394938 ], [ -117.163861835901088, 35.6277967765214 ], [ -117.144870454066378, 35.665190926139253 ], [ -117.192914718155876, 35.786828374653794 ], [ -117.239687276063407, 35.852639257138556 ], [ -117.283483419081932, 35.879196560123368 ], [ -117.303680355540294, 35.942782049114882 ], [ -117.349702565878275, 35.97186923145042 ], [ -117.423710166158983, 35.937867843097045 ], [ -117.456042645522956, 35.946373296213473 ], [ -117.487391775260548, 35.90668601559333 ], [ -117.502743403223832, 35.908158981977714 ], [ -117.503015088179637, 35.961176782296185 ], [ -117.555428329195408, 36.029258941905624 ], [ -117.540272070471929, 36.060446227883936 ], [ -117.556467611575926, 36.070925785847749 ], [ -117.556181854758023, 36.062875455146859 ], [ -117.595093944114481, 36.049958776499416 ], [ -117.597932772311992, 36.085363890253191 ], [ -117.644033693679205, 36.120275207701766 ], [ -117.668515177366388, 36.118741090250424 ], [ -117.690777145350225, 36.17002348242589 ], [ -117.717225857640997, 36.177273958807461 ], [ -117.713412295257243, 36.203744562894883 ] ] ] } },
{ "type": "Feature", "properties": { "Name": "Coyote-Cuddeback Lakes", "HUC8": "18090207", "AreaAc": 1182441 }, "geometry": { "type": "Polygon", "coordinates": [ [ [ -116.752265905055424, 35.51690413125813 ], [ -116.892883011599992, 35.5417013515208 ], [ -116.898148898632172, 35.52554790307407 ], [ -116.862138734901166, 35.481377271813464 ], [ -116.895770880221605, 35.437235593516647 ], [ -116.922976428688159, 35.433030660059053 ], [ -116.937143283663318, 35.389319832919639 ], [ -116.970367708939278, 35.377408849543507 ], [ -116.999085882601406, 35.396458131197534 ], [ -117.060288454093282, 35.399569194799696 ], [ -117.077787346885188, 35.429853117845497 ], [ -117.16410439687715, 35.437384277184897 ], [ -117.22688813754641, 35.399379925793191 ], [ -117.220579677013447, 35.336432276411543 ], [ -117.286897009986944, 35.325613636476533 ], [ -117.32218854323267, 35.340537838544989 ], [ -117.34335855502394, 35.374855263429936 ], [ -117.459714968330843, 35.392445734809577 ], [ -117.515623279703391, 35.428567592541214 ], [ -117.554746337559877, 35.416094786984885 ], [ -117.586785178838511, 35.352612116893923 ], [ -117.639818159410879, 35.361213539081014 ], [ -117.674128417377929, 35.351175376942152 ], [ -117.632954880441844, 35.27296955960577 ], [ -117.531661948499305, 35.243976137526346 ], [ -117.587395170960178, 35.133211141067292 ], [ -117.639916308594394, 35.112008374558151 ], [ -117.609576091852276, 35.087303604076801 ], [ -117.594874359269681, 35.017195906641135 ], [ -117.608593019505648, 34.967652149917434 ], [ -117.585284987375971, 34.92589051051926 ], [ -117.526164565065343, 34.917963767258627 ], [ -117.471726362473646, 34.893239804832149 ], [ -117.448647232076951, 34.861028181462572 ], [ -117.372704608785142, 34.846624622704717 ], [ -117.34098650250786, 34.819151326767305 ], [ -117.266915738356658, 34.825933837130989 ], [ -117.233683867006988, 34.861943205979387 ], [ -117.176116335480486, 34.871725789304016 ], [ -117.11599304724912, 34.933783263132241 ], [ -117.074024543452552, 34.933063237750915 ], [ -117.076187836508055, 34.948690503164464 ], [ -117.039190088356449, 34.972796585519518 ], [ -117.053326143358049, 34.998865202475336 ], [ -117.030954665265412, 35.017589014476584 ], [ -117.029725998338279, 35.054210030210527 ], [ -116.978656513833783, 35.062742450180124 ], [ -116.918615250255755, 35.045769322975509 ], [ -116.871793720955566, 34.999207598786924 ], [ -116.833668099716789, 35.005173107049046 ], [ -116.842938562087312, 34.964304117454354 ], [ -116.813435675559816, 34.941419527171256 ], [ -116.763355969884913, 34.951744046994534 ], [ -116.718934924377095, 34.929881281803986 ], [ -116.683959547769547, 34.945160986625211 ], [ -116.613907677170175, 35.023449622449334 ], [ -116.574018447699899, 35.115174050236199 ], [ -116.591693090607365, 35.126624314091629 ], [ -116.621432504341527, 35.119409303412716 ], [ -116.698814917087716, 35.158186379037566 ], [ -116.731430241494039, 35.207578531671558 ], [ -116.789622373957243, 35.237433124916002 ], [ -116.698634653584662, 35.290456519450707 ], [ -116.627533628593085, 35.250793912457624 ], [ -116.551421266929452, 35.286641325981329 ], [ -116.572265135557501, 35.316402149184668 ], [ -116.615954628830238, 35.322972164252583 ], [ -116.647090978721096, 35.366247616931815 ], [ -116.587200559898918, 35.435407596358537 ], [ -116.59688186653959, 35.451575048151319 ], [ -116.702406074873551, 35.47089222506159 ], [ -116.717396784996168, 35.500492735409637 ], [ -116.752265905055424, 35.51690413125813 ] ] ] } },
{ "type": "Feature", "properties": { "Name": "Havasu-Mohave Lakes", "HUC8": "15030101", "AreaAc": 648590 }, "geometry": { "type": "Polygon", "coordinates": [ [ [ -114.139406221650077, 34.296630591098022 ], [ -114.176238257681888, 34.348966353390871 ], [ -114.227308919411101, 34.365005160464868 ], [ -114.33573319819773, 34.450201640401836 ], [ -114.385787178968499, 34.45690979394783 ], [ -114.38071753291436, 34.528226963156548 ], [ -114.435946082828565, 34.593828492313413 ], [ -114.424887188205958, 34.610283071201998 ], [ -114.457961128998434, 34.657013354050918 ], [ -114.469880308563916, 34.710435588702609 ], [ -114.553121383170136, 34.767419685320682 ], [ -114.586637384980904, 34.835579152209242 ], [ -114.633783606844304, 34.871780521974287 ], [ -114.63301153651723, 35.001880906806633 ], [ -114.774952891480567, 35.116135783397631 ], [ -114.783044921714449, 35.065249153252175 ], [ -114.748694506544382, 35.032264841620965 ], [ -114.756715377775137, 34.917344305748692 ], [ -114.731976323230725, 34.906766512386888 ], [ -114.652097266020078, 34.925436871306836 ], [ -114.633835620711722, 34.921143890620634 ], [ -114.701523229670755, 34.894025818097468 ], [ -114.747514868193775, 34.855019758368044 ], [ -114.724663501257481, 34.828034255738721 ], [ -114.754806164169352, 34.779074187255674 ], [ -114.779674579914754, 34.800271353804568 ], [ -114.816533765948648, 34.782111208068002 ], [ -114.79971297736472, 34.730189383988076 ], [ -114.875243428185257, 34.622499153255141 ], [ -114.861935618729888, 34.55837157396406 ], [ -114.881877590867873, 34.551586341835431 ], [ -114.872191176270405, 34.450800468483287 ], [ -114.823544090789468, 34.400813273364989 ], [ -114.867605985963053, 34.335846392958338 ], [ -114.852538871638075, 34.320011479112601 ], [ -114.795047280376679, 34.345174836469234 ], [ -114.758418203723608, 34.284970459579412 ], [ -114.710701447425279, 34.31320459685864 ], [ -114.714283677559848, 34.329507174173834 ], [ -114.618311674033791, 34.329352267756676 ], [ -114.538851994661044, 34.289569367139322 ], [ -114.495884897984439, 34.307090449473762 ], [ -114.438159470254689, 34.299254992409921 ], [ -114.406509564773074, 34.316498254612412 ], [ -114.335615995774461, 34.274386376177638 ], [ -114.296775622778043, 34.284378439296155 ], [ -114.300038522325934, 34.298795916004615 ], [ -114.267878605740009, 34.326298166990512 ], [ -114.223601782982797, 34.311795959355166 ], [ -114.203928406640614, 34.283051816622645 ], [ -114.139406221650077, 34.296630591098022 ] ] ] } },
{ "type": "Feature", "properties": { "Name": "Upper Carson", "HUC8": "16050201", "AreaAc": 290216 }, "geometry": { "type": "Polygon", "coordinates": [ [ [ -119.585757262673724, 38.713574823167363 ], [ -119.904349848983387, 38.933367432396132 ], [ -119.877365978855224, 38.86848415884436 ], [ -119.905732962634332, 38.855744706581554 ], [ -119.948042649631404, 38.781579472816766 ], [ -119.981787876891019, 38.761560377165203 ], [ -119.985778688816993, 38.66312576511816 ], [ -119.9245036197145, 38.635731774753054 ], [ -119.907650406010902, 38.596038208256431 ], [ -119.853376790935286, 38.602506732426498 ], [ -119.833753945161448, 38.552831102397889 ], [ -119.769243075058867, 38.516602292147716 ], [ -119.766788000544025, 38.475559542586439 ], [ -119.734724152901819, 38.471100077245289 ], [ -119.729235274135533, 38.443263400302477 ], [ -119.704911243348278, 38.454176997195738 ], [ -119.680251027653057, 38.440361659268845 ], [ -119.681143181253319, 38.402177898546093 ], [ -119.635654863588485, 38.353900748639575 ], [ -119.606754408135856, 38.367039898341247 ], [ -119.618833009348648, 38.396950017741233 ], [ -119.562470521307475, 38.409770442531247 ], [ -119.570293546407626, 38.434743370996557 ], [ -119.542399858245972, 38.480853572825716 ], [ -119.595540094161535, 38.590078279176879 ], [ -119.619506512557876, 38.604415418228427 ], [ -119.614275734861437, 38.666025835405108 ], [ -119.591697091193453, 38.681728486190089 ], [ -119.585757262673724, 38.713574823167363 ] ] ] } },
{ "type": "Feature", "properties": { "Name": "East Walker", "HUC8": "16050301", "AreaAc": 322393 }, "geometry": { "type": "Polygon", "coordinates": [ [ [ -118.924272461072064, 38.249978258253734 ], [ -119.270878668529306, 38.494284727147232 ], [ -119.301177116942412, 38.482543652710255 ], [ -119.315982565688728, 38.445899280375826 ], [ -119.303585672319372, 38.419963087393697 ], [ -119.359978036518328, 38.412158886277624 ], [ -119.374418834916355, 38.379709297724652 ], [ -119.362884235897624, 38.33810629534787 ], [ -119.42673970192196, 38.301508965630163 ], [ -119.392549860651997, 38.278397876906652 ], [ -119.394238485524696, 38.262932299771556 ], [ -119.459026743216583, 38.198305167664785 ], [ -119.514860505268899, 38.184393964131445 ], [ -119.46400778392929, 38.098389026294512 ], [ -119.446148232891744, 38.093062841748491 ], [ -119.428320205282716, 38.114108415308209 ], [ -119.349097250729656, 38.086559148142236 ], [ -119.307591723543723, 38.030156913704865 ], [ -119.237577962519538, 38.043672918333534 ], [ -119.177126733992935, 38.088484258632597 ], [ -119.168605977269166, 38.111718442554562 ], [ -119.139206624377834, 38.108161944032972 ], [ -119.115869727715392, 38.145664142643518 ], [ -119.078931775238033, 38.151514599131517 ], [ -119.069234745503621, 38.20486231400141 ], [ -119.082681242427213, 38.224606198347843 ], [ -119.039446270994318, 38.215109204235794 ], [ -119.018948689870925, 38.189547971559627 ], [ -118.979717695651686, 38.192404285372561 ], [ -118.924272461072064, 38.249978258253734 ] ] ] } },
{ "type": "Feature", "properties": { "Name": "Lost", "HUC8": "18010204", "AreaAc": 1100178 }, "geometry": { "type": "Polygon", "coordinates": [ [ [ -120.701160231869409, 41.993796984774775 ], [ -121.946964186178803, 42.003679500416879 ], [ -121.88437480914321, 41.95870767179516 ], [ -121.855036690543912, 41.91692869808243 ], [ -121.853637223617199, 41.870471010284284 ], [ -121.789716042415293, 41.826811801688251 ], [ -121.734909382567537, 41.75908703832021 ], [ -121.782578046901094, 41.650889580967593 ], [ -121.75964070125525, 41.620852665112459 ], [ -121.807445774573949, 41.591508270538661 ], [ -121.804714133319706, 41.565289056211704 ], [ -121.780801317636872, 41.54378728014138 ], [ -121.746495533122882, 41.547749925694951 ], [ -121.729938609562055, 41.570197293948063 ], [ -121.701962503776585, 41.580449751039041 ], [ -121.684726074807429, 41.567835807540369 ], [ -121.587728405417764, 41.621819661899998 ], [ -121.505258757252435, 41.601480101098467 ], [ -121.496925832064946, 41.572159160337506 ], [ -121.4247825380818, 41.595659558727057 ], [ -121.300753650457111, 41.593600577886455 ], [ -121.2986960194158, 41.629248630158891 ], [ -121.280753334886285, 41.629364119077572 ], [ -121.261487022794981, 41.567188784061102 ], [ -121.193048507803653, 41.519192700850553 ], [ -121.208521705190805, 41.486100235750165 ], [ -121.157712129690836, 41.476765288309934 ], [ -121.156488385917157, 41.452679580594584 ], [ -121.118713799743858, 41.422374908039451 ], [ -121.119361648125533, 41.522363839346184 ], [ -121.031604883922469, 41.538176606138897 ], [ -121.024518355351276, 41.589804362809154 ], [ -121.002623565518107, 41.585769264670901 ], [ -120.964412769354112, 41.607939887374208 ], [ -120.923729074089792, 41.586258463208111 ], [ -120.915799545003381, 41.601813188661012 ], [ -120.893337749991204, 41.594467715542834 ], [ -120.924765271992655, 41.555683236110006 ], [ -120.923409280849881, 41.530137837767022 ], [ -120.898096124949788, 41.530985784709422 ], [ -120.891401051369755, 41.546629615791858 ], [ -120.865956732786472, 41.529083382184581 ], [ -120.863028463585152, 41.565996664800686 ], [ -120.821148172102866, 41.588533676157013 ], [ -120.812393894846508, 41.682225474856693 ], [ -120.706653295850032, 41.751343638898874 ], [ -120.636306546938215, 41.768971036612392 ], [ -120.598966179318722, 41.824376650339147 ], [ -120.580488633049356, 41.826457132951973 ], [ -120.58803177650482, 41.868591038888447 ], [ -120.572692351852012, 41.874992625496141 ], [ -120.565146947197448, 41.927944818423228 ], [ -120.613120086392087, 41.974379235058748 ], [ -120.701160231869409, 41.993796984774775 ] ] ] } },
{ "type": "Feature", "properties": { "Name": "Santa Ana", "HUC8": "18070203", "AreaAc": 1084242 }, "geometry": { "type": "Polygon", "coordinates": [ [ [ -116.890487772722935, 34.321550499084807 ], [ -116.900305434303689, 34.281985913229846 ], [ -116.969515476910473, 34.293398035758088 ], [ -116.991592209128726, 34.259911176218054 ], [ -117.033608472094016, 34.24692249334781 ], [ -117.020589113218605, 34.225641286383464 ], [ -117.034700762901494, 34.205018224306009 ], [ -117.081287982048565, 34.192135005592469 ], [ -117.13920895785057, 34.234495751001624 ], [ -117.266223446765807, 34.226435609476667 ], [ -117.324194199267907, 34.238027131219354 ], [ -117.329690255604746, 34.257244852010139 ], [ -117.349131815419952, 34.245020797514393 ], [ -117.401058938835433, 34.262426441774821 ], [ -117.406495805297951, 34.291419637825229 ], [ -117.438891569919818, 34.311846035236371 ], [ -117.424093871750472, 34.336142329170151 ], [ -117.434391487204962, 34.350996240933412 ], [ -117.46076572015096, 34.346592132055562 ], [ -117.576605870885558, 34.384432528349926 ], [ -117.586610722596191, 34.343366657370566 ], [ -117.641746601006872, 34.322632212831465 ], [ -117.63679973178202, 34.30134712309313 ], [ -117.675326402670464, 34.248957628125652 ], [ -117.669395368466525, 34.229643113343592 ], [ -117.69530262075375, 34.209705991524217 ], [ -117.70772831418644, 34.172443175704835 ], [ -117.685337840271089, 34.154762577310812 ], [ -117.741195416129415, 34.116690132570277 ], [ -117.764038972867425, 34.044079271211245 ], [ -117.788415145865144, 34.041987491488158 ], [ -117.7902788211981, 34.020452926693281 ], [ -117.765183855796394, 34.009701932933844 ], [ -117.775401177634734, 33.987861334634289 ], [ -117.732822902247861, 33.944887860431109 ], [ -117.736324933290234, 33.91450673101707 ], [ -117.769870250876039, 33.910976735030012 ], [ -117.772315641916236, 33.865905128932653 ], [ -117.864342686851714, 33.839608750863476 ], [ -117.928935853034133, 33.720055939386299 ], [ -117.988207164112069, 33.71414662788365 ], [ -118.000239141943283, 33.681257303832446 ], [ -117.985576646936352, 33.648805646261707 ], [ -117.946934030172955, 33.624981719757997 ], [ -117.918519543599984, 33.63995767978242 ], [ -117.914577117703857, 33.677804797329287 ], [ -117.884204220911258, 33.677082025479912 ], [ -117.893904973837437, 33.734049083668374 ], [ -117.882263577004508, 33.755165001961572 ], [ -117.798738493827017, 33.803128400901628 ], [ -117.654393846778973, 33.706017620314704 ], [ -117.564072812151537, 33.684171173830968 ], [ -117.521144168614725, 33.716528654908629 ], [ -117.454711140671805, 33.683469320948959 ], [ -117.397497036381878, 33.703485374391292 ], [ -117.333233509388563, 33.663889631106905 ], [ -117.295034239871015, 33.679658442203625 ], [ -117.297468689708168, 33.758723739219135 ], [ -117.332542957141683, 33.783139042217741 ], [ -117.276259857774889, 33.832352337454751 ], [ -117.278034092805953, 33.855340281340311 ], [ -117.310787666029995, 33.884909457593686 ], [ -117.264666185788201, 33.927646881865982 ], [ -117.291097580346801, 33.987330428092747 ], [ -117.266565125680643, 33.999350151478026 ], [ -117.215944151553259, 33.9682256426536 ], [ -117.200860317977614, 33.984106223847597 ], [ -117.175296850338029, 33.981105581169253 ], [ -116.97239468774923, 33.909983416124355 ], [ -116.97623126111894, 33.944936913072461 ], [ -116.930748645737751, 33.975482820524633 ], [ -116.90519947471924, 34.063080810371304 ], [ -116.846579806085899, 34.071033142626213 ], [ -116.839137248901267, 34.098587887199201 ], [ -116.811814554754719, 34.114648574555254 ], [ -116.769615357624787, 34.102105005147763 ], [ -116.767671424588158, 34.129925459542164 ], [ -116.6947798506814, 34.159710953931977 ], [ -116.710817819763434, 34.193809529378804 ], [ -116.767947191855754, 34.206862851705147 ], [ -116.752741894330796, 34.237461579166741 ], [ -116.769563273089034, 34.273914261576394 ], [ -116.82595921922524, 34.309661945094945 ], [ -116.855538131646, 34.289434281693751 ], [ -116.85794424330652, 34.314576763095872 ], [ -116.890487772722935, 34.321550499084807 ] ] ] } },
{ "type": "Feature", "properties": { "Name": "Whitewater River", "HUC8": "18100201", "AreaAc": 960338 }, "geometry": { "type": "Polygon", "coordinates": [ [ [ -115.997944641958597, 33.776799759619855 ], [ -116.075159335806546, 33.866655492416832 ], [ -116.093721374440918, 33.860683360968075 ], [ -116.113398366616735, 33.876793518366945 ], [ -116.115529461781151, 33.900831125972537 ], [ -116.187417685456694, 33.926528393669273 ], [ -116.246041907898785, 34.001630290572997 ], [ -116.26507482265589, 34.007207931367809 ], [ -116.302707066589804, 33.986578699468879 ], [ -116.35027546465632, 34.032435468812785 ], [ -116.45929353920927, 34.080515539806072 ], [ -116.470282213859406, 34.109142752028447 ], [ -116.534377382577333, 34.124832478257368 ], [ -116.605330345532394, 34.164947258614546 ], [ -116.708295250376409, 34.157415488237007 ], [ -116.767871538153528, 34.129754428242897 ], [ -116.769615357624787, 34.102105005147763 ], [ -116.811814554754719, 34.114648574555254 ], [ -116.839137248901267, 34.098587887199201 ], [ -116.846579806085899, 34.071033142626213 ], [ -116.90519947471924, 34.063080810371304 ], [ -116.947816786193954, 33.960639009255303 ], [ -116.936891802684599, 33.900708078335789 ], [ -116.919513733068172, 33.890064177168831 ], [ -116.865332027393862, 33.891084273199141 ], [ -116.821625518239628, 33.839806306131869 ], [ -116.775422744302574, 33.823006674123604 ], [ -116.739941069062837, 33.839368126721894 ], [ -116.678706381024725, 33.814223427185333 ], [ -116.672011592606353, 33.755838972105636 ], [ -116.65030142144056, 33.757413057759919 ], [ -116.62196570521445, 33.70089532233991 ], [ -116.56582428513498, 33.650460279695046 ], [ -116.559091906978566, 33.592845776519646 ], [ -116.573861168486303, 33.553077094516709 ], [ -116.518523985241615, 33.536686040256519 ], [ -116.475888344401085, 33.54806097941885 ], [ -116.306807239983442, 33.455496401455285 ], [ -116.264341474008177, 33.45696629003514 ], [ -116.26482562203222, 33.47676537355192 ], [ -116.228713904535169, 33.511657514751136 ], [ -116.132000431825816, 33.554333807782875 ], [ -116.095831278625937, 33.547921080696078 ], [ -116.094952497720641, 33.534683924675349 ], [ -116.054775828992021, 33.505108486607362 ], [ -116.079127189845053, 33.525935664047616 ], [ -116.077860370682771, 33.564552208498547 ], [ -116.021617071629464, 33.606500529565878 ], [ -115.978016344880245, 33.609195759054963 ], [ -115.978603956739946, 33.634060074965873 ], [ -115.954824246980209, 33.632064632379134 ], [ -115.948709983884768, 33.634099217784922 ], [ -116.002890151986861, 33.726063663644069 ], [ -115.997944641958597, 33.776799759619855 ] ] ] } },
{ "type": "Feature", "properties": { "Name": "Warner Lakes", "HUC8": "17120007", "AreaAc": 27624 }, "geometry": { "type": "Polygon", "coordinates": [ [ [ -119.999531494096487, 41.885394352367065 ], [ -119.999457001624791, 41.994900506898198 ], [ -120.208353262243534, 41.993998296623808 ], [ -120.147518369618282, 41.948459184991094 ], [ -120.113523054814408, 41.961872995536822 ], [ -120.035758313610899, 41.885544949670617 ], [ -120.017171264329534, 41.901043703191348 ], [ -119.999531494096487, 41.885394352367065 ] ] ] } },
{ "type": "Feature", "properties": { "Name": "Estrella", "HUC8": "18060004", "AreaAc": 607864 }, "geometry": { "type": "Polygon", "coordinates": [ [ [ -120.477757361385585, 36.000797258548523 ], [ -120.50390658136709, 36.002187969488268 ], [ -120.530159193632329, 35.975340527559162 ], [ -120.577109922877611, 35.995055308689793 ], [ -120.56552344808928, 35.932868106740706 ], [ -120.532024292965488, 35.915780317513978 ], [ -120.564955579900158, 35.85741665354864 ], [ -120.629637810303095, 35.830910021660614 ], [ -120.654513072628234, 35.745676715543922 ], [ -120.692522197853677, 35.741897700351842 ], [ -120.692321628496885, 35.725076919504161 ], [ -120.60029706399888, 35.679878888106941 ], [ -120.582254023413654, 35.644525651299162 ], [ -120.547416243599258, 35.647801599863627 ], [ -120.478962063749819, 35.621330807279293 ], [ -120.45633723418203, 35.551792033287029 ], [ -120.41692706799266, 35.542180710346813 ], [ -120.428013549870471, 35.450777559618189 ], [ -120.276078179666214, 35.325525071567107 ], [ -120.253161212760261, 35.334978297613858 ], [ -120.228397136705539, 35.321882645426314 ], [ -120.19908081989108, 35.255385885465046 ], [ -120.142543881108722, 35.237495900366206 ], [ -120.118532575569461, 35.205603893875129 ], [ -120.081642268421433, 35.192320168970532 ], [ -120.077233751846521, 35.166873470800304 ], [ -120.038469697791584, 35.132455183878712 ], [ -119.993769645960214, 35.16623030143807 ], [ -119.949107293594693, 35.139669988620952 ], [ -119.910419187652224, 35.158658538490805 ], [ -119.911107247918665, 35.184354037975055 ], [ -119.950182086793291, 35.215696941753016 ], [ -119.938638410564252, 35.235510487608593 ], [ -119.958333964608002, 35.241806140640008 ], [ -119.963126924951439, 35.264031594604916 ], [ -120.03789482467306, 35.295768213971755 ], [ -120.050857469732293, 35.289031921649446 ], [ -120.128480276376393, 35.413701473913228 ], [ -120.067197226349464, 35.4875474973338 ], [ -120.102148322063968, 35.516312782157513 ], [ -120.104257567563693, 35.539768751752064 ], [ -120.230834980155606, 35.641687940932862 ], [ -120.211485851019162, 35.66054074142307 ], [ -120.176364410034338, 35.658590513250608 ], [ -120.186041247266772, 35.668760647172626 ], [ -120.171109355460743, 35.684076923347632 ], [ -120.22707003330882, 35.705830273932527 ], [ -120.225164998458851, 35.736407595319491 ], [ -120.190393160032613, 35.762977419774664 ], [ -120.21953820200487, 35.818929460299287 ], [ -120.259201125253625, 35.844944321763748 ], [ -120.242597385216172, 35.876509759888869 ], [ -120.277006615231016, 35.906564659085021 ], [ -120.323678042040271, 35.908052580935554 ], [ -120.359882354071544, 35.964131414557102 ], [ -120.434528779810165, 35.969353251720392 ], [ -120.477757361385585, 36.000797258548523 ] ] ] } },
{ "type": "Feature", "properties": { "Name": "Santa Barbara Channel Islands", "HUC8": "18060014", "AreaAc": 124196 }, "geometry": { "type": "MultiPolygon", "coordinates": [ [ [ [ -119.917989366692041, 34.077628906439188 ], [ -119.929564093274294, 34.059922153078581 ], [ -119.876102979601612, 34.032265624332794 ], [ -119.887415150311497, 34.007651991516859 ], [ -119.874214933823083, 33.980092438868738 ], [ -119.818192617697406, 33.959664288378519 ], [ -119.72115855651036, 33.959339026142317 ], [ -119.654556093774701, 33.987776229116612 ], [ -119.559859738506802, 33.995981817871467 ], [ -119.520226031693056, 34.034136217550561 ], [ -119.584720561806307, 34.053426052365168 ], [ -119.618547387585693, 34.016539833939433 ], [ -119.668998388525154, 34.016425761052197 ], [ -119.758373032235369, 34.059020584307618 ], [ -119.809887848784385, 34.05076295961733 ], [ -119.917989366692041, 34.077628906439188 ] ] ], [ [ [ -120.042979381577823, 34.035808587920279 ], [ -120.090031077225532, 34.01970940414563 ], [ -120.139830057410123, 34.026118395348014 ], [ -120.175882761749548, 34.005989230094251 ], [ -120.25064545906092, 34.001340488511914 ], [ -120.222457511602542, 33.988217507729928 ], [ -120.180469947555338, 33.924436096571782 ], [ -120.11271721656874, 33.894663507697686 ], [ -120.015156269532596, 33.937391693896309 ], [ -119.967730619518647, 33.94263614939414 ], [ -119.97984333162097, 33.982241458453785 ], [ -120.01151671971067, 33.980033823151281 ], [ -120.045078059216678, 33.997991829257771 ], [ -120.042979381577823, 34.035808587920279 ] ] ], [ [ [ -120.355348195237283, 34.05935662779514 ], [ -120.369312855395648, 34.076445617300791 ], [ -120.370239133721, 34.074682388278468 ], [ -120.366345445092719, 34.070198995151095 ], [ -120.384841250155887, 34.054562915359313 ], [ -120.414288179356802, 34.056086327604753 ], [ -120.450870299166226, 34.034022649374478 ], [ -120.359132318926399, 34.013912280067665 ], [ -120.306947022661205, 34.02111579311233 ], [ -120.329811335536391, 34.048100369838473 ], [ -120.359359208312767, 34.050208807318128 ], [ -120.355348195237283, 34.05935662779514 ] ] ], [ [ [ -119.407815637876467, 34.006469687130078 ], [ -119.444504507114459, 34.013646001441842 ], [ -119.422121346524506, 34.005052370811818 ], [ -119.416975568048713, 34.006450179413925 ], [ -119.409314880770594, 34.005919308189867 ], [ -119.407815637876467, 34.006469687130078 ] ] ], [ [ [ -119.381350655488376, 34.011161630308536 ], [ -119.390108170922375, 34.005834726233211 ], [ -119.402060329323803, 34.006990616209613 ], [ -119.407560605298912, 34.005340095367643 ], [ -119.391589410052433, 34.002431608428715 ], [ -119.381350655488376, 34.011161630308536 ] ] ], [ [ [ -119.357658154813578, 34.015865474060277 ], [ -119.372402750820171, 34.016145686714339 ], [ -119.377775111498678, 34.011986549933397 ], [ -119.357658154813578, 34.015865474060277 ] ] ] ] } },
{ "type": "Feature", "properties": { "Name": "Calleguas", "HUC8": "18070103", "AreaAc": 241335 }, "geometry": { "type": "Polygon", "coordinates": [ [ [ -118.614149214080413, 34.343721406736456 ], [ -118.689860441597048, 34.362107216190751 ], [ -118.718775865376372, 34.353515653737432 ], [ -118.763168148943819, 34.372891505360016 ], [ -118.825853908095795, 34.35442066238317 ], [ -118.884622944529468, 34.356391560322372 ], [ -118.912709886312257, 34.333751228984688 ], [ -118.946587865177591, 34.345581262114017 ], [ -118.980905878303247, 34.319587076666025 ], [ -119.01254771082516, 34.335183685092083 ], [ -119.072798493040011, 34.317029523281541 ], [ -119.081368555089497, 34.295437549097954 ], [ -119.118986665245586, 34.291872116843578 ], [ -119.15942425046812, 34.225874583935529 ], [ -119.265024452341322, 34.229829041203033 ], [ -119.216298952170575, 34.145283272162132 ], [ -119.127137162286658, 34.100322111939718 ], [ -119.063448224750601, 34.088151875003916 ], [ -119.065380372584372, 34.109580110812445 ], [ -119.009906868505482, 34.154669259157806 ], [ -118.952509015413654, 34.144723479002593 ], [ -118.919541953743618, 34.165726180059657 ], [ -118.834741601473553, 34.156953501553915 ], [ -118.801677065225093, 34.202930454979892 ], [ -118.701312368378424, 34.235901899282688 ], [ -118.673187067409515, 34.232765931309828 ], [ -118.632561651151903, 34.262951579764916 ], [ -118.65106851525718, 34.311080511010509 ], [ -118.614149214080413, 34.343721406736456 ] ] ] } },
{ "type": "Feature", "properties": { "Name": "Santa Monica Bay", "HUC8": "18070104", "AreaAc": 280426 }, "geometry": { "type": "MultiPolygon", "coordinates": [ [ [ [ -118.716975043636012, 34.223523682362959 ], [ -118.801677065225093, 34.202930454979892 ], [ -118.834741601473553, 34.156953501553915 ], [ -118.919541953743618, 34.165726180059657 ], [ -118.952509015413654, 34.144723479002593 ], [ -119.009906868505482, 34.154669259157806 ], [ -119.065380372584372, 34.109580110812445 ], [ -119.066052536881131, 34.088928858609606 ], [ -118.937754689365335, 34.043102121872067 ], [ -118.853196004769643, 34.034276746627839 ], [ -118.806587618417979, 34.00015822082473 ], [ -118.740836725736713, 34.033008350842202 ], [ -118.570943846910339, 34.041830733180426 ], [ -118.526455609957978, 34.030767611924716 ], [ -118.452892562043147, 33.958839287753101 ], [ -118.390788096305315, 33.838287860131601 ], [ -118.394025936810394, 33.804665383135053 ], [ -118.428436477423858, 33.773983157221885 ], [ -118.411626233710322, 33.741171294343857 ], [ -118.363790533108812, 33.738007055404474 ], [ -118.294195500222258, 33.704497179346824 ], [ -118.300590401014858, 33.722407598618453 ], [ -118.382108644263823, 33.770730721683087 ], [ -118.366744642248122, 33.798328903806301 ], [ -118.38369612421485, 33.827196378413568 ], [ -118.375862558112459, 33.845587339559629 ], [ -118.438159990388399, 33.953352320928722 ], [ -118.410613774565647, 33.971391652715589 ], [ -118.39141403433608, 33.959742859056625 ], [ -118.340524469724116, 33.972110703387131 ], [ -118.321780210854072, 33.958659547610409 ], [ -118.298376489781333, 33.965488253962199 ], [ -118.271051891740186, 34.001103905382088 ], [ -118.243450542531178, 34.091036429049844 ], [ -118.30424267720602, 34.136345898543041 ], [ -118.391104800940127, 34.118150653281518 ], [ -118.430038414209648, 34.132308387308107 ], [ -118.553778792249716, 34.124886947295529 ], [ -118.585094470308562, 34.140303068146395 ], [ -118.614382630038975, 34.122608157757483 ], [ -118.673711161132914, 34.126921483242135 ], [ -118.686054454421821, 34.137014459842668 ], [ -118.664224631552656, 34.152028234185032 ], [ -118.679706285038691, 34.173310234072446 ], [ -118.669583025243782, 34.184955895233024 ], [ -118.702766815385999, 34.195052623506321 ], [ -118.716975043636012, 34.223523682362959 ] ] ], [ [ [ -119.069891175995863, 34.090667371299105 ], [ -119.069470397528761, 34.090643752425599 ], [ -119.070020426597239, 34.09085841699244 ], [ -119.069891175995863, 34.090667371299105 ] ] ] ] } },
{ "type": "Feature", "properties": { "Name": "Los Angeles", "HUC8": "18070105", "AreaAc": 531818 }, "geometry": { "type": "Polygon", "coordinates": [ [ [ -118.051995956360713, 34.387339574102278 ], [ -118.07861999483778, 34.382735608852094 ], [ -118.090597009279591, 34.400436075610706 ], [ -118.14638661965374, 34.373907297579223 ], [ -118.214004885139346, 34.376662515445126 ], [ -118.268314182022323, 34.39941175357459 ], [ -118.332965333962733, 34.385955004623781 ], [ -118.366884523744218, 34.358426954174888 ], [ -118.454979584535749, 34.357469486655972 ], [ -118.483286098123216, 34.339957997549526 ], [ -118.511742879776918, 34.347697043363468 ], [ -118.555314446110827, 34.320308481738216 ], [ -118.614149214080413, 34.343721406736456 ], [ -118.65106097893991, 34.311113576388166 ], [ -118.635124823474058, 34.259883992685523 ], [ -118.673187067409515, 34.232765931309828 ], [ -118.720518871595019, 34.226961905826109 ], [ -118.702766815385999, 34.195052623506321 ], [ -118.669583025243782, 34.184955895233024 ], [ -118.679706285038691, 34.173310234072446 ], [ -118.664224631552656, 34.152028234185032 ], [ -118.686054454421821, 34.137014459842668 ], [ -118.673711161132914, 34.126921483242135 ], [ -118.614382630038975, 34.122608157757483 ], [ -118.585094470308562, 34.140303068146395 ], [ -118.553778792249716, 34.124886947295529 ], [ -118.430038414209648, 34.132308387308107 ], [ -118.391104800940127, 34.118150653281518 ], [ -118.30424267720602, 34.136345898543041 ], [ -118.243450542531178, 34.091036429049844 ], [ -118.280895066759328, 33.979515435707164 ], [ -118.321780210854072, 33.958659547610409 ], [ -118.272784555310096, 33.920241867179662 ], [ -118.239485694808039, 33.86232923795145 ], [ -118.216196700439582, 33.871462863784217 ], [ -118.20130157546977, 33.754289531973384 ], [ -118.188356881111162, 33.777666794051683 ], [ -118.146788221104046, 33.770728644706608 ], [ -118.149729973160959, 33.792109038423099 ], [ -118.192317932597589, 33.827299003525809 ], [ -118.164673092408563, 33.854724395991767 ], [ -118.161940388335722, 33.907453338904787 ], [ -118.137723723277958, 33.949379545359243 ], [ -118.028434222802261, 34.038826430744258 ], [ -117.997515841860491, 34.100730221120187 ], [ -117.96411295534979, 34.125991869138353 ], [ -117.974283416818466, 34.166673672612283 ], [ -117.949883204589426, 34.186066776371213 ], [ -117.969088693970264, 34.216121098865791 ], [ -118.018038113132931, 34.236636905899836 ], [ -118.062576976403562, 34.223009443401111 ], [ -118.105667889150922, 34.247815995855873 ], [ -118.103930284557791, 34.270709189950175 ], [ -118.022637060813707, 34.270530095511127 ], [ -117.99185921056187, 34.286965603393263 ], [ -118.012844051366486, 34.318998036083258 ], [ -117.978334363341006, 34.340299936393514 ], [ -118.051995956360713, 34.387339574102278 ] ] ] } },
{ "type": "Feature", "properties": { "Name": "San Gabriel", "HUC8": "18070106", "AreaAc": 543745 }, "geometry": { "type": "MultiPolygon", "coordinates": [ [ [ [ -117.736017838699013, 34.380834600135955 ], [ -117.81368459269477, 34.339805964416165 ], [ -117.860232068481508, 34.365920098694957 ], [ -117.911468077740437, 34.337666204298024 ], [ -117.978334363341006, 34.340299936393514 ], [ -118.012760469278263, 34.31920756196012 ], [ -117.991689649734269, 34.287896428803357 ], [ -118.014379900030789, 34.272358105842343 ], [ -118.103930284557791, 34.270709189950175 ], [ -118.091503096073737, 34.237987332819387 ], [ -118.062576976403562, 34.223009443401111 ], [ -118.012823355448745, 34.234858384239942 ], [ -117.969088693970264, 34.216121098865791 ], [ -117.949883204589426, 34.186066776371213 ], [ -117.974283416818466, 34.166673672612283 ], [ -117.969176123906607, 34.113446862705636 ], [ -117.997515841860491, 34.100730221120187 ], [ -118.028434222802261, 34.038826430744258 ], [ -118.122683629571895, 33.969784171048445 ], [ -118.161940388335722, 33.907453338904787 ], [ -118.164673092408563, 33.854724395991767 ], [ -118.192317932597589, 33.827299003525809 ], [ -118.149729973160959, 33.792109038423099 ], [ -118.146972342022949, 33.770571419802756 ], [ -118.188356881111162, 33.777666794051683 ], [ -118.204069829574266, 33.755395601832795 ], [ -118.216196700439582, 33.871462863784217 ], [ -118.245306130037122, 33.867153855424533 ], [ -118.272784555310096, 33.920241867179662 ], [ -118.334021296298303, 33.970209218378017 ], [ -118.430334303695474, 33.965928620310144 ], [ -118.413464697863162, 33.89336114195445 ], [ -118.386173675443501, 33.877254032948109 ], [ -118.375862558112459, 33.845587339559629 ], [ -118.38369612421485, 33.827196378413568 ], [ -118.366744642248122, 33.798328903806301 ], [ -118.382108644263823, 33.770730721683087 ], [ -118.300590401014858, 33.722407598618453 ], [ -118.294127480898979, 33.704645755462991 ], [ -118.272734870273524, 33.715263542409417 ], [ -118.278710886975716, 33.738244327374503 ], [ -118.274514014594985, 33.748458030844077 ], [ -118.259492199872696, 33.76106348306034 ], [ -118.246683019272083, 33.765431341247343 ], [ -118.221114054006691, 33.771232938178549 ], [ -118.195809483265052, 33.732910991003095 ], [ -118.178760985343459, 33.763571349860712 ], [ -118.114926340305956, 33.740318459286392 ], [ -118.045598087603807, 33.774073618783575 ], [ -118.022280836487298, 33.816871845736166 ], [ -117.768416333093512, 33.868980669701109 ], [ -117.769870250876039, 33.910976735030012 ], [ -117.736324933290234, 33.91450673101707 ], [ -117.732822902247861, 33.944887860431109 ], [ -117.775401177634734, 33.987861334634289 ], [ -117.765183855796394, 34.009701932933844 ], [ -117.7902788211981, 34.020452926693281 ], [ -117.788415145865144, 34.041987491488158 ], [ -117.764038972867425, 34.044079271211245 ], [ -117.741195416129415, 34.116690132570277 ], [ -117.685337840271089, 34.154762577310812 ], [ -117.708448195172352, 34.17905856959225 ], [ -117.669395368466525, 34.229643113343592 ], [ -117.675326402670464, 34.248957628125652 ], [ -117.63679973178202, 34.30134712309313 ], [ -117.633328495591599, 34.333805521170227 ], [ -117.736017838699013, 34.380834600135955 ] ] ], [ [ [ -118.224529156022029, 33.767669937859544 ], [ -118.270016023164899, 33.748623120558783 ], [ -118.274454524341365, 33.735975968260085 ], [ -118.267653594256743, 33.721770777836269 ], [ -118.270849504141324, 33.736730055474922 ], [ -118.244130714485237, 33.736292835303523 ], [ -118.250562641006098, 33.75078230147853 ], [ -118.240671135744776, 33.741797211334976 ], [ -118.23116881546477, 33.740415626414745 ], [ -118.217434904089416, 33.744462759395503 ], [ -118.24484107856739, 33.751049916683662 ], [ -118.218596865973922, 33.753714472959153 ], [ -118.224529156022029, 33.767669937859544 ] ] ], [ [ [ -118.237112868335089, 33.727763298431718 ], [ -118.241003764704246, 33.733675303510978 ], [ -118.258245555096025, 33.728922744743585 ], [ -118.257623255555927, 33.71684720817472 ], [ -118.237112868335089, 33.727763298431718 ] ] ] ] } },
{ "type": "Feature", "properties": { "Name": "San Pedro Channel Islands", "HUC8": "18070107", "AreaAc": 98690 }, "geometry": { "type": "MultiPolygon", "coordinates": [ [ [ [ -118.538511747143659, 33.477592136978579 ], [ -118.606314516358353, 33.478472543594499 ], [ -118.60178830026527, 33.474213059180855 ], [ -118.601472411257959, 33.470494899920155 ], [ -118.58078446129602, 33.450600725160264 ], [ -118.572845530707568, 33.447588407392388 ], [ -118.573991144279816, 33.439849426401423 ], [ -118.563572091507183, 33.434083679334151 ], [ -118.51280892204224, 33.421886812534929 ], [ -118.509657889397715, 33.431933664705049 ], [ -118.501050550717792, 33.43595915970041 ], [ -118.472964257644193, 33.383296511083628 ], [ -118.48866695083079, 33.356489662286322 ], [ -118.465576467127931, 33.326124130390703 ], [ -118.374138896824249, 33.320019921475541 ], [ -118.325833899772178, 33.298965443618236 ], [ -118.305303471912666, 33.308326387324932 ], [ -118.31085580116779, 33.336550232157279 ], [ -118.368261742519735, 33.389162946178367 ], [ -118.370506530499227, 33.409196698557459 ], [ -118.47740183312122, 33.448345045562412 ], [ -118.498164910420627, 33.441707372506833 ], [ -118.538511747143659, 33.477592136978579 ] ] ], [ [ [ -118.595203929084946, 33.03576326090824 ], [ -118.60640237923684, 33.014777097783806 ], [ -118.586829490947324, 33.008484799853221 ], [ -118.500646145687355, 32.852114252252164 ], [ -118.425729057022934, 32.800469383152368 ], [ -118.392400219570675, 32.824762542036034 ], [ -118.350910215314087, 32.818219644597413 ], [ -118.496161602308888, 32.932852177128169 ], [ -118.563505919003944, 33.024069767001173 ], [ -118.595203929084946, 33.03576326090824 ] ] ], [ [ [ -119.535219705849457, 33.285502141291154 ], [ -119.560145754771128, 33.271067645442187 ], [ -119.578859107790706, 33.278430705983773 ], [ -119.546704138866971, 33.232984478560923 ], [ -119.473939008621983, 33.214804198801389 ], [ -119.438697004985514, 33.219867682927735 ], [ -119.460569852663824, 33.256527868136942 ], [ -119.535219705849457, 33.285502141291154 ] ] ], [ [ [ -119.029539594169307, 33.488962134017775 ], [ -119.047871014011548, 33.483527994251716 ], [ -119.036102765617073, 33.464715178382512 ], [ -119.02766756769455, 33.47614786555819 ], [ -119.029539594169307, 33.488962134017775 ] ] ], [ [ [ -119.047230964840352, 33.463324589220562 ], [ -119.050005358642593, 33.464928101136984 ], [ -119.050108011698995, 33.46395509482609 ], [ -119.047230964840352, 33.463324589220562 ] ] ] ] } },
{ "type": "Feature", "properties": { "Name": "Seal Beach", "HUC8": "18070201", "AreaAc": 57175 }, "geometry": { "type": "Polygon", "coordinates": [ [ [ -117.86115386766626, 33.841660838705877 ], [ -117.929233878359241, 33.842575012068934 ], [ -118.022280836487298, 33.816871845736166 ], [ -118.045598087603807, 33.774073618783575 ], [ -118.114926340305956, 33.740318459286392 ], [ -117.959796973839531, 33.629087868396816 ], [ -117.996416301979949, 33.666448395569248 ], [ -117.988207164112069, 33.71414662788365 ], [ -117.928196052657171, 33.720685368702888 ], [ -117.86115386766626, 33.841660838705877 ] ] ] } },
{ "type": "Feature", "properties": { "Name": "San Jacinto", "HUC8": "18070202", "AreaAc": 489767 }, "geometry": { "type": "Polygon", "coordinates": [ [ [ -116.93431390418975, 33.974263036417966 ], [ -116.945436141868797, 33.97231689097201 ], [ -116.975836428156214, 33.945696467092795 ], [ -116.97239468774923, 33.909983416124355 ], [ -117.175296850338029, 33.981105581169253 ], [ -117.200860317977614, 33.984106223847597 ], [ -117.215944151553259, 33.9682256426536 ], [ -117.270981094486288, 33.999625343807999 ], [ -117.291480185087991, 33.984878187012292 ], [ -117.264666185788201, 33.927646881865982 ], [ -117.310844741915986, 33.889941190196623 ], [ -117.276242034811816, 33.852479910901046 ], [ -117.276259857774889, 33.832352337454751 ], [ -117.332542957141683, 33.783139042217741 ], [ -117.297468689708168, 33.758723739219135 ], [ -117.29483360020528, 33.679870101279853 ], [ -117.333233509388563, 33.663889631106905 ], [ -117.397497036381878, 33.703485374391292 ], [ -117.459182052650661, 33.672127278399408 ], [ -117.419272791220379, 33.664701274527339 ], [ -117.365853410153989, 33.626436400617159 ], [ -117.364863662829066, 33.602387332984577 ], [ -117.325067564228945, 33.597923642292464 ], [ -117.244955581840912, 33.64264583102144 ], [ -117.223927204174984, 33.623663692955063 ], [ -117.196182473168193, 33.625137467635994 ], [ -117.194592717650238, 33.609991238748634 ], [ -117.138783124477513, 33.654913189003921 ], [ -117.105203040957136, 33.660562368363991 ], [ -117.094122519448305, 33.688104027095122 ], [ -117.037011512854477, 33.690244092286761 ], [ -117.002720363225563, 33.708537163767815 ], [ -116.95072520454562, 33.636981575334651 ], [ -116.959730062919519, 33.625719775433247 ], [ -116.932919220022882, 33.610411653729152 ], [ -116.853635402661382, 33.644160291099922 ], [ -116.785322515565738, 33.60620432066699 ], [ -116.778156997542126, 33.580446527733187 ], [ -116.735101875127341, 33.592049307485006 ], [ -116.714328191630358, 33.58292288668774 ], [ -116.680720453572278, 33.619337300411452 ], [ -116.574107903844151, 33.553284835222733 ], [ -116.559091906978566, 33.592845776519646 ], [ -116.56582428513498, 33.650460279695046 ], [ -116.62196570521445, 33.70089532233991 ], [ -116.65030142144056, 33.757413057759919 ], [ -116.672011592606353, 33.755838972105636 ], [ -116.678706381024725, 33.814223427185333 ], [ -116.739941069062837, 33.839368126721894 ], [ -116.775422744302574, 33.823006674123604 ], [ -116.821625518239628, 33.839806306131869 ], [ -116.865332027393862, 33.891084273199141 ], [ -116.92575207156797, 33.893641298125644 ], [ -116.949005167435459, 33.946909351997739 ], [ -116.93431390418975, 33.974263036417966 ] ] ] } },
{ "type": "Feature", "properties": { "Name": "Newport Bay", "HUC8": "18070204", "AreaAc": 102486 }, "geometry": { "type": "Polygon", "coordinates": [ [ [ -117.627596430554561, 33.687149818828772 ], [ -117.661312365119869, 33.721057754942038 ], [ -117.678949116929076, 33.71305455756896 ], [ -117.798738493827017, 33.803128400901628 ], [ -117.882263577004508, 33.755165001961572 ], [ -117.893904973837437, 33.734049083668374 ], [ -117.884507414750132, 33.676449076240374 ], [ -117.914577117703857, 33.677804797329287 ], [ -117.917785676054677, 33.640631821597175 ], [ -117.959796973839531, 33.629087868396816 ], [ -117.822285078955318, 33.560733939174632 ], [ -117.804881632176887, 33.605469446050918 ], [ -117.725039109981353, 33.600204983131903 ], [ -117.627596430554561, 33.687149818828772 ] ] ] } },
{ "type": "Feature", "properties": { "Name": "Aliso-San Onofre", "HUC8": "18070301", "AreaAc": 317650 }, "geometry": { "type": "Polygon", "coordinates": [ [ [ -117.454711140671805, 33.683469320948959 ], [ -117.521144168614725, 33.716528654908629 ], [ -117.564072812151537, 33.684171173830968 ], [ -117.633983800422826, 33.704895876237202 ], [ -117.627596430554561, 33.687149818828772 ], [ -117.725039109981353, 33.600204983131903 ], [ -117.804881632176887, 33.605469446050918 ], [ -117.822285078955318, 33.560733939174632 ], [ -117.783661899547852, 33.540983155057987 ], [ -117.714763345651548, 33.460008755495963 ], [ -117.656666818651061, 33.448628365638228 ], [ -117.595651246159221, 33.386294234642151 ], [ -117.511622843430501, 33.337931500712159 ], [ -117.416311227881422, 33.230865386255886 ], [ -117.344971607545503, 33.384561675195926 ], [ -117.3910215052952, 33.445436762098652 ], [ -117.370118897924826, 33.450487207133484 ], [ -117.368687419236693, 33.478293009728937 ], [ -117.345172175726361, 33.495991686204427 ], [ -117.322860286707041, 33.493383382479166 ], [ -117.295492455520233, 33.543633318475642 ], [ -117.316208553618054, 33.599823503085197 ], [ -117.364863662829066, 33.602387332984577 ], [ -117.365853410153989, 33.626436400617159 ], [ -117.419272791220379, 33.664701274527339 ], [ -117.456758337791371, 33.67007208820138 ], [ -117.454711140671805, 33.683469320948959 ] ] ] } },
{ "type": "Feature", "properties": { "Name": "Santa Margarita", "HUC8": "18070302", "AreaAc": 474279 }, "geometry": { "type": "Polygon", "coordinates": [ [ [ -116.574107903844151, 33.553284835222733 ], [ -116.680720453572278, 33.619337300411452 ], [ -116.714328191630358, 33.58292288668774 ], [ -116.735101875127341, 33.592049307485006 ], [ -116.778156997542126, 33.580446527733187 ], [ -116.785322515565738, 33.60620432066699 ], [ -116.853635402661382, 33.644160291099922 ], [ -116.932919220022882, 33.610411653729152 ], [ -116.959730062919519, 33.625719775433247 ], [ -116.95072520454562, 33.636981575334651 ], [ -117.002720363225563, 33.708537163767815 ], [ -117.037011512854477, 33.690244092286761 ], [ -117.094122519448305, 33.688104027095122 ], [ -117.105203040957136, 33.660562368363991 ], [ -117.138783124477513, 33.654913189003921 ], [ -117.16032162627242, 33.625108235327069 ], [ -117.194817574274978, 33.609915445664171 ], [ -117.196444823451614, 33.625276744743644 ], [ -117.255560285606109, 33.640000948280132 ], [ -117.316991868550801, 33.598538406763716 ], [ -117.295498391932597, 33.543458989373029 ], [ -117.322356508935343, 33.493929691035021 ], [ -117.345172175726361, 33.495991686204427 ], [ -117.368687419236693, 33.478293009728937 ], [ -117.370118897924826, 33.450487207133484 ], [ -117.3910215052952, 33.445436762098652 ], [ -117.344971607545503, 33.384561675195926 ], [ -117.416311227881422, 33.230865386255886 ], [ -117.380369420456589, 33.218989536987536 ], [ -117.339022506969357, 33.258113053782509 ], [ -117.298507530023443, 33.340156750768912 ], [ -117.26040240690611, 33.34402890753325 ], [ -117.237885091583095, 33.383172407179693 ], [ -117.157137335576294, 33.411052961215098 ], [ -117.130900525479177, 33.406028905720909 ], [ -117.071261787145218, 33.436361533327513 ], [ -117.010229059404253, 33.414268988280988 ], [ -116.990122871228479, 33.421618051233523 ], [ -116.941295163806615, 33.368943169009754 ], [ -116.824245690479572, 33.360890959474645 ], [ -116.755723921911354, 33.328477687631853 ], [ -116.715219137313397, 33.368651947300201 ], [ -116.621492956187225, 33.402721904228969 ], [ -116.670267557814853, 33.467180275530836 ], [ -116.676155182576139, 33.498681519337815 ], [ -116.616652677194864, 33.542502657285127 ], [ -116.584678138254645, 33.536790821203851 ], [ -116.574107903844151, 33.553284835222733 ] ] ] } },
{ "type": "Feature", "properties": { "Name": "Lower Sacramento", "HUC8": "18020163", "AreaAc": 786286 }, "geometry": { "type": "Polygon", "coordinates": [ [ [ -121.623781783778753, 38.782492432936074 ], [ -121.674144688078997, 38.742673868412716 ], [ -121.699230871307506, 38.800858448231466 ], [ -121.721819043258577, 38.80142495018378 ], [ -121.780672086603417, 38.78209573080683 ], [ -121.80853170524891, 38.736151999285951 ], [ -121.762421617626075, 38.720603653264149 ], [ -121.706773428385219, 38.724760884639259 ], [ -121.704020085563798, 38.699047951525124 ], [ -121.673432025564765, 38.677318370913149 ], [ -121.79164934914975, 38.660903805051426 ], [ -121.845841020837739, 38.688890145903734 ], [ -121.9238487884611, 38.676509851308957 ], [ -121.982349247752282, 38.705735858787001 ], [ -122.048480921181678, 38.695543955758104 ], [ -122.076708362183837, 38.704117545689037 ], [ -122.105294705591788, 38.691168105385522 ], [ -122.088819975914504, 38.677914556462156 ], [ -122.12170617448389, 38.655758399170459 ], [ -122.118162338712068, 38.640836561760139 ], [ -122.16030705060021, 38.644007160939012 ], [ -122.168732635594779, 38.629892851825936 ], [ -122.112972089897042, 38.585199572088477 ], [ -122.021292802696692, 38.579443838363247 ], [ -121.97491254311322, 38.517086706813508 ], [ -121.94237105940789, 38.533788861233788 ], [ -121.885030324487047, 38.539593796513792 ], [ -121.858537026748692, 38.539079380875094 ], [ -121.790871327100632, 38.526213222401189 ], [ -121.676450739708827, 38.544987874463743 ], [ -121.589031354201964, 38.529931538056957 ], [ -121.589057620724432, 38.515421747249711 ], [ -121.625688805560799, 38.507354951857515 ], [ -121.769048180455627, 38.5166051884773 ], [ -121.860718802817075, 38.537184820168029 ], [ -121.939478123812123, 38.529772084171199 ], [ -121.996067333082223, 38.495820866720166 ], [ -121.991699524329519, 38.461870941718331 ], [ -122.042521175706199, 38.44514596202918 ], [ -122.049163365464807, 38.425212031687607 ], [ -122.115122424691464, 38.414242387774202 ], [ -122.061487518189139, 38.32748147472013 ], [ -121.999228269230713, 38.299039214051106 ], [ -121.987008473286423, 38.310790304578106 ], [ -121.997952262464963, 38.329717929027623 ], [ -121.97897925618399, 38.337999782461054 ], [ -121.929810720035661, 38.296120641082247 ], [ -121.886230686350089, 38.285752131190137 ], [ -121.871310080756686, 38.204918496119845 ], [ -121.847529416327617, 38.194448164379736 ], [ -121.834192424430839, 38.150486778391809 ], [ -121.809350702998572, 38.141518829975915 ], [ -121.846351358169798, 38.110967478806799 ], [ -121.819912334995649, 38.091644229280625 ], [ -121.852211866626106, 38.072263128306261 ], [ -121.806367464051974, 38.025941380258047 ], [ -121.745515552992387, 38.03045520208731 ], [ -121.69944692489949, 38.051022899367801 ], [ -121.67044894936879, 38.097419311096161 ], [ -121.636749211259016, 38.089981496060311 ], [ -121.604603690274843, 38.109009098693129 ], [ -121.56791289966425, 38.097916727454844 ], [ -121.6016095849414, 38.146198840374865 ], [ -121.54089439043041, 38.202290920918614 ], [ -121.544202411086715, 38.223163614257878 ], [ -121.498380021635924, 38.27161248359397 ], [ -121.536655175529702, 38.345503334047308 ], [ -121.511953598121693, 38.396020462817631 ], [ -121.531150452947131, 38.432282195013869 ], [ -121.441123936987537, 38.432878102521244 ], [ -121.359943599328389, 38.390326406325798 ], [ -121.329696501162246, 38.390793168468619 ], [ -121.299860170658576, 38.439506928378755 ], [ -121.262604682677576, 38.448286802621162 ], [ -121.27718616468475, 38.476067720736012 ], [ -121.233969730012959, 38.477318866325078 ], [ -121.173970690401092, 38.536010830508964 ], [ -121.157541327125813, 38.589891697741564 ], [ -121.186017194522137, 38.60026805264765 ], [ -121.210505218308754, 38.589377089919068 ], [ -121.229270433746038, 38.604525396227622 ], [ -121.318072121651753, 38.56816126891605 ], [ -121.413255637682099, 38.55790957497733 ], [ -121.426273684340899, 38.5806194783368 ], [ -121.48440865625227, 38.600531309256269 ], [ -121.548430394925759, 38.596995105961838 ], [ -121.56833227223936, 38.64527695629549 ], [ -121.593530511472125, 38.642348794826241 ], [ -121.633189203531785, 38.679826684102437 ], [ -121.59419847317443, 38.75837119590701 ], [ -121.623781783778753, 38.782492432936074 ] ] ] } },
{ "type": "Feature", "properties": { "Name": "Upper Mokelumne", "HUC8": "18040012", "AreaAc": 810429 }, "geometry": { "type": "Polygon", "coordinates": [ [ [ -119.9245036197145, 38.635731774753054 ], [ -120.015858465050854, 38.665526278431948 ], [ -120.062972586842392, 38.629224016696739 ], [ -120.121358232865589, 38.614562091178293 ], [ -120.146034478102735, 38.643407958021164 ], [ -120.23749896425889, 38.629684700172014 ], [ -120.235000876221932, 38.590382715483351 ], [ -120.272952659351574, 38.560751323824512 ], [ -120.380414555379332, 38.54464147701799 ], [ -120.462879887299209, 38.513617843247815 ], [ -120.575234016280746, 38.49327072389066 ], [ -120.767122074655546, 38.518925081744698 ], [ -120.896900908461518, 38.435015711595149 ], [ -120.957338485259456, 38.432966821035421 ], [ -120.951608539675505, 38.405734191033964 ], [ -121.00673207551948, 38.365720064899655 ], [ -121.004694883449233, 38.352567608496742 ], [ -121.031072558804823, 38.358592678943076 ], [ -121.039568613827228, 38.344015036307127 ], [ -121.117520450777789, 38.321077749578663 ], [ -121.163904799378571, 38.26193517386502 ], [ -121.253233583493341, 38.268538922835205 ], [ -121.337667863222052, 38.230025635492915 ], [ -121.398350741654355, 38.227596386555611 ], [ -121.441269790272742, 38.264274773869666 ], [ -121.419896049995771, 38.290376636891061 ], [ -121.399246593803454, 38.291325577955774 ], [ -121.398901802878299, 38.345292404767513 ], [ -121.346887852372262, 38.361395878329809 ], [ -121.354593572146925, 38.390583355648175 ], [ -121.441123936987537, 38.432878102521244 ], [ -121.528635187440699, 38.433506000840119 ], [ -121.512167301023467, 38.393291698251041 ], [ -121.536655175529702, 38.345503334047308 ], [ -121.498380021635924, 38.27161248359397 ], [ -121.544202411086715, 38.223163614257878 ], [ -121.54089439043041, 38.202290920918614 ], [ -121.6016095849414, 38.146198840374865 ], [ -121.578481689153705, 38.129453243841965 ], [ -121.585922491078847, 38.11369715658207 ], [ -121.569324450981483, 38.086085081832522 ], [ -121.528959607467272, 38.091726694368987 ], [ -121.503598780764577, 38.072719701249177 ], [ -121.502446572275375, 38.091274116068504 ], [ -121.486152519287486, 38.094275151599014 ], [ -121.459130720243607, 38.069322007996696 ], [ -121.444255598490486, 38.083995095241747 ], [ -121.351884832480451, 38.088986982862913 ], [ -121.204721504083125, 38.137962616977596 ], [ -121.038510310060687, 38.213946416679839 ], [ -120.857566827991946, 38.190642035985618 ], [ -120.791978537878521, 38.266926909668939 ], [ -120.770992445290048, 38.273293011101131 ], [ -120.759830416063551, 38.256930501477321 ], [ -120.739458983682368, 38.259747687102916 ], [ -120.709948897031651, 38.297682666737884 ], [ -120.672896795359321, 38.300795324992599 ], [ -120.649377953137673, 38.327707496366408 ], [ -120.59536004075818, 38.334350694003227 ], [ -120.590976586796884, 38.354876947518925 ], [ -120.568031830305941, 38.335375251468356 ], [ -120.463354102902485, 38.330177783521634 ], [ -120.375677784773274, 38.290060057932095 ], [ -120.340952495934118, 38.294762809261449 ], [ -120.219974308283483, 38.350369270490205 ], [ -120.160327132873547, 38.419082826466401 ], [ -120.130530836913309, 38.419972703437871 ], [ -120.130497365855533, 38.449069497425356 ], [ -120.004977424026592, 38.505671449313589 ], [ -119.91452396642336, 38.518306413962435 ], [ -119.892103837404221, 38.475506749310178 ], [ -119.838596324605703, 38.506611221917638 ], [ -119.800500930093591, 38.481700383150226 ], [ -119.758619281671514, 38.490201525466986 ], [ -119.769830357702915, 38.517189098892651 ], [ -119.833753945161448, 38.552831102397889 ], [ -119.853376790935286, 38.602506732426498 ], [ -119.907650406010902, 38.596038208256431 ], [ -119.9245036197145, 38.635731774753054 ] ] ] } },
{ "type": "Feature", "properties": { "Name": "Upper King", "HUC8": "18030010", "AreaAc": 988221 }, "geometry": { "type": "Polygon", "coordinates": [ [ [ -118.654494909051436, 37.141173195124978 ], [ -118.674478443246059, 37.129408004366873 ], [ -118.674214056245859, 37.106495721634936 ], [ -118.716300089490062, 37.107003649582843 ], [ -118.738431395846419, 37.079433333507502 ], [ -118.790951921073273, 37.122708124668442 ], [ -118.827332893639806, 37.182840498093732 ], [ -118.873136679121743, 37.184958134148033 ], [ -118.899705216182852, 37.209200122162692 ], [ -118.948238252975074, 37.194884873641264 ], [ -118.974731460031677, 37.201871602041273 ], [ -119.006333106904023, 37.177207128250011 ], [ -119.137320641344047, 37.164239628751616 ], [ -119.187853065801249, 37.143699846966193 ], [ -119.212564502591761, 37.093930160496491 ], [ -119.283271427433306, 37.092153173319218 ], [ -119.343194274396168, 37.060074740798392 ], [ -119.369769454865349, 37.061056470482029 ], [ -119.388015621083568, 37.034950164836637 ], [ -119.367615627506908, 37.009143532173589 ], [ -119.386312365191856, 36.968461644686222 ], [ -119.414605472768784, 36.9656320614504 ], [ -119.415303046449054, 36.915195077834362 ], [ -119.358817913668872, 36.907312490823479 ], [ -119.350139946124031, 36.853402988546826 ], [ -119.281425012640895, 36.811188984931697 ], [ -119.252525726342455, 36.826653985720789 ], [ -119.2213964635868, 36.81595770757982 ], [ -119.159894304527484, 36.850862560368043 ], [ -119.095844133593602, 36.765416608037562 ], [ -119.047060512119614, 36.76886517807911 ], [ -119.001127813383661, 36.723925964161168 ], [ -118.915962010694884, 36.725844482129354 ], [ -118.890913344275432, 36.708611563338756 ], [ -118.869830506513537, 36.720584718792047 ], [ -118.858527183710407, 36.701047750148334 ], [ -118.814045050018876, 36.705445281007648 ], [ -118.775925445885662, 36.679024957390261 ], [ -118.719808541528153, 36.673035873234852 ], [ -118.69166062916122, 36.63855143524993 ], [ -118.634840260108646, 36.636771936856924 ], [ -118.57498790603286, 36.597517607872092 ], [ -118.526304424158056, 36.594118056534597 ], [ -118.450187895523555, 36.685366262437753 ], [ -118.333993084767087, 36.706363776605265 ], [ -118.338672626500866, 36.728682210612178 ], [ -118.369440724500038, 36.750186400193947 ], [ -118.393085867725873, 36.830880142205359 ], [ -118.361686867402639, 36.844606424365345 ], [ -118.361358521369525, 36.888362513092012 ], [ -118.420775346853205, 36.990762290806565 ], [ -118.439886579076656, 37.063982962852933 ], [ -118.530691208539082, 37.111954964916862 ], [ -118.565607223981218, 37.113910578067568 ], [ -118.593024435235066, 37.138205805939585 ], [ -118.654494909051436, 37.141173195124978 ] ] ] } },
{ "type": "Feature", "properties": { "Name": "Upper San Joaquin", "HUC8": "18040006", "AreaAc": 1048807 }, "geometry": { "type": "Polygon", "coordinates": [ [ [ -119.10568704001561, 37.718696878089474 ], [ -119.168558848452108, 37.738367885081836 ], [ -119.198844116703356, 37.73650845166992 ], [ -119.216227006746166, 37.714117547075936 ], [ -119.253306660544467, 37.728830349276812 ], [ -119.327601855978116, 37.633447376253706 ], [ -119.370287559611384, 37.631889399244528 ], [ -119.387463116382222, 37.553907595895133 ], [ -119.438037579903693, 37.544745635678943 ], [ -119.464837759232438, 37.490558102005529 ], [ -119.515862559663148, 37.485330529504246 ], [ -119.517298912945776, 37.460559654577033 ], [ -119.567645871048001, 37.440966782549232 ], [ -119.57857587118788, 37.397986966637923 ], [ -119.567106732416732, 37.380736266548659 ], [ -119.597714711263464, 37.343342015802122 ], [ -119.58286892676, 37.282610956078912 ], [ -119.651419829046944, 37.272629843493881 ], [ -119.669329178616593, 37.257255532006006 ], [ -119.648487659934119, 37.205359383639902 ], [ -119.682868053484341, 37.192628894611801 ], [ -119.687222340764166, 37.154459636872687 ], [ -119.708668813583017, 37.155890257244238 ], [ -119.733725480043418, 37.128753938636507 ], [ -119.671340871772628, 37.077237548084632 ], [ -119.68576182592254, 37.034881242742614 ], [ -119.71136578019842, 37.023296772221386 ], [ -119.691600523711074, 36.988647281291165 ], [ -119.604132079660033, 36.998894066559018 ], [ -119.610193350732857, 37.020115494603779 ], [ -119.584110199290691, 37.026880210970575 ], [ -119.588684470976105, 37.041354302149998 ], [ -119.570001644528745, 37.052994141663987 ], [ -119.431483404753834, 37.006336772181577 ], [ -119.409511985289541, 37.024834461200001 ], [ -119.418832728496696, 37.065086003120214 ], [ -119.343809900892197, 37.059934861989973 ], [ -119.283271427433306, 37.092153173319218 ], [ -119.226055727093311, 37.088698116532051 ], [ -119.202215788929863, 37.101981053928611 ], [ -119.178256985629645, 37.149318499356113 ], [ -119.110323795272606, 37.159814754383888 ], [ -119.093810807073766, 37.175679570483297 ], [ -119.004899005496185, 37.177510473302426 ], [ -118.974731460031677, 37.201871602041273 ], [ -118.948009903381291, 37.194911092494614 ], [ -118.915785236394456, 37.208814783096507 ], [ -118.872538512027219, 37.184744366217423 ], [ -118.827332893639806, 37.182840498093732 ], [ -118.790951921073273, 37.122708124668442 ], [ -118.738431395846419, 37.079433333507502 ], [ -118.716300089490062, 37.107003649582843 ], [ -118.673568983304079, 37.107221924303651 ], [ -118.674478443246059, 37.129408004366873 ], [ -118.654405439177268, 37.142045315469787 ], [ -118.686130391566905, 37.228306370623365 ], [ -118.664507135465257, 37.26171374687766 ], [ -118.71600491459327, 37.328593840229367 ], [ -118.739570669317018, 37.31600830015558 ], [ -118.786385883939062, 37.343789876574668 ], [ -118.768378076599859, 37.360066371895073 ], [ -118.790086766660082, 37.393961470877827 ], [ -118.75961117554678, 37.435300348252234 ], [ -118.76221951625098, 37.456694704527912 ], [ -118.796527911634556, 37.489442002263054 ], [ -118.855223992883026, 37.47848828062218 ], [ -118.861173143097147, 37.501798275533019 ], [ -118.916106410194075, 37.550095257963719 ], [ -119.022762008310437, 37.584892339492406 ], [ -119.065264866009954, 37.684631011865328 ], [ -119.10568704001561, 37.718696878089474 ] ] ] } },
{ "type": "Feature", "properties": { "Name": "Panoche-San Luis Reservoir", "HUC8": "18040014", "AreaAc": 195928 }, "geometry": { "type": "Polygon", "coordinates": [ [ [ -120.630808434026122, 36.654076142348643 ], [ -120.513404802029186, 36.74013781395638 ], [ -120.512767220381377, 36.74879790299854 ], [ -120.545998507188159, 36.732199150855621 ], [ -120.633319281005441, 36.659669998669393 ], [ -120.707701042997172, 36.661232185405929 ], [ -120.758451365060452, 36.643200212991829 ], [ -120.763719948589284, 36.658708160301337 ], [ -120.844916797302858, 36.658879561086245 ], [ -120.891570671852392, 36.693825787709841 ], [ -120.96671644312984, 36.687842112233135 ], [ -120.992891807608672, 36.632455364282009 ], [ -121.020027590393624, 36.626378810092518 ], [ -121.030972820580956, 36.573125184221695 ], [ -121.007555145585144, 36.540783490027003 ], [ -120.945773279549897, 36.503548307015762 ], [ -120.90620919836509, 36.497873845151801 ], [ -120.903752265881664, 36.476007578682754 ], [ -120.865339507910903, 36.489376924722677 ], [ -120.833042363359965, 36.471968588358138 ], [ -120.79080487036893, 36.419418628001623 ], [ -120.737753101246795, 36.387485162320743 ], [ -120.68717859636709, 36.394135526047528 ], [ -120.638099986368374, 36.366912653639488 ], [ -120.606754376727736, 36.410077284226283 ], [ -120.613077465687184, 36.441500876972739 ], [ -120.657392926964391, 36.45709659282862 ], [ -120.645306105736282, 36.48065861041497 ], [ -120.660801357214694, 36.51874952858882 ], [ -120.640517728512364, 36.549467787461211 ], [ -120.670045290190686, 36.595458223457271 ], [ -120.638463329361173, 36.617408671492363 ], [ -120.630808434026122, 36.654076142348643 ] ] ] } },
{ "type": "Feature", "properties": { "Name": "Chetco", "HUC8": "17100312", "AreaAc": 11634 }, "geometry": { "type": "Polygon", "coordinates": [ [ [ -124.051175060535428, 41.996814631961747 ], [ -124.211650790565301, 41.998470102170963 ], [ -124.210374638249064, 41.950064615318119 ], [ -124.159159168829135, 41.952229723513724 ], [ -124.153589438143555, 41.968714738829071 ], [ -124.100691685382969, 41.962422239910694 ], [ -124.051175060535428, 41.996814631961747 ] ] ] } },
{ "type": "Feature", "properties": { "Name": "Lower Colorado", "HUC8": "15030107", "AreaAc": 128460 }, "geometry": { "type": "Polygon", "coordinates": [ [ [ -114.466116061825886, 32.883111690070947 ], [ -114.524412971944045, 32.905231829591536 ], [ -114.5824615349743, 32.887609055791771 ], [ -114.624879415574156, 32.943503594218122 ], [ -114.715471569325928, 32.96976653063188 ], [ -114.73907079672604, 32.956525832628209 ], [ -114.761138500137989, 32.907867761359341 ], [ -114.803938471400429, 32.890776953594376 ], [ -114.756007329047165, 32.868996663818834 ], [ -114.761485969478287, 32.819887270359438 ], [ -114.732447446626821, 32.814048026995287 ], [ -114.756427015576989, 32.778088174997556 ], [ -114.741038392377931, 32.717309850898125 ], [ -114.719459409635277, 32.718737175178639 ], [ -114.701663548063635, 32.745487335710877 ], [ -114.61712975101571, 32.728271482717062 ], [ -114.526857419021965, 32.757164464522631 ], [ -114.531137910196833, 32.793005464305089 ], [ -114.469165461039168, 32.844396021016983 ], [ -114.466116061825886, 32.883111690070947 ] ] ] } },
{ "type": "Feature", "properties": { "Name": "Imperial Reservoir", "HUC8": "15030104", "AreaAc": 1230634 }, "geometry": { "type": "Polygon", "coordinates": [ [ [ -114.139406221650077, 34.296630591098022 ], [ -114.203928406640614, 34.283051816622645 ], [ -114.223601782982797, 34.311795959355166 ], [ -114.267878605740009, 34.326298166990512 ], [ -114.300038522325934, 34.298795916004615 ], [ -114.296775622778043, 34.284378439296155 ], [ -114.335615995774461, 34.274386376177638 ], [ -114.406509564773074, 34.316498254612412 ], [ -114.438159470254689, 34.299254992409921 ], [ -114.495884897984439, 34.307090449473762 ], [ -114.538851994661044, 34.289569367139322 ], [ -114.618311674033791, 34.329352267756676 ], [ -114.714283677559848, 34.329507174173834 ], [ -114.710701447425279, 34.31320459685864 ], [ -114.758418203723608, 34.284970459579412 ], [ -114.777616207889707, 34.331878016724254 ], [ -114.80665303450472, 34.3462842657053 ], [ -114.867014750056583, 34.315157306914031 ], [ -114.810671673014014, 34.248955535137299 ], [ -114.81092053176458, 34.206070391290098 ], [ -114.785058546615147, 34.194349456917116 ], [ -114.778825139925388, 34.168488727375028 ], [ -114.654758641277766, 34.076349322033288 ], [ -114.637274425665922, 34.024337968472096 ], [ -114.653218088730569, 33.962214117593312 ], [ -114.619780240641489, 33.921272594176401 ], [ -114.672798330111164, 33.863967294989074 ], [ -114.762494680606892, 33.88658020076285 ], [ -114.830130884798749, 33.875416465042569 ], [ -114.860379677212123, 33.862923791330012 ], [ -114.891112613548671, 33.794472291883288 ], [ -114.918543509727897, 33.798764050878994 ], [ -114.905474958705156, 33.741683271121225 ], [ -114.865272467771447, 33.727346665264712 ], [ -114.824722224507013, 33.65856471102726 ], [ -114.810352295213434, 33.534419417538871 ], [ -114.836224067327848, 33.518742099529518 ], [ -114.842962292754351, 33.480642727788045 ], [ -114.868335206749151, 33.482179391015009 ], [ -114.872556922759713, 33.456837219898198 ], [ -114.928594618106288, 33.389406198813823 ], [ -115.026383039510094, 33.39397592651553 ], [ -115.044261930177868, 33.382141664342349 ], [ -115.251772226722935, 33.43165258199884 ], [ -115.258556114408819, 33.489436408082582 ], [ -115.330768264704602, 33.521356239808981 ], [ -115.322812569335269, 33.442168642688401 ], [ -115.216334259561478, 33.310226829141804 ], [ -115.208932084706987, 33.245341386008057 ], [ -115.228853539424236, 33.222323983450664 ], [ -115.181283640854332, 33.218256366207122 ], [ -115.167507322149859, 33.19152507066196 ], [ -115.084974155957553, 33.17923877755122 ], [ -115.078681034028165, 33.159531188563861 ], [ -115.016099156464094, 33.133593640870885 ], [ -114.959114174066343, 33.148187627103468 ], [ -114.946600497040976, 33.128109478126333 ], [ -114.855756713397753, 33.107420420964274 ], [ -114.822842396031518, 33.089695862974999 ], [ -114.822034402194717, 33.070586238376087 ], [ -114.837967244766645, 33.066839954611851 ], [ -114.815381092114421, 33.042312081493101 ], [ -114.752087093479048, 33.01738184833124 ], [ -114.741698754699783, 32.968693950914108 ], [ -114.652710476775681, 32.959152022334848 ], [ -114.5824615349743, 32.887609055791771 ], [ -114.524412971944045, 32.905231829591536 ], [ -114.466116061825886, 32.883111690070947 ], [ -114.481083175747614, 32.934994151414777 ], [ -114.468192305375325, 32.970112406407438 ], [ -114.492845599747568, 32.971566466089541 ], [ -114.520859780467845, 33.030205154623793 ], [ -114.616558765694293, 33.026984788558799 ], [ -114.645154005736259, 33.049028167908219 ], [ -114.66453859362926, 33.033870982213507 ], [ -114.689000985216794, 33.084210527221451 ], [ -114.706831705843612, 33.088851350607115 ], [ -114.675468003724802, 33.18591348432669 ], [ -114.673176526311039, 33.223533276159053 ], [ -114.689522625608888, 33.246469925830098 ], [ -114.672247491341196, 33.259270979988713 ], [ -114.731147554114884, 33.301718716664226 ], [ -114.698064617151616, 33.353171531029368 ], [ -114.725539509052922, 33.405061732922249 ], [ -114.638826548665989, 33.419688421940883 ], [ -114.591612326537458, 33.499422095131941 ], [ -114.524257432549589, 33.552748417043048 ], [ -114.540751100111706, 33.590250795046153 ], [ -114.52187150465771, 33.61179080824914 ], [ -114.533382537946906, 33.651526426464436 ], [ -114.513945900380946, 33.659533715929726 ], [ -114.531810623290866, 33.672881874445643 ], [ -114.494101355816312, 33.707370202317776 ], [ -114.528201674948519, 33.814698278345141 ], [ -114.530180876003016, 33.856919911275774 ], [ -114.503010213338484, 33.8678215283499 ], [ -114.525979700056581, 33.898525484578059 ], [ -114.509780709821243, 33.908060947956393 ], [ -114.535876374496482, 33.926619539362257 ], [ -114.528775372027198, 33.947509575822011 ], [ -114.438555546244928, 34.021845643889506 ], [ -114.434354740944443, 34.086898124178433 ], [ -114.416732021977325, 34.107014703698113 ], [ -114.228314428139285, 34.187641182358647 ], [ -114.165144228638383, 34.259530658365286 ], [ -114.132191265810036, 34.258748173490666 ], [ -114.139406221650077, 34.296630591098022 ] ] ] } },
{ "type": "Feature", "properties": { "Name": "Smith", "HUC8": "18010101", "AreaAc": 452083 }, "geometry": { "type": "Polygon", "coordinates": [ [ [ -123.788463163217116, 41.995643336307786 ], [ -124.051175060535428, 41.996814631961747 ], [ -124.100691685382969, 41.962422239910694 ], [ -124.153589438143555, 41.968714738829071 ], [ -124.159159168829135, 41.952229723513724 ], [ -124.208804468382183, 41.949359789748286 ], [ -124.212513011227301, 41.87076883214926 ], [ -124.254259941519251, 41.770733030159533 ], [ -124.151180825442609, 41.725652811146276 ], [ -124.142289442575034, 41.672457427478484 ], [ -124.100965472638961, 41.604386436204301 ], [ -124.098971980142039, 41.56375753236113 ], [ -124.08208138142156, 41.546777086072737 ], [ -124.097450152877599, 41.571536165075955 ], [ -124.069584486318718, 41.57797691730574 ], [ -124.087967523563108, 41.599878854210452 ], [ -124.051322652807272, 41.626344576892564 ], [ -124.07700775781521, 41.65810508709091 ], [ -124.036823167831074, 41.669133978553859 ], [ -124.009317601624218, 41.647595055631577 ], [ -123.969778903306775, 41.660484474499242 ], [ -123.890886994164703, 41.512562317089348 ], [ -123.850140099671052, 41.531459928070511 ], [ -123.832955432770078, 41.585114296665047 ], [ -123.76783581342508, 41.556418969227117 ], [ -123.71447478827767, 41.578759939988046 ], [ -123.717505224625469, 41.60354260304274 ], [ -123.680570841058227, 41.634190777916317 ], [ -123.689757817413692, 41.669091180130323 ], [ -123.65996822624669, 41.720165624074596 ], [ -123.688132196147876, 41.781055536794725 ], [ -123.672180432736326, 41.795969183745498 ], [ -123.703865151063127, 41.829248011739828 ], [ -123.671016621703572, 41.83533151233425 ], [ -123.635834403672192, 41.898839673015097 ], [ -123.652803725767242, 41.939372335485665 ], [ -123.781950125538742, 41.974161588625542 ], [ -123.788463163217116, 41.995643336307786 ] ] ] } },
{ "type": "Feature", "properties": { "Name": "Upper Klamath", "HUC8": "18010206", "AreaAc": 545384 }, "geometry": { "type": "Polygon", "coordinates": [ [ [ -122.043978659767845, 42.004983338839978 ], [ -122.171989131459313, 42.007556716031196 ], [ -122.376144789587372, 42.009504304795932 ], [ -122.896913361179074, 42.003753790192441 ], [ -122.965055838445963, 41.932030270388232 ], [ -123.072791842609746, 41.955806195948618 ], [ -123.114524011237492, 41.93713678508275 ], [ -123.164420940478763, 41.939654342013448 ], [ -123.202810033857247, 41.917186059978505 ], [ -123.202247408489654, 41.87533403557358 ], [ -123.250890606509572, 41.857675236421947 ], [ -123.249615019036781, 41.83714387203031 ], [ -123.2669611661576, 41.833022576741769 ], [ -123.239507709820273, 41.809520180900797 ], [ -123.262466779059849, 41.690098226864308 ], [ -123.207751572229014, 41.642735896113642 ], [ -123.154283905252839, 41.738678075245836 ], [ -123.114995449165647, 41.749765123122174 ], [ -123.060248435213765, 41.737632707990727 ], [ -123.04493429310773, 41.776148931417488 ], [ -123.002862696706046, 41.782528732486028 ], [ -122.92632649937616, 41.776377494792172 ], [ -122.863485888181557, 41.748934338223293 ], [ -122.818996525537031, 41.768743314544594 ], [ -122.749543095491134, 41.733730998732518 ], [ -122.690002024783453, 41.753622803959914 ], [ -122.653530732480817, 41.800473607573949 ], [ -122.594402047641182, 41.831061606398123 ], [ -122.531125010130225, 41.800915126251816 ], [ -122.481446932442708, 41.803146332628927 ], [ -122.461709219632723, 41.824690403994538 ], [ -122.411033903690964, 41.783755457733641 ], [ -122.357911623284352, 41.77352354925096 ], [ -122.271203913027961, 41.791312001676445 ], [ -122.239920665615486, 41.815992616421234 ], [ -122.175542599653497, 41.81492870788874 ], [ -122.192125513090048, 41.846501689767173 ], [ -122.121987927768373, 41.889621190134946 ], [ -122.131589223301305, 41.972084591296706 ], [ -122.101101865592582, 41.976468434071158 ], [ -122.061407687404696, 41.94333066436733 ], [ -122.028739151184965, 41.974290719449279 ], [ -122.054750902912858, 41.994610856136021 ], [ -122.043978659767845, 42.004983338839978 ] ] ] } }
]
}
