{
"type": "FeatureCollection",
"name": "i03_WaterDistricts_seasonality",
"crs": { "type": "name", "properties": { "name": "urn:ogc:def:crs:OGC:1.3:CRS84" } },
"features": [
{ "type": "Feature", "properties": { "AGENCYNAME": "Metropolitan Water District Of Southern California" }, "geometry": { "type": "MultiPolygon", "coordinates": [ [ [ [ -119.098894310999981, 34.241716853000071 ], [ -119.098734596999975, 34.241787191000071 ], [ -119.098549968999976, 34.24171265800004 ], [ -119.097737769, 34.242104471000061 ], [ -119.098077263, 34.24233819300008 ], [ -119.097722007999948, 34.242559775000075 ], [ -119.097175893999975, 34.24276767300006 ], [ -119.096986410999989, 34.242964273000041 ], [ -119.096780485999943, 34.243276672000036 ], [ -119.096716897999954, 34.244034437000039 ], [ -119.096772003999945, 34.244298901000036 ], [ -119.096554984999955, 34.244560041000057 ], [ -119.095990445999973, 34.244887003000031 ], [ -119.095928095999966, 34.244923115000063 ], [ -119.095452317999957, 34.245419764000076 ], [ -119.095017042999984, 34.245758288000047 ], [ -119.094951898999966, 34.245931408000047 ], [ -119.094971326999939, 34.246102696000037 ], [ -119.095017839999969, 34.246512794000068 ], [ -119.094822375999968, 34.247032059000048 ], [ -119.09453764899996, 34.247621173000027 ], [ -119.094186499999978, 34.247908002000031 ], [ -119.094003143999942, 34.247975871000051 ], [ -119.093865410999967, 34.248026906000064 ], [ -119.093688387999975, 34.248064462000059 ], [ -119.093401881999966, 34.248125249000054 ], [ -119.092825811999944, 34.248372076000066 ], [ -119.092662078999979, 34.248442229000034 ], [ -119.092528301999948, 34.248499548000041 ], [ -119.092157182999983, 34.248621155000023 ], [ -119.091307839999956, 34.248699381000051 ], [ -119.091333604999988, 34.248897449000026 ], [ -119.091005680999956, 34.249000878000061 ], [ -119.090261685999963, 34.249743372000069 ], [ -119.089643910999939, 34.249520616000041 ], [ -119.089636987999938, 34.249518120000062 ], [ -119.088841980999973, 34.249684095000077 ], [ -119.08856813899996, 34.249743746000036 ], [ -119.088603597999963, 34.249988243000075 ], [ -119.088644499999987, 34.250270250000028 ], [ -119.088384863999977, 34.250440466000043 ], [ -119.088005032999945, 34.250497636000034 ], [ -119.08681861499997, 34.252085880000038 ], [ -119.086043588999985, 34.25232460400008 ], [ -119.085845157, 34.252003527000056 ], [ -119.08559333, 34.251596048000067 ], [ -119.085575383999981, 34.251567010000031 ], [ -119.083892399999968, 34.251077310000028 ], [ -119.083683298999972, 34.251091842000051 ], [ -119.082896757999947, 34.251146498000026 ], [ -119.082217712999977, 34.251449689000026 ], [ -119.081588504999957, 34.251896100000067 ], [ -119.081537442999945, 34.252552666000042 ], [ -119.080932882999946, 34.252519149000079 ], [ -119.080199556999958, 34.252478487000076 ], [ -119.079689673999951, 34.252450212000042 ], [ -119.079347662999965, 34.252967464000051 ], [ -119.07268241099996, 34.263046288000055 ], [ -119.072685732999958, 34.263777221000055 ], [ -119.06790893699997, 34.263824997000029 ], [ -119.065212754999948, 34.263835424000035 ], [ -119.065214178999952, 34.264371274000041 ], [ -119.065222982999956, 34.267685535000055 ], [ -119.064926894999985, 34.268875086000037 ], [ -119.064866183, 34.269196789000034 ], [ -119.064811107999958, 34.269637853000063 ], [ -119.064728001, 34.270303374000036 ], [ -119.06471036399995, 34.270802200000048 ], [ -119.064674504999971, 34.271818919000054 ], [ -119.064118406999967, 34.272790572000076 ], [ -119.063947545999952, 34.273088682000036 ], [ -119.063570718999983, 34.273456095000029 ], [ -119.063359055999967, 34.273893592000036 ], [ -119.063387644999978, 34.27415645800005 ], [ -119.063241368999968, 34.274172512000064 ], [ -119.063124009999967, 34.274379811000074 ], [ -119.063190452999947, 34.274788332000071 ], [ -119.063469282999961, 34.275173091000056 ], [ -119.063496559999976, 34.275169981000033 ], [ -119.063528450999968, 34.275465059000055 ], [ -119.063077185999987, 34.276486796000029 ], [ -119.062988225999959, 34.277589224000053 ], [ -119.062956010999983, 34.27770991400007 ], [ -119.062913699999967, 34.277868427000044 ], [ -119.062595121999948, 34.278356202000055 ], [ -119.062158493999959, 34.279024708000065 ], [ -119.061762231999978, 34.279624780000063 ], [ -119.055216091999966, 34.289536197000075 ], [ -119.051489920999984, 34.295239776000074 ], [ -119.04955898999998, 34.298230582000031 ], [ -119.045262034999951, 34.304885141000057 ], [ -119.043308860999957, 34.305199203000029 ], [ -119.04315109199996, 34.327449641000044 ], [ -119.025345002999984, 34.327663871000027 ], [ -119.025309774999982, 34.335309920000043 ], [ -119.000011037999968, 34.335027319000062 ], [ -119.000010896999981, 34.335058851000042 ], [ -118.99034894, 34.335075657000061 ], [ -118.990140229999952, 34.328467247000049 ], [ -118.990330229, 34.321509841000079 ], [ -118.984891900999969, 34.32149561600005 ], [ -118.973988677999955, 34.321497507000061 ], [ -118.969435677999968, 34.321527712000034 ], [ -118.964030117999982, 34.321523400000046 ], [ -118.96486794599997, 34.342452166000044 ], [ -118.938207341999941, 34.342366224000045 ], [ -118.938260443, 34.335997939000038 ], [ -118.893686202999959, 34.335874611000065 ], [ -118.893947024999989, 34.349789805000057 ], [ -118.884989000999951, 34.34977572300005 ], [ -118.885234515999969, 34.357237789000067 ], [ -118.8750111, 34.357667142000025 ], [ -118.875010028999952, 34.357522943000049 ], [ -118.833328731999984, 34.357934097000054 ], [ -118.813251332999982, 34.366928957000027 ], [ -118.726454743999966, 34.36633117100007 ], [ -118.726042801999938, 34.351511992000042 ], [ -118.69198417299998, 34.351583757000071 ], [ -118.691505305999954, 34.352852766000069 ], [ -118.691380598999956, 34.353183229000024 ], [ -118.691380588999948, 34.353183281000042 ], [ -118.691377196999952, 34.355513046000056 ], [ -118.691372311999942, 34.35887140300008 ], [ -118.691372307, 34.358871455000042 ], [ -118.686279165999963, 34.358868813000072 ], [ -118.685471394, 34.358868374000053 ], [ -118.680586317999939, 34.358865592000029 ], [ -118.680586519999963, 34.358865540000068 ], [ -118.680586329, 34.358865540000068 ], [ -118.681593551, 34.358602680000047 ], [ -118.681158560999961, 34.35859070500004 ], [ -118.669522272999984, 34.358474917000024 ], [ -118.637301588999946, 34.293036244000064 ], [ -118.632292748999987, 34.293056039000078 ], [ -118.627933225, 34.292981325000028 ], [ -118.625014841999985, 34.292915232000041 ], [ -118.622263787999941, 34.292945150000037 ], [ -118.622288025999978, 34.296538390000023 ], [ -118.622301014999948, 34.300165008000079 ], [ -118.618123813999944, 34.300204563000079 ], [ -118.618126494999956, 34.29724518300003 ], [ -118.618105582999988, 34.292913328000054 ], [ -118.613391877999959, 34.292892967000057 ], [ -118.609501056999989, 34.292872695000028 ], [ -118.609501199999954, 34.292856934000042 ], [ -118.60953589099995, 34.289236551000045 ], [ -118.609032672999945, 34.28923424900006 ], [ -118.605186490999984, 34.289219952000053 ], [ -118.605151756999987, 34.292824558000063 ], [ -118.605090022999946, 34.292824592000045 ], [ -118.600816265, 34.292824060000044 ], [ -118.600797902999943, 34.289226562000067 ], [ -118.600727369999959, 34.289226277000068 ], [ -118.596787345999985, 34.289255634000028 ], [ -118.594004499, 34.289247738000029 ], [ -118.594003569999984, 34.28904500200008 ], [ -118.593993585999954, 34.286213578000059 ], [ -118.593468466, 34.286228440000059 ], [ -118.592261474999987, 34.28625926400008 ], [ -118.590428249999945, 34.286305784000035 ], [ -118.590597067999965, 34.287577628000065 ], [ -118.586196124999958, 34.303240773000027 ], [ -118.580312435999986, 34.304251172000079 ], [ -118.569913789999987, 34.300341082000045 ], [ -118.568458323999948, 34.296903264000036 ], [ -118.566893951999987, 34.296206925000035 ], [ -118.560773537999978, 34.300182962000065 ], [ -118.556358195999962, 34.300520297000048 ], [ -118.55344652499997, 34.29785819500006 ], [ -118.548992722999969, 34.298360528000046 ], [ -118.546056537999959, 34.299156725000046 ], [ -118.540457647999972, 34.299912056000039 ], [ -118.540552043, 34.300102430000038 ], [ -118.541176850999989, 34.300679255000034 ], [ -118.541689487999975, 34.301170908000074 ], [ -118.542064570999969, 34.302274641000054 ], [ -118.542426474999957, 34.303371136000067 ], [ -118.543476517999977, 34.303938680000044 ], [ -118.543163236999987, 34.304794349000076 ], [ -118.542911746999948, 34.305546418000063 ], [ -118.543899672999942, 34.307967493000035 ], [ -118.54509537499996, 34.310835310000073 ], [ -118.545328689999963, 34.311337040000069 ], [ -118.546319038999968, 34.313406848000056 ], [ -118.545427251999968, 34.314667105000069 ], [ -118.544721881999976, 34.315609834000043 ], [ -118.54537056099997, 34.317340631000036 ], [ -118.542332496999961, 34.316626287000076 ], [ -118.537070085999972, 34.315441048000025 ], [ -118.533152063999978, 34.314561470000058 ], [ -118.530108823999967, 34.316772202000038 ], [ -118.521856009999965, 34.323026140000024 ], [ -118.513669559999983, 34.329221091000079 ], [ -118.505749450999986, 34.335184255000058 ], [ -118.503325307999944, 34.337014114000056 ], [ -118.500905689999968, 34.335543600000051 ], [ -118.497242240999981, 34.333425722000072 ], [ -118.492563730999962, 34.330584478000048 ], [ -118.487775923999948, 34.330463567000038 ], [ -118.483688116999986, 34.330267516000049 ], [ -118.482984430999977, 34.330266280000046 ], [ -118.477071129999956, 34.330196196000031 ], [ -118.466564409999989, 34.330083871000056 ], [ -118.456897573, 34.330078437000054 ], [ -118.451541008999982, 34.330068346000076 ], [ -118.448569551999981, 34.33006355200007 ], [ -118.443769912999983, 34.330058097000062 ], [ -118.437532446999967, 34.330037060000052 ], [ -118.433898194, 34.330016167000053 ], [ -118.430583858999967, 34.330002626000066 ], [ -118.426691779999942, 34.329956112000048 ], [ -118.422189859999946, 34.329942928000037 ], [ -118.418955168999958, 34.329925297000045 ], [ -118.418944465999971, 34.329760497000052 ], [ -118.418907846999957, 34.32961049000005 ], [ -118.418721607999942, 34.329603508000048 ], [ -118.41855589, 34.329655847000026 ], [ -118.418442498, 34.329694385000039 ], [ -118.41836918499996, 34.329732172000035 ], [ -118.418275489999985, 34.329757935000032 ], [ -118.418149711999945, 34.32976222800005 ], [ -118.41806399799998, 34.329716225000027 ], [ -118.417959665999945, 34.329588451000063 ], [ -118.417912979999983, 34.329523643000073 ], [ -118.417848806999984, 34.329455928000073 ], [ -118.417769997, 34.329432704000055 ], [ -118.417684110999971, 34.329427231000068 ], [ -118.41756436299994, 34.329420489000029 ], [ -118.417431812999951, 34.329424526000025 ], [ -118.417319207, 34.329411295000057 ], [ -118.417219710999973, 34.329394051000065 ], [ -118.417127664999953, 34.329377087000069 ], [ -118.417001261999985, 34.32934306900006 ], [ -118.417010403999939, 34.329237567000064 ], [ -118.417217352999955, 34.329125971000053 ], [ -118.417358235999984, 34.328993880000041 ], [ -118.417460279999943, 34.328889609000043 ], [ -118.41757469199996, 34.328770038000073 ], [ -118.417715451999982, 34.328640194000059 ], [ -118.41782302699994, 34.32850910600007 ], [ -118.417958237999983, 34.328356534000079 ], [ -118.418100962999972, 34.328215503000024 ], [ -118.418233911999948, 34.328116895000051 ], [ -118.418442463999952, 34.328025624000077 ], [ -118.418622269999958, 34.327951293000069 ], [ -118.418755665999981, 34.327906749000078 ], [ -118.419658348999974, 34.327791954000077 ], [ -118.419619959999977, 34.325655582000024 ], [ -118.41809987299996, 34.325731467000026 ], [ -118.414869768999949, 34.324524832000066 ], [ -118.414642335999986, 34.324439730000051 ], [ -118.413566424999942, 34.324446647000059 ], [ -118.413558807999948, 34.324748133000071 ], [ -118.412722674999941, 34.324750529000028 ], [ -118.412753552999959, 34.325130029000036 ], [ -118.411383762999947, 34.326033462000055 ], [ -118.411421300999962, 34.326228546000038 ], [ -118.412048284999969, 34.326851127000054 ], [ -118.412571395999976, 34.327375220000079 ], [ -118.412538693999977, 34.329828705000068 ], [ -118.40987383099997, 34.329827719000036 ], [ -118.40586217699996, 34.329834598000048 ], [ -118.404251202999944, 34.329846084000053 ], [ -118.404190075999963, 34.326531064000051 ], [ -118.404075455999987, 34.322518157000047 ], [ -118.403740849999963, 34.322320907000062 ], [ -118.403312060999951, 34.322133625000049 ], [ -118.402734835999979, 34.321819149000078 ], [ -118.40228179099995, 34.321579155000052 ], [ -118.402135824999959, 34.321506104000036 ], [ -118.40153933, 34.321085052000058 ], [ -118.401061036999977, 34.320711235000033 ], [ -118.400623130999975, 34.320343441000034 ], [ -118.399827900999981, 34.319536564000032 ], [ -118.399399789999961, 34.319709618000047 ], [ -118.399196334999942, 34.31964565800007 ], [ -118.398804827, 34.319608398000071 ], [ -118.398433575999945, 34.319610183000066 ], [ -118.398035426999968, 34.319644736000043 ], [ -118.397764329999973, 34.319663803000026 ], [ -118.39739326199998, 34.319649828000024 ], [ -118.397094527999968, 34.319690373000071 ], [ -118.39684774899996, 34.319748638000078 ], [ -118.396660496999971, 34.319822658000078 ], [ -118.396393469999964, 34.319940963000079 ], [ -118.39640404499994, 34.319747689000053 ], [ -118.395248495999965, 34.319785226000079 ], [ -118.395298686999979, 34.317913444000055 ], [ -118.396565258999942, 34.317904860000056 ], [ -118.396585056, 34.316712039000038 ], [ -118.39676418199997, 34.316712030000076 ], [ -118.396941217999938, 34.316774998000028 ], [ -118.397120407999978, 34.316811023000071 ], [ -118.397306180999976, 34.316813516000025 ], [ -118.397404728999959, 34.316785700000025 ], [ -118.39746060799996, 34.316632414000026 ], [ -118.397508486999982, 34.316501349000077 ], [ -118.397537531999944, 34.316392094000037 ], [ -118.397618283999975, 34.316305054000054 ], [ -118.397837972, 34.316295312000079 ], [ -118.398607342999981, 34.316258972000071 ], [ -118.398875455999985, 34.316070889000059 ], [ -118.399256827999977, 34.315871306000076 ], [ -118.399678081, 34.315637188000039 ], [ -118.399852815999964, 34.315481620000071 ], [ -118.399847861999945, 34.314132476000054 ], [ -118.399836584999946, 34.309832952000079 ], [ -118.400047711999946, 34.309917466000059 ], [ -118.400258401999963, 34.309947915000066 ], [ -118.400405751999983, 34.309933192000074 ], [ -118.400638160999961, 34.309901402000037 ], [ -118.400784212999952, 34.309848345000034 ], [ -118.400931059999948, 34.309768294000037 ], [ -118.401037899999949, 34.309675478000031 ], [ -118.401113344999942, 34.309561211000073 ], [ -118.401142868999955, 34.309418193000056 ], [ -118.401790562999963, 34.309447066000075 ], [ -118.401766790999943, 34.310205101000065 ], [ -118.402169896999965, 34.310699946000057 ], [ -118.403826175999939, 34.310721705000049 ], [ -118.403840596999942, 34.309364278000032 ], [ -118.403376508999941, 34.309364842000036 ], [ -118.403366738999978, 34.307965969000065 ], [ -118.404348379999988, 34.307942077000064 ], [ -118.404411613999969, 34.300656907000075 ], [ -118.400009649999959, 34.300669248000077 ], [ -118.40002132799998, 34.29700340100004 ], [ -118.402242705, 34.296994635000033 ], [ -118.402349010999956, 34.29282338400003 ], [ -118.408465405999948, 34.292859579000037 ], [ -118.408436441999982, 34.291698696000026 ], [ -118.409702632999938, 34.291689943000051 ], [ -118.409680253999966, 34.291067543000054 ], [ -118.408720255, 34.289279414000077 ], [ -118.407186617999969, 34.287787269000034 ], [ -118.405280375999951, 34.285952309000038 ], [ -118.400614048999955, 34.286423189000061 ], [ -118.400254863999976, 34.288281106000056 ], [ -118.399730778999981, 34.288301925000042 ], [ -118.399798445999977, 34.290229948000047 ], [ -118.399707536, 34.290503525000076 ], [ -118.399483896999982, 34.291245032000063 ], [ -118.399288918999957, 34.291908797000076 ], [ -118.399161786999969, 34.292385945000035 ], [ -118.399063917999968, 34.292650252000044 ], [ -118.39867424, 34.293426044000057 ], [ -118.396010137999951, 34.293420328000025 ], [ -118.395837686, 34.297145421000039 ], [ -118.39365675199997, 34.297171358000071 ], [ -118.393626504999986, 34.298629521000066 ], [ -118.387157889999969, 34.298626563000028 ], [ -118.387153539999986, 34.29723240800007 ], [ -118.382679641999971, 34.297212137000031 ], [ -118.382703270999968, 34.293341843000064 ], [ -118.380813901999943, 34.293322264000039 ], [ -118.380809678999981, 34.291531766000048 ], [ -118.385370031999969, 34.291528332000041 ], [ -118.385411733999945, 34.289789109000026 ], [ -118.383277471999975, 34.289771588000065 ], [ -118.383270609999954, 34.287805332000062 ], [ -118.385357497999962, 34.284922734000077 ], [ -118.380087840999977, 34.283730597000044 ], [ -118.378050111, 34.283588274000067 ], [ -118.375845650999963, 34.283419345000027 ], [ -118.375541325999961, 34.283428103000062 ], [ -118.375215465999986, 34.283433793000029 ], [ -118.375012292999941, 34.283453131000044 ], [ -118.375011865999966, 34.283423839000079 ], [ -118.373869250999974, 34.28353149600008 ], [ -118.373722569999984, 34.282694961000061 ], [ -118.371756101999949, 34.282762414000047 ], [ -118.372597886, 34.283069019000038 ], [ -118.372587421, 34.286025484000049 ], [ -118.369098308, 34.286017235000031 ], [ -118.369138325999984, 34.285906152000052 ], [ -118.369317621, 34.285642704000054 ], [ -118.369397097, 34.285443036000061 ], [ -118.369442357999958, 34.285273600000039 ], [ -118.369535139, 34.285004623000077 ], [ -118.36956773199995, 34.284794171000044 ], [ -118.369614902999956, 34.284602287000041 ], [ -118.369646689999968, 34.284418828000071 ], [ -118.369672726999966, 34.28406850500005 ], [ -118.369665341999962, 34.283770963000052 ], [ -118.369757724999943, 34.283632586000067 ], [ -118.370491837999964, 34.282306941000058 ], [ -118.369206798999983, 34.281810133000079 ], [ -118.368468015999952, 34.283331514000054 ], [ -118.367897436999954, 34.283150009000053 ], [ -118.366850414999988, 34.282049654000048 ], [ -118.366518692999989, 34.280595813000048 ], [ -118.363235358999987, 34.280685283000025 ], [ -118.36041382999997, 34.279630170000075 ], [ -118.359652711999956, 34.279966107000064 ], [ -118.353918564999958, 34.278872335000074 ], [ -118.350985535999939, 34.278932 ], [ -118.350956538, 34.282493505000048 ], [ -118.343131652999944, 34.282623589000025 ], [ -118.340939159999948, 34.282596359000024 ], [ -118.332075413999974, 34.282503729000041 ], [ -118.325892421, 34.28242739600006 ], [ -118.325841235999974, 34.286075825000069 ], [ -118.314778673999967, 34.286014932000057 ], [ -118.303569688999971, 34.285954162000053 ], [ -118.298564585999941, 34.285975716000053 ], [ -118.298479287999953, 34.293153750000045 ], [ -118.289634056999944, 34.293151015000035 ], [ -118.289646760999972, 34.292705630000057 ], [ -118.285423421999951, 34.292689190000033 ], [ -118.285482619999982, 34.289644671000076 ], [ -118.285581827999977, 34.285703192000028 ], [ -118.285766469999942, 34.278355649000048 ], [ -118.27280628699998, 34.278102949000072 ], [ -118.272718346999966, 34.281725063000067 ], [ -118.26472225699996, 34.281672330000049 ], [ -118.25849286, 34.281631306000065 ], [ -118.253083436999987, 34.281601536000039 ], [ -118.250012483999967, 34.281581340000059 ], [ -118.25001328999997, 34.281615148000071 ], [ -118.237665215, 34.281472534000045 ], [ -118.237667779999981, 34.275872332000063 ], [ -118.237698050999938, 34.267032821000043 ], [ -118.237696867999944, 34.267005753000035 ], [ -118.237856172999955, 34.260152876000063 ], [ -118.238054, 34.252267902000028 ], [ -118.232768854999961, 34.252125057000057 ], [ -118.226326731999961, 34.251954842000032 ], [ -118.220565698999962, 34.251813157000072 ], [ -118.220577340999967, 34.250016665000032 ], [ -118.22051971999997, 34.250016665000032 ], [ -118.220555916999956, 34.249007015000075 ], [ -118.220694687, 34.245337479000057 ], [ -118.220716157999959, 34.244755097000052 ], [ -118.220836686999974, 34.24205312600003 ], [ -118.220875031999981, 34.241196683000055 ], [ -118.220944630999952, 34.239202043000034 ], [ -118.220955897999943, 34.238871466000035 ], [ -118.220992801999955, 34.237573610000027 ], [ -118.220996419999949, 34.237449902000037 ], [ -118.220988485999953, 34.234992861000023 ], [ -118.221016702999975, 34.231298734000063 ], [ -118.221003941, 34.23060242400004 ], [ -118.216930908999984, 34.23051530400005 ], [ -118.215962865, 34.230495464000057 ], [ -118.211368153999956, 34.23036974200005 ], [ -118.210909411999978, 34.230356288000053 ], [ -118.208312410999952, 34.230295126000044 ], [ -118.203398361999973, 34.230172357000072 ], [ -118.203421870999989, 34.226586169000029 ], [ -118.200764618999983, 34.226621569000031 ], [ -118.195926679999957, 34.226701901000069 ], [ -118.194612003999964, 34.226724577000027 ], [ -118.190375359999962, 34.226790025000071 ], [ -118.18952365399997, 34.227988261000064 ], [ -118.189851529999942, 34.228525817000047 ], [ -118.188984986999969, 34.231101552000041 ], [ -118.191925577999939, 34.232554722000032 ], [ -118.193028948999938, 34.232983139000055 ], [ -118.193721999, 34.23335714500007 ], [ -118.19487208399994, 34.233298744000024 ], [ -118.195802636999986, 34.234798954000041 ], [ -118.196243668999955, 34.235016683000026 ], [ -118.197404528, 34.236091332000058 ], [ -118.197382926999978, 34.237340225000025 ], [ -118.19449702299994, 34.237361991000057 ], [ -118.194388769999989, 34.250019511000062 ], [ -118.194632100999968, 34.250020064000068 ], [ -118.194615303999967, 34.251564126000062 ], [ -118.191516539999952, 34.251494119000029 ], [ -118.186072648, 34.251417313000047 ], [ -118.186070990999951, 34.250021150000066 ], [ -118.185820221999961, 34.250020286000051 ], [ -118.185784712999975, 34.244371446000059 ], [ -118.18569161299996, 34.235252608000053 ], [ -118.185671381999953, 34.232043035000061 ], [ -118.185700376999989, 34.229740611000068 ], [ -118.18575716099997, 34.225405930000079 ], [ -118.185806462999949, 34.22316285200003 ], [ -118.182864373999962, 34.223168641000029 ], [ -118.182839672999989, 34.222663272000034 ], [ -118.178221662999988, 34.222670504000064 ], [ -118.178198768999948, 34.218740272000048 ], [ -118.178167343999974, 34.215338867000071 ], [ -118.173972792999962, 34.215389665000032 ], [ -118.169460948, 34.215396265000038 ], [ -118.16725618199996, 34.215322713000035 ], [ -118.165019939, 34.21525463200004 ], [ -118.164937458999987, 34.215251373000058 ], [ -118.162905524999985, 34.215189074000079 ], [ -118.162845646, 34.215193462000059 ], [ -118.156866719, 34.215013239000029 ], [ -118.156647545999988, 34.215006816000027 ], [ -118.156640845999959, 34.213162375000024 ], [ -118.156634814999961, 34.211412535000079 ], [ -118.152249519999941, 34.211367221000046 ], [ -118.152331157999981, 34.207619066000063 ], [ -118.152268160999938, 34.207618822000029 ], [ -118.14800576, 34.207596248000073 ], [ -118.14357303099996, 34.207566765000024 ], [ -118.143482319999976, 34.207565416000079 ], [ -118.143446378999954, 34.211360396000032 ], [ -118.143387323999946, 34.214861734000067 ], [ -118.139064153999982, 34.214782375000027 ], [ -118.13471857199994, 34.214704224000059 ], [ -118.134785089, 34.211126646000025 ], [ -118.134878535999974, 34.207516362000035 ], [ -118.129783539999949, 34.20739924600008 ], [ -118.129635373999974, 34.20739560100003 ], [ -118.125051967, 34.207289641000045 ], [ -118.12501208499998, 34.20728805300007 ], [ -118.125011899999947, 34.207267780000052 ], [ -118.120528050999951, 34.207174624000061 ], [ -118.116702119999957, 34.207127826000033 ], [ -118.116719847999946, 34.20427789200005 ], [ -118.116705476, 34.203459954000039 ], [ -118.11673656399995, 34.200437173000068 ], [ -118.11264605599996, 34.200402222000037 ], [ -118.10785191399998, 34.200316487000066 ], [ -118.107880456999965, 34.196933351000041 ], [ -118.107883452999943, 34.196764595000047 ], [ -118.103899532999947, 34.19672911400005 ], [ -118.103003135, 34.196720267000046 ], [ -118.099481913999966, 34.196696401000054 ], [ -118.099493621999954, 34.19288479100004 ], [ -118.09947236499994, 34.18958298900003 ], [ -118.095233361999988, 34.189595569000062 ], [ -118.095204596999963, 34.185935458000074 ], [ -118.093071193999947, 34.185967033000054 ], [ -118.088758550999955, 34.186014721000049 ], [ -118.080659585999967, 34.186133046000066 ], [ -118.073819362, 34.186258718000033 ], [ -118.073595849999947, 34.179028712000047 ], [ -118.064829869999983, 34.17929704200003 ], [ -118.064743796999949, 34.179298075000077 ], [ -118.064743710999949, 34.179261042000064 ], [ -118.064830272, 34.17233888100003 ], [ -118.065396576999945, 34.172320564000074 ], [ -118.066061059, 34.172299069000076 ], [ -118.066383635999955, 34.172448639000038 ], [ -118.06727366399997, 34.172861311000077 ], [ -118.067271823999988, 34.172741900000062 ], [ -118.067197580999959, 34.166873402000078 ], [ -118.067064209999955, 34.156803224000043 ], [ -118.066250011999955, 34.156814196000028 ], [ -118.066249157999948, 34.156637572000079 ], [ -118.066149978999988, 34.156633758000055 ], [ -118.066043171999979, 34.156629943000041 ], [ -118.063296687, 34.156664288000059 ], [ -118.05667460899997, 34.156752057000062 ], [ -118.051418142999978, 34.15682074700004 ], [ -118.047321304999969, 34.156893245000049 ], [ -118.043712729999982, 34.156954298000073 ], [ -118.038280795, 34.15704587700003 ], [ -118.036686307999958, 34.157072587000073 ], [ -118.036678677999987, 34.157190848000027 ], [ -118.036678677999987, 34.157232811000029 ], [ -118.036686305999979, 34.15796907500004 ], [ -118.036686294999981, 34.162165402000028 ], [ -118.036678654999946, 34.166624953000053 ], [ -118.036587104999967, 34.166624954000042 ], [ -118.032413975999987, 34.166666933000045 ], [ -118.029903995999973, 34.166693647000045 ], [ -118.028935096999987, 34.166705095000054 ], [ -118.028156926999941, 34.166712727000061 ], [ -118.027958569999953, 34.166716543000064 ], [ -118.027905165999982, 34.166888211000071 ], [ -118.02771443599994, 34.167525290000071 ], [ -118.027912791999938, 34.168047923000074 ], [ -118.028057743999966, 34.168631593000043 ], [ -118.028118777999964, 34.168856669000036 ], [ -118.028118775999985, 34.16905885500006 ], [ -118.028118775999985, 34.169077930000071 ], [ -118.028118774999939, 34.169451783000056 ], [ -118.028118774999939, 34.169581488000063 ], [ -118.028111144999968, 34.169768416000068 ], [ -118.02805011199996, 34.169806564000055 ], [ -118.027813609999953, 34.169943900000078 ], [ -118.027683914999955, 34.170001123000077 ], [ -118.027645767999957, 34.170024013000045 ], [ -118.027653397999984, 34.170031641000037 ], [ -118.027790721999963, 34.170130827000037 ], [ -118.028256097999986, 34.170470346000059 ], [ -118.02821032199995, 34.170508495000036 ], [ -118.028149288999941, 34.170550457000047 ], [ -118.028042480999943, 34.170634385000028 ], [ -118.028050109999981, 34.170642015000055 ], [ -118.028080626999952, 34.170699237000065 ], [ -118.028172175999941, 34.170863275000045 ], [ -118.028416307999976, 34.171046386000057 ], [ -118.028385790999948, 34.171073091000039 ], [ -118.028164545999971, 34.171294353000064 ], [ -118.028118770999981, 34.171340131000079 ], [ -118.02811877, 34.171397353000032 ], [ -118.028103511999973, 34.171855134000054 ], [ -118.028103508999948, 34.17280121500005 ], [ -118.028095872, 34.176310869000076 ], [ -118.028095864999955, 34.179332224000063 ], [ -118.028355254999951, 34.179324593000047 ], [ -118.028842753, 34.179323743000054 ], [ -118.028842312999984, 34.179340307000075 ], [ -118.024339158999965, 34.179353218000074 ], [ -118.020444740999949, 34.179368212000043 ], [ -118.020581559999982, 34.187601029000064 ], [ -118.020674572999951, 34.193920475000027 ], [ -118.00893216999998, 34.19403877700006 ], [ -118.000012678999951, 34.194140728000036 ], [ -118.000012557, 34.194154231000027 ], [ -117.980900811999959, 34.194256683000049 ], [ -117.97665005999994, 34.194273636000048 ], [ -117.965775845999985, 34.194238772000062 ], [ -117.959582169999976, 34.194226963000062 ], [ -117.958279062999964, 34.194225063000033 ], [ -117.949922244, 34.194287972000041 ], [ -117.941969000999961, 34.19437599500003 ], [ -117.93864595499997, 34.194375927000067 ], [ -117.932910006999975, 34.194368179000037 ], [ -117.924592833999952, 34.194370196000079 ], [ -117.924430176999977, 34.189522831000033 ], [ -117.924292311999977, 34.185412718000066 ], [ -117.92406869499996, 34.179470870000046 ], [ -117.924037033, 34.17793406800007 ], [ -117.923932905999948, 34.173814096000058 ], [ -117.923794229999942, 34.168024366000054 ], [ -117.92372794, 34.165281601000061 ], [ -117.931499595, 34.165250163000053 ], [ -117.941271117999975, 34.165213084000072 ], [ -117.94132695199994, 34.162999941000066 ], [ -117.941367453999987, 34.159854053000061 ], [ -117.941443960999948, 34.154350106000038 ], [ -117.937061268999969, 34.15436707200007 ], [ -117.937058422999939, 34.152174023000043 ], [ -117.933321656999965, 34.153390580000064 ], [ -117.933332744999973, 34.153940398000032 ], [ -117.932591310999953, 34.153218512000024 ], [ -117.932855766999978, 34.153211445000068 ], [ -117.932880870999952, 34.152113770000028 ], [ -117.928756860999954, 34.150968136000074 ], [ -117.928806822999945, 34.15091392000005 ], [ -117.928860025999938, 34.150862089000043 ], [ -117.928914038999949, 34.150808040000072 ], [ -117.928969131999963, 34.150758538000048 ], [ -117.929037054999981, 34.150698310000053 ], [ -117.929550721999988, 34.150237772000025 ], [ -117.929859544999942, 34.149975882000035 ], [ -117.930182551999962, 34.149737094000045 ], [ -117.930351464999944, 34.149539206000043 ], [ -117.930450165999957, 34.149428467000064 ], [ -117.93056844399996, 34.14928476800003 ], [ -117.930819314999951, 34.149006969000027 ], [ -117.93109433099994, 34.148608588000059 ], [ -117.93126282299994, 34.148372405000032 ], [ -117.931401344, 34.148184514000036 ], [ -117.931492191999951, 34.148001403000023 ], [ -117.931543743999953, 34.147841432000064 ], [ -117.931727629999955, 34.147608137000077 ], [ -117.931911545, 34.147487417000036 ], [ -117.932175553999969, 34.147385771000074 ], [ -117.932519111999966, 34.147289669000031 ], [ -117.932876854999961, 34.147216667000066 ], [ -117.932881104999979, 34.146953422000024 ], [ -117.933825784999954, 34.145884792000061 ], [ -117.934983737999971, 34.145878663000076 ], [ -117.935638222999955, 34.145043423000061 ], [ -117.93722792799997, 34.145028110000055 ], [ -117.937202623999951, 34.143640158000039 ], [ -117.937990778999961, 34.143636719000028 ], [ -117.93732476699995, 34.14218625500007 ], [ -117.938057606999962, 34.141194383000027 ], [ -117.94142693799995, 34.139523433000079 ], [ -117.943141834999949, 34.139756369000054 ], [ -117.943251042999975, 34.138324436000062 ], [ -117.94363739299996, 34.137975649000055 ], [ -117.940838461999988, 34.136106147000078 ], [ -117.938717167, 34.134701379000035 ], [ -117.938361067999949, 34.13506491000004 ], [ -117.938426723999953, 34.135144173000072 ], [ -117.938482130999944, 34.135259038000072 ], [ -117.938569011999959, 34.13540222000006 ], [ -117.938615493999976, 34.135485193000079 ], [ -117.938637409999956, 34.135594170000047 ], [ -117.938644859999954, 34.135662023000066 ], [ -117.938651636999964, 34.135729846000061 ], [ -117.938654227999962, 34.135799749000057 ], [ -117.938654252, 34.135867295000025 ], [ -117.938648739999962, 34.135936862000051 ], [ -117.938642013, 34.136004129000071 ], [ -117.938631773999987, 34.136073501000055 ], [ -117.93861829399998, 34.136140488000024 ], [ -117.938601437999978, 34.136207335000051 ], [ -117.93858120699997, 34.136274044000061 ], [ -117.938557598999978, 34.136340613000073 ], [ -117.938532098999985, 34.136404851000066 ], [ -117.938502546999985, 34.136468922000063 ], [ -117.938470296, 34.13653288200004 ], [ -117.938435476999985, 34.136594484000057 ], [ -117.938396607999948, 34.136655919000077 ], [ -117.938356522, 34.136715052000056 ], [ -117.938313058999938, 34.136774045000038 ], [ -117.938266354999939, 34.136830653000061 ], [ -117.938216409999939, 34.136884875000078 ], [ -117.938165788999981, 34.136939070000039 ], [ -117.938111250999953, 34.136990850000075 ], [ -117.934508253999979, 34.140124505000074 ], [ -117.933759349999946, 34.140773466000041 ], [ -117.933165890999987, 34.141007829000046 ], [ -117.932676914999945, 34.141102419000049 ], [ -117.932504317999985, 34.141068260000054 ], [ -117.93171345199994, 34.140912401000037 ], [ -117.930508642999939, 34.14067495300003 ], [ -117.928401177999945, 34.14029499600008 ], [ -117.928401636, 34.140255919000026 ], [ -117.928505076999954, 34.13141728800008 ], [ -117.928524489999973, 34.129332321000049 ], [ -117.928564645, 34.12501885000006 ], [ -117.928530079999973, 34.125019670000029 ], [ -117.92857579799994, 34.121666886000071 ], [ -117.930931403999978, 34.121664373000044 ], [ -117.932011072999956, 34.121663204000072 ], [ -117.937483150999981, 34.12165712500007 ], [ -117.937509573999989, 34.119345954000039 ], [ -117.937524221999979, 34.118069974000036 ], [ -117.937566028999981, 34.114345513000046 ], [ -117.933274935999975, 34.114359473000036 ], [ -117.932169166, 34.11436341600006 ], [ -117.930218329999946, 34.114370345000054 ], [ -117.930158792999976, 34.114370132000033 ], [ -117.929031539999983, 34.114371976000029 ], [ -117.927856454, 34.114373887000056 ], [ -117.923342016999982, 34.11058218900007 ], [ -117.919988276999959, 34.110596362000024 ], [ -117.919949103999954, 34.112785399000074 ], [ -117.919935609, 34.114399129000049 ], [ -117.898004377999939, 34.115059123000037 ], [ -117.897967427999959, 34.121618229000035 ], [ -117.893555185999958, 34.121549173000062 ], [ -117.889710816, 34.121490143000074 ], [ -117.88972642799996, 34.120378598000059 ], [ -117.889315231999944, 34.120206093000036 ], [ -117.889329045999943, 34.117284339000037 ], [ -117.889339959999973, 34.114623626000025 ], [ -117.889956089999941, 34.114617812000063 ], [ -117.884163794999949, 34.113428189000047 ], [ -117.883432508999988, 34.114007775000061 ], [ -117.883503561999987, 34.114355208000063 ], [ -117.883461270999987, 34.115010851000079 ], [ -117.883487756999955, 34.115423964000058 ], [ -117.883520045999944, 34.115841823000039 ], [ -117.883493435999981, 34.117930014000024 ], [ -117.883534836999956, 34.118096096000045 ], [ -117.883604440999989, 34.118310636000047 ], [ -117.883685935999949, 34.118485146000069 ], [ -117.88375554299995, 34.118688429000031 ], [ -117.883779383999979, 34.118898805000072 ], [ -117.883797596999955, 34.121466166000062 ], [ -117.889334682999959, 34.121487959000035 ], [ -117.88928899299998, 34.123726206000072 ], [ -117.888159346999942, 34.123728592000077 ], [ -117.88815541699995, 34.124399347000065 ], [ -117.88928088199998, 34.124421553000047 ], [ -117.889272442999982, 34.124752158000035 ], [ -117.887863167999967, 34.124756381000054 ], [ -117.887876206999977, 34.125011333000032 ], [ -117.887920897999948, 34.125010947000078 ], [ -117.887921272999961, 34.125139294000064 ], [ -117.884858348999956, 34.125126228000056 ], [ -117.884850324999945, 34.126884240000038 ], [ -117.897622326999965, 34.13667261300003 ], [ -117.898374733999958, 34.136699459000056 ], [ -117.898357849999968, 34.13894567400007 ], [ -117.897544922999941, 34.138945573000058 ], [ -117.897625776999973, 34.139198850000071 ], [ -117.897767656999974, 34.13954022300004 ], [ -117.897757215999945, 34.13985948900006 ], [ -117.896966454999983, 34.139856432000045 ], [ -117.896447067999986, 34.139854422000042 ], [ -117.896346980999965, 34.14001010100003 ], [ -117.896329668999954, 34.140196248000052 ], [ -117.896469034999939, 34.140152525000076 ], [ -117.896587197999963, 34.140123678000066 ], [ -117.896738850999952, 34.140100731000075 ], [ -117.896838375999948, 34.140100376000078 ], [ -117.896966452999948, 34.140127024000037 ], [ -117.897176639999941, 34.140170758000068 ], [ -117.897381884999959, 34.140280625000059 ], [ -117.897669348999955, 34.140542511000035 ], [ -117.897849605999966, 34.140707622000036 ], [ -117.8979953, 34.140828515000067 ], [ -117.898169339, 34.141040647000068 ], [ -117.898253586999942, 34.141181493000033 ], [ -117.898337159, 34.141322312000057 ], [ -117.898339549999946, 34.141630856000063 ], [ -117.895341889999941, 34.141636504000076 ], [ -117.895354152999971, 34.142611879000071 ], [ -117.895318415999952, 34.146665977000055 ], [ -117.895317529999943, 34.146766468000067 ], [ -117.896210947999975, 34.146754798000075 ], [ -117.897620271999983, 34.146736374000056 ], [ -117.897674561999963, 34.146734134000042 ], [ -117.898938770999962, 34.146717016000025 ], [ -117.889030737999974, 34.157763483000053 ], [ -117.889061125999945, 34.156229292000035 ], [ -117.888993461999974, 34.156217462000029 ], [ -117.888835425999957, 34.156255891000058 ], [ -117.888722093999945, 34.156305194000026 ], [ -117.888596464999978, 34.156378747000076 ], [ -117.888452333999965, 34.156444775000068 ], [ -117.888273624999954, 34.156511609000063 ], [ -117.887995370999988, 34.156590046000076 ], [ -117.887725226999976, 34.156646307000074 ], [ -117.887560979999989, 34.156675470000039 ], [ -117.887407275999976, 34.156675805000077 ], [ -117.887221968999938, 34.156672569000079 ], [ -117.88708244999998, 34.15666223900007 ], [ -117.886857708999969, 34.156639344000041 ], [ -117.886652419999962, 34.156608255000037 ], [ -117.886460760999967, 34.156620512000075 ], [ -117.886197099999947, 34.156670286000065 ], [ -117.88607755299995, 34.156721578000031 ], [ -117.88591882999998, 34.156793746000062 ], [ -117.885781711999982, 34.156889331000059 ], [ -117.885562457, 34.157033266000042 ], [ -117.885391693999964, 34.157170222000047 ], [ -117.885273605999942, 34.157298121000053 ], [ -117.885103102999949, 34.157464355000059 ], [ -117.885003671, 34.157541251000055 ], [ -117.884853317999955, 34.157620522000059 ], [ -117.884753487999944, 34.157670385000074 ], [ -117.884675266999977, 34.157732407000026 ], [ -117.884516938, 34.157831606000059 ], [ -117.884305794999989, 34.157942107000054 ], [ -117.884114630999989, 34.158080460000065 ], [ -117.883955900999979, 34.158163882000053 ], [ -117.88381878399997, 34.158236951000049 ], [ -117.883667202999959, 34.158347688000049 ], [ -117.883613694999951, 34.158415244000025 ], [ -117.883582037999986, 34.158569268000065 ], [ -117.883490148999954, 34.158700512000053 ], [ -117.883411532999958, 34.158724242000062 ], [ -117.883312787999955, 34.158756138000058 ], [ -117.88318000199996, 34.158802370000046 ], [ -117.883060976999957, 34.158889701000078 ], [ -117.882957073999989, 34.158995678000053 ], [ -117.882832232999988, 34.159112034000032 ], [ -117.882712800999968, 34.159206103000031 ], [ -117.882561222999982, 34.159294325000076 ], [ -117.882429783999953, 34.15935187000008 ], [ -117.882284023999944, 34.159411066000075 ], [ -117.882065325999974, 34.159478471000057 ], [ -117.881940372999964, 34.159518275000039 ], [ -117.881795831999966, 34.159568517000025 ], [ -117.881590639999956, 34.159636484000032 ], [ -117.881505794999953, 34.15969597600008 ], [ -117.881380541999988, 34.159819068000047 ], [ -117.881243128999984, 34.159952909000026 ], [ -117.88113058, 34.160056269000052 ], [ -117.880999243999952, 34.160190364000073 ], [ -117.880893330999982, 34.160239969000031 ], [ -117.880687855999952, 34.160334940000041 ], [ -117.880438756, 34.160423583000068 ], [ -117.88025962599994, 34.160497142000054 ], [ -117.880094139, 34.160569019000036 ], [ -117.879903929999955, 34.160646616000065 ], [ -117.879830437999942, 34.160686319000035 ], [ -117.879719512999941, 34.160773986000038 ], [ -117.879600750999941, 34.160868080000057 ], [ -117.879475768999953, 34.160975422000035 ], [ -117.879343494999944, 34.161080207000055 ], [ -117.87921162899994, 34.161178255000038 ], [ -117.879073534999975, 34.161312064000072 ], [ -117.878982867, 34.161400578000041 ], [ -117.878904338999973, 34.161534628000027 ], [ -117.87883782199998, 34.161693946000071 ], [ -117.878779417999965, 34.161831089000032 ], [ -117.878694801, 34.161987397000075 ], [ -117.878582513999959, 34.162097520000032 ], [ -117.878425523999965, 34.162185511000075 ], [ -117.878325681999968, 34.162246623000044 ], [ -117.878200161999985, 34.162340433000054 ], [ -117.878156324999964, 34.162527715000067 ], [ -117.878136693999977, 34.162639464000051 ], [ -117.878131394999969, 34.16271578900006 ], [ -117.878086092, 34.162848977000067 ], [ -117.877992735999953, 34.162903607000032 ], [ -117.877907748999974, 34.162965341000074 ], [ -117.877914334999957, 34.16304666700006 ], [ -117.877921450999963, 34.163152780000075 ], [ -117.877849804, 34.163296123000066 ], [ -117.877738735999969, 34.163386034000041 ], [ -117.87756795699994, 34.163500461000069 ], [ -117.877474556999971, 34.163656402000072 ], [ -117.877389967999989, 34.163733912000055 ], [ -117.877271207999968, 34.163805490000072 ], [ -117.877165964999961, 34.163855118000072 ], [ -117.877099609999959, 34.163933391000057 ], [ -117.877040141999942, 34.164020958000037 ], [ -117.876936894999972, 34.164138212000069 ], [ -117.876864190999981, 34.164220722000039 ], [ -117.876679257999967, 34.164255758000024 ], [ -117.876572563999957, 34.164217522000058 ], [ -117.876446295, 34.164155951000055 ], [ -117.876359196999942, 34.164096021000034 ], [ -117.876293711999949, 34.16403699500006 ], [ -117.876198795999983, 34.163938464000069 ], [ -117.876119545, 34.163849593000066 ], [ -117.876052707999975, 34.163790510000069 ], [ -117.876032749, 34.163717631000054 ], [ -117.876025109999944, 34.163575473000037 ], [ -117.876037857999961, 34.163454432000037 ], [ -117.876063841999951, 34.163338448000047 ], [ -117.876016065999977, 34.163244140000074 ], [ -117.875989221999987, 34.163161967000065 ], [ -117.875894977999963, 34.163074720000054 ], [ -117.875704007999957, 34.163019446000078 ], [ -117.875584743, 34.163009951000049 ], [ -117.875484809999989, 34.162960739000027 ], [ -117.875443777999976, 34.162889229000029 ], [ -117.875423702999967, 34.162773567000045 ], [ -117.875436839999963, 34.162690816000065 ], [ -117.87540219899995, 34.16252501300005 ], [ -117.875341451999986, 34.162443672000052 ], [ -117.875247913999942, 34.162288914000044 ], [ -117.875121133999983, 34.162168784000073 ], [ -117.875012562999984, 34.162105703000066 ], [ -117.875012174999938, 34.162067412000056 ], [ -117.874966401999984, 34.162029474000065 ], [ -117.874895233999951, 34.161997227000029 ], [ -117.874819877, 34.161967054000058 ], [ -117.87474343699995, 34.161943591000067 ], [ -117.874663484999985, 34.161922232000052 ], [ -117.874583935999965, 34.16190539300004 ], [ -117.87450262699997, 34.161895234000042 ], [ -117.874405648999982, 34.161886672000037 ], [ -117.87426678199995, 34.16192138100007 ], [ -117.874049037999953, 34.16193928000007 ], [ -117.873864659999981, 34.161954073000061 ], [ -117.873672993999946, 34.161955052000053 ], [ -117.873401071999979, 34.162006702000042 ], [ -117.873189946999958, 34.162027128000034 ], [ -117.873064725999939, 34.162048899000069 ], [ -117.872914747999971, 34.162155187000053 ], [ -117.872815963999983, 34.162254614000062 ], [ -117.872725279999941, 34.162365635000072 ], [ -117.872639589999949, 34.162483621000035 ], [ -117.872554997999941, 34.16256112800005 ], [ -117.872470282999984, 34.162618366000061 ], [ -117.872372848999987, 34.162717849000046 ], [ -117.872353613999962, 34.162834115000067 ], [ -117.87236155, 34.162904241000035 ], [ -117.872357177999959, 34.163009872000032 ], [ -117.872324043999981, 34.163098539000032 ], [ -117.872285511999962, 34.163175725000031 ], [ -117.872221578999984, 34.163269855000067 ], [ -117.87212926899997, 34.163385312000059 ], [ -117.871926473999963, 34.16349163700005 ], [ -117.87180826599996, 34.163531712000065 ], [ -117.871729368, 34.163559925000072 ], [ -117.871609133999982, 34.163599916000067 ], [ -117.871491976999948, 34.163700822000067 ], [ -117.871342080999966, 34.163906172000054 ], [ -117.871194597999988, 34.164149896000026 ], [ -117.871128237999983, 34.164228165000054 ], [ -117.87105755999994, 34.164299500000027 ], [ -117.871005392999962, 34.164355850000049 ], [ -117.871026829999948, 34.164437798000051 ], [ -117.870986933999973, 34.164537439000071 ], [ -117.870843703, 34.164644005000071 ], [ -117.87067955699996, 34.164704669000059 ], [ -117.870494195999981, 34.164780203000078 ], [ -117.870415962999971, 34.164830957000049 ], [ -117.870312042999956, 34.164925663000076 ], [ -117.8702065, 34.165024803000051 ], [ -117.870060484999954, 34.16502093500003 ], [ -117.860407381999948, 34.164998719000039 ], [ -117.855124786999966, 34.164999674000057 ], [ -117.847529540999972, 34.164963855000053 ], [ -117.845422281999959, 34.16496743600004 ], [ -117.845167934999949, 34.164974736000033 ], [ -117.837500340999952, 34.16498252100007 ], [ -117.836181502999978, 34.164992177000045 ], [ -117.835249375999979, 34.165000126000052 ], [ -117.828165986999977, 34.165054484000052 ], [ -117.819216864999987, 34.165182560000062 ], [ -117.819347701999959, 34.159188340000071 ], [ -117.819393053999988, 34.157231614000068 ], [ -117.819552775999966, 34.150531701000034 ], [ -117.810756995999952, 34.150481109000054 ], [ -117.810749440999984, 34.152988743000037 ], [ -117.810734022999952, 34.15482965800004 ], [ -117.810484124999959, 34.15487534600004 ], [ -117.810345926999958, 34.154910011000027 ], [ -117.81025952899995, 34.154994149000061 ], [ -117.810148809999987, 34.155088512000077 ], [ -117.809998762999953, 34.155205973000079 ], [ -117.809767826999973, 34.155317751000041 ], [ -117.809617184999979, 34.155367647000048 ], [ -117.809432518999984, 34.155409345000066 ], [ -117.809127788999945, 34.155454956000028 ], [ -117.808837155, 34.155458391000025 ], [ -117.808618629999955, 34.155467134000048 ], [ -117.80830141499996, 34.155451430000028 ], [ -117.808128970999974, 34.155437362000043 ], [ -117.807969165999964, 34.155471108000029 ], [ -117.807740127999978, 34.155573957000058 ], [ -117.807514906999984, 34.155647703000056 ], [ -117.807337129999951, 34.155687438000029 ], [ -117.807053604999965, 34.155729442000052 ], [ -117.806815885999981, 34.155753127000025 ], [ -117.806637144999968, 34.155808580000041 ], [ -117.805736798999988, 34.15577488100007 ], [ -117.805556637999985, 34.15577624000008 ], [ -117.805419469999947, 34.155849216000036 ], [ -117.805335215999946, 34.15594244600004 ], [ -117.80522376, 34.156081798000059 ], [ -117.805047726999987, 34.156236422000063 ], [ -117.804823382999984, 34.156361978000064 ], [ -117.804633777999982, 34.15646199300005 ], [ -117.80446201999996, 34.156547007000029 ], [ -117.80429034499997, 34.156564484000057 ], [ -117.804031900999973, 34.156528750000064 ], [ -117.803879190999965, 34.156502006000039 ], [ -117.803686533999951, 34.156453304000024 ], [ -117.803506980999941, 34.156400656000073 ], [ -117.803274637999948, 34.156336760000045 ], [ -117.803102609999939, 34.156315950000078 ], [ -117.802672753999957, 34.156304453000075 ], [ -117.802419545999953, 34.156293702000028 ], [ -117.802188576999981, 34.156317664000028 ], [ -117.802037406999943, 34.156354019000048 ], [ -117.801938889999974, 34.156403866000062 ], [ -117.801820949999978, 34.15653843900003 ], [ -117.801736677999941, 34.15664292200006 ], [ -117.801672015999941, 34.156725725000058 ], [ -117.801553798999976, 34.156864787000075 ], [ -117.801488751999955, 34.156931815000064 ], [ -117.801423733999968, 34.156976331000067 ], [ -117.801324859999966, 34.156987890000039 ], [ -117.801144958999942, 34.156996009000068 ], [ -117.801018706999969, 34.15697939000006 ], [ -117.80090583599997, 34.156954334000034 ], [ -117.80077352099994, 34.156926201000033 ], [ -117.80064103899997, 34.156922826000027 ], [ -117.800455352999961, 34.156914939000046 ], [ -117.80036999899994, 34.156915816000037 ], [ -117.800289078999981, 34.156932640000036 ], [ -117.800214898999968, 34.156961007000064 ], [ -117.800147992999939, 34.157003190000069 ], [ -117.800094850999983, 34.157052713000041 ], [ -117.800052637999954, 34.157111705000034 ], [ -117.800027565, 34.157178178000038 ], [ -117.800017347999983, 34.157245282000076 ], [ -117.800023197999963, 34.157315321000056 ], [ -117.800047691999964, 34.157379397000057 ], [ -117.800085293999985, 34.157439529000044 ], [ -117.800112612999953, 34.157512731000054 ], [ -117.800212856999963, 34.157589031000043 ], [ -117.800320252999938, 34.157670136000036 ], [ -117.800374458999954, 34.157735475000038 ], [ -117.800448018999987, 34.157871426000042 ], [ -117.800443173999952, 34.15796127200008 ], [ -117.800431038999989, 34.158048557000029 ], [ -117.800387384999965, 34.158175026000038 ], [ -117.800302651999971, 34.158320011000058 ], [ -117.800179027999945, 34.158458842000073 ], [ -117.800107289999971, 34.158579617000044 ], [ -117.799923737999961, 34.158691137000062 ], [ -117.799859362999939, 34.15875819200005 ], [ -117.799773596999955, 34.15886486200003 ], [ -117.799728250999976, 34.158941730000038 ], [ -117.799657143, 34.159096299000055 ], [ -117.799586737999959, 34.159228386000052 ], [ -117.799522563999972, 34.159347229000048 ], [ -117.799495587999957, 34.159422627000026 ], [ -117.799471513999947, 34.159549927000057 ], [ -117.79944070199997, 34.159665686000039 ], [ -117.799402402999988, 34.159826151000061 ], [ -117.799378052999941, 34.159957943000052 ], [ -117.799358704999975, 34.16008544400006 ], [ -117.799353597, 34.160168525000074 ], [ -117.799361717999943, 34.160256670000024 ], [ -117.799395927999967, 34.16032791400005 ], [ -117.799463623999941, 34.160405082000068 ], [ -117.799511077999966, 34.160470135000025 ], [ -117.799510987999952, 34.160537670000053 ], [ -117.799472148999939, 34.160596804000079 ], [ -117.799401462999981, 34.160634324000057 ], [ -117.79932069399996, 34.160637646000055 ], [ -117.79923467499998, 34.160627237000028 ], [ -117.799069114999952, 34.160611197000037 ], [ -117.79885737799998, 34.160586441000078 ], [ -117.79867246699996, 34.160598845000038 ], [ -117.798579328999949, 34.160660175000032 ], [ -117.79841578199995, 34.160754533000045 ], [ -117.798231103999967, 34.160895270000026 ], [ -117.798108147999983, 34.161034126000061 ], [ -117.798016024, 34.161145027000032 ], [ -117.797939093999958, 34.161306102000026 ], [ -117.797889081, 34.161436802000026 ], [ -117.797843655999941, 34.161569948000079 ], [ -117.797786305999978, 34.161731855000028 ], [ -117.797741249999945, 34.161892033000072 ], [ -117.797632304999979, 34.162056249000045 ], [ -117.797474109999939, 34.162184602000025 ], [ -117.797297561, 34.16230317000003 ], [ -117.797211940999944, 34.162396335000039 ], [ -117.797147883999969, 34.162524187000031 ], [ -117.797037430999978, 34.162701846000061 ], [ -117.796947021999983, 34.162839834000067 ], [ -117.796855491999963, 34.163007041000071 ], [ -117.796779354999956, 34.163177154000039 ], [ -117.796702480999954, 34.16339226100007 ], [ -117.796627217999969, 34.163614189000043 ], [ -117.796562159999951, 34.163780270000075 ], [ -117.796544172999972, 34.163896572000056 ], [ -117.796495412999946, 34.16419391900007 ], [ -117.796430338999983, 34.164371256000038 ], [ -117.796387655999979, 34.164569806000031 ], [ -117.796324008999989, 34.164789977000055 ], [ -117.796207398999968, 34.164924599000074 ], [ -117.790487514999938, 34.164960430000065 ], [ -117.784475392, 34.16499254200005 ], [ -117.784691008999971, 34.164954454000053 ], [ -117.781753657999957, 34.164959827000075 ], [ -117.781773994, 34.150482797000052 ], [ -117.781577367999944, 34.150487923000071 ], [ -117.780110262999983, 34.150513171000057 ], [ -117.774873174, 34.150607171000047 ], [ -117.773708817999989, 34.150640763000069 ], [ -117.771580301999961, 34.15066693600005 ], [ -117.771564772999966, 34.15066627300007 ], [ -117.770438801999944, 34.150681211000062 ], [ -117.766838037999946, 34.150750204000076 ], [ -117.765653868999948, 34.150764861000027 ], [ -117.764668209999968, 34.150776740000026 ], [ -117.764779142999942, 34.157681549000074 ], [ -117.757648515999961, 34.157736553000063 ], [ -117.757623058999968, 34.153241998000055 ], [ -117.758190277999972, 34.152019105000079 ], [ -117.758167986999979, 34.150827246000063 ], [ -117.750011339999958, 34.150867156000061 ], [ -117.749517109999942, 34.150868471000024 ], [ -117.749506606999944, 34.154812165000067 ], [ -117.749485624999977, 34.158291658000053 ], [ -117.749473472999966, 34.158291136000059 ], [ -117.727879272999985, 34.158173325000064 ], [ -117.714788244999966, 34.158106240000052 ], [ -117.711614372999975, 34.158045684000058 ], [ -117.707120692999979, 34.157959494000067 ], [ -117.703022273999977, 34.157885742000076 ], [ -117.697629506999988, 34.157769290000033 ], [ -117.693741241999987, 34.157810134000044 ], [ -117.687576271999944, 34.157896125000036 ], [ -117.679664736999939, 34.157993685000065 ], [ -117.679707768999947, 34.157912264000061 ], [ -117.679670041999941, 34.157930884000052 ], [ -117.677625846999945, 34.161930052000059 ], [ -117.644519857999967, 34.161973753000041 ], [ -117.64455886199994, 34.16504593600007 ], [ -117.636114302999943, 34.165000234000047 ], [ -117.635987409999984, 34.168857510000066 ], [ -117.631924055999946, 34.168834643000025 ], [ -117.631900415999951, 34.172523101000024 ], [ -117.631724444999975, 34.172522134000076 ], [ -117.627182094999966, 34.172523105000039 ], [ -117.627298434999943, 34.165045693000025 ], [ -117.625011933999986, 34.165008312000055 ], [ -117.625011637999989, 34.165055572000028 ], [ -117.625011874999984, 34.165105105000066 ], [ -117.60949345399996, 34.165010003000077 ], [ -117.609525810999969, 34.169758860000059 ], [ -117.609526015999961, 34.16977687800005 ], [ -117.609543170999984, 34.17236407200005 ], [ -117.60722068299998, 34.172378784000045 ], [ -117.600819662999982, 34.172416137000027 ], [ -117.600710920999973, 34.16490643000003 ], [ -117.595029321999959, 34.164903215000038 ], [ -117.593666016999975, 34.164901515000054 ], [ -117.593705291999981, 34.169549341000049 ], [ -117.593710331999944, 34.170179847000043 ], [ -117.592270975999952, 34.17023329400007 ], [ -117.592265314999963, 34.172607861000074 ], [ -117.587826093999979, 34.172670441000037 ], [ -117.587874522, 34.179358066000077 ], [ -117.587286462999941, 34.179363565000074 ], [ -117.586939093999945, 34.179363952000074 ], [ -117.586888312999974, 34.179363956000032 ], [ -117.583443197999941, 34.179387052000038 ], [ -117.58337043299997, 34.175831754000058 ], [ -117.579054878999955, 34.175768921000042 ], [ -117.579041959, 34.179327169000032 ], [ -117.578683647999981, 34.179329299000074 ], [ -117.574544323999987, 34.179366396000034 ], [ -117.574640153999951, 34.172968841000056 ], [ -117.57464134199995, 34.172908117000077 ], [ -117.574760911999988, 34.164978690000055 ], [ -117.561648319999961, 34.164945845000034 ], [ -117.56160024899998, 34.164945958000033 ], [ -117.522611, 34.164838747000033 ], [ -117.522610947999965, 34.164849998000079 ], [ -117.522512509999956, 34.169054803000051 ], [ -117.500012439999978, 34.169008791000067 ], [ -117.500011350999955, 34.168817416000024 ], [ -117.487320157999989, 34.168676148000031 ], [ -117.487242415999958, 34.172359563000043 ], [ -117.478559143999973, 34.172312352000063 ], [ -117.470171669999957, 34.172266637000064 ], [ -117.470138648999978, 34.175823726000033 ], [ -117.456811875999961, 34.175772020000068 ], [ -117.456797035999955, 34.177711557000066 ], [ -117.452887490999956, 34.177790925000068 ], [ -117.452811484999984, 34.154705345000025 ], [ -117.452793268999983, 34.135784143000024 ], [ -117.400185760999989, 34.135810323000044 ], [ -117.400178771999947, 34.134729646000039 ], [ -117.400154779, 34.131226390000052 ], [ -117.400145748999989, 34.129900289000034 ], [ -117.400134644, 34.128267992000076 ], [ -117.400113027999964, 34.12501467800007 ], [ -117.400153647999957, 34.125014286000066 ], [ -117.400198988999989, 34.125014109000062 ], [ -117.400193248999983, 34.123924486000078 ], [ -117.400035485999979, 34.092089495000039 ], [ -117.399963346, 34.077699437000035 ], [ -117.400020796999968, 34.077699813000038 ], [ -117.434768221999946, 34.077678681000066 ], [ -117.434768160999965, 34.077494113000057 ], [ -117.434747161999951, 34.06421797400003 ], [ -117.43474675799996, 34.064193196000076 ], [ -117.434721796999952, 34.048281194000026 ], [ -117.470515785999964, 34.048051360000045 ], [ -117.470329473, 34.033615032000057 ], [ -117.470298326999966, 34.033615879000024 ], [ -117.460889692999956, 34.033616461000065 ], [ -117.455367783999975, 34.03359862800005 ], [ -117.452920261999964, 34.033602678000079 ], [ -117.452859466999939, 34.033602177000034 ], [ -117.452830344999938, 34.033603110000058 ], [ -117.451933555999972, 34.033591781000041 ], [ -117.450494952999975, 34.033639195000035 ], [ -117.450440222999987, 34.033638968000048 ], [ -117.448165831999972, 34.033713783000053 ], [ -117.439820834999978, 34.033821677000049 ], [ -117.434857214999965, 34.033886756000072 ], [ -117.423545237999974, 34.034088356000041 ], [ -117.419143232999943, 34.034133328000053 ], [ -117.417700026999967, 34.034117120000076 ], [ -117.409925322, 34.034032855000078 ], [ -117.407754666999949, 34.034010356000067 ], [ -117.400911987999962, 34.033844247000047 ], [ -117.40070454, 34.033843772000068 ], [ -117.399803026999962, 34.033843096000055 ], [ -117.396461032, 34.03384339400003 ], [ -117.394990410999981, 34.033843670000067 ], [ -117.391193639, 34.033843281000031 ], [ -117.389973744999963, 34.033843717000025 ], [ -117.384018202, 34.033877061000055 ], [ -117.379106606, 34.033831956000029 ], [ -117.377778843999977, 34.033818319000034 ], [ -117.375011711999946, 34.03379263000005 ], [ -117.37472461599998, 34.033790707000037 ], [ -117.374727419999942, 34.032105054000056 ], [ -117.374749183999938, 34.019250001000046 ], [ -117.37332751699995, 34.019270279000068 ], [ -117.365132787999983, 34.019380007000052 ], [ -117.364072424999961, 34.019403281000052 ], [ -117.361947424, 34.019422597000073 ], [ -117.358643332999975, 34.019380865000073 ], [ -117.350392914999986, 34.019322733000024 ], [ -117.347872973, 34.019296591000057 ], [ -117.312871069999971, 34.019268820000036 ], [ -117.295515484999953, 34.019182518000036 ], [ -117.287066483999979, 34.018908289000024 ], [ -117.286956462999967, 34.01193986100003 ], [ -117.286944502999972, 34.01114259700006 ], [ -117.287666207999962, 33.99735944300005 ], [ -117.296224355999982, 33.997479861000045 ], [ -117.295548149999945, 33.961026421000042 ], [ -117.28982758799998, 33.960859296000024 ], [ -117.284647974999984, 33.960660843000028 ], [ -117.280135069999972, 33.960488757000064 ], [ -117.278887178, 33.960430564000035 ], [ -117.278313472999969, 33.960437564000074 ], [ -117.278263426999956, 33.965796086000068 ], [ -117.278233235999949, 33.969391088000066 ], [ -117.278145075999987, 33.972652551000067 ], [ -117.278119474999983, 33.975113479000072 ], [ -117.272514098999977, 33.975259188000052 ], [ -117.269324027999971, 33.975328472000058 ], [ -117.269377621999979, 33.979046645000039 ], [ -117.278138106999961, 33.979046092000033 ], [ -117.278121931999976, 33.982421191000071 ], [ -117.275850697999942, 33.982420974000036 ], [ -117.275944759999959, 33.986183809000067 ], [ -117.272714555999983, 33.986231032000035 ], [ -117.26943253099995, 33.986255492000055 ], [ -117.269528381999976, 33.989786593000076 ], [ -117.268748221999942, 33.989797392000071 ], [ -117.26778477199997, 33.989801868000029 ], [ -117.267478681999989, 33.989292437000074 ], [ -117.267325089999986, 33.988965677000067 ], [ -117.267170919999955, 33.988607383000044 ], [ -117.267062768999949, 33.988237737000077 ], [ -117.26695402699994, 33.987856811000029 ], [ -117.266814412999963, 33.987332657000024 ], [ -117.266712708999989, 33.986837280000032 ], [ -117.266427959999987, 33.986322093000069 ], [ -117.266180898999949, 33.986049478000041 ], [ -117.265887110999984, 33.985738667000078 ], [ -117.265656843999977, 33.985527600000069 ], [ -117.265436100999977, 33.985285470000065 ], [ -117.265246421999962, 33.985123562000069 ], [ -117.264480215999981, 33.984507085000075 ], [ -117.263216049999983, 33.983543231000056 ], [ -117.262233494999975, 33.982770335000055 ], [ -117.258700481999938, 33.98284353300005 ], [ -117.255577101999961, 33.98293131500003 ], [ -117.253728619999947, 33.982961738000029 ], [ -117.253689956999949, 33.979143022000073 ], [ -117.251788310999984, 33.979161927000064 ], [ -117.25031054699997, 33.979124158000047 ], [ -117.250013433, 33.979123730000026 ], [ -117.246702589999984, 33.97906972100003 ], [ -117.242722581999942, 33.979024718000062 ], [ -117.242654133999963, 33.982941905000075 ], [ -117.238753617999976, 33.982837478000079 ], [ -117.232570432999978, 33.982643592000045 ], [ -117.228036579, 33.982518035000055 ], [ -117.225014334999969, 33.98242975200003 ], [ -117.225181670999973, 33.979854070000044 ], [ -117.225349481999956, 33.977300914000068 ], [ -117.225495910999939, 33.975241858000061 ], [ -117.224697985999967, 33.975238040000079 ], [ -117.223364963, 33.975238271000023 ], [ -117.221483533999958, 33.975239653000074 ], [ -117.219232383999952, 33.975246084000048 ], [ -117.215879810999979, 33.975243288000058 ], [ -117.210995434999973, 33.975244616000055 ], [ -117.207654157999968, 33.975264630000027 ], [ -117.205741432999957, 33.975259790000052 ], [ -117.201741270999946, 33.975307020000059 ], [ -117.196769748999941, 33.975368916000036 ], [ -117.193607107, 33.975403749000066 ], [ -117.190300950999983, 33.975433950000024 ], [ -117.187699623999947, 33.975486217000025 ], [ -117.185610987999951, 33.975506477000067 ], [ -117.18490148799998, 33.975513342000056 ], [ -117.181942919, 33.975546295000072 ], [ -117.179105145, 33.975580407000052 ], [ -117.174543147999941, 33.97563832700007 ], [ -117.172581997999941, 33.975650916000063 ], [ -117.172372422999956, 33.975654459000054 ], [ -117.172355595999989, 33.975653659000045 ], [ -117.171896217999972, 33.975656581000067 ], [ -117.169811878999951, 33.975634016000072 ], [ -117.167144208999957, 33.97559042000006 ], [ -117.163910429999987, 33.975560332000043 ], [ -117.159330108999939, 33.975502037000069 ], [ -117.154501058999983, 33.975447465000059 ], [ -117.154648532999943, 33.973604677000026 ], [ -117.155035907999945, 33.96808044200003 ], [ -117.155060447999972, 33.967732801000068 ], [ -117.155554595999945, 33.961005191000027 ], [ -117.153620225999987, 33.961016519000054 ], [ -117.150367252999956, 33.961018943000056 ], [ -117.146803974999955, 33.961017722000065 ], [ -117.146904006999989, 33.957115849000047 ], [ -117.14695618099995, 33.953713523000033 ], [ -117.144786687999954, 33.953690996000034 ], [ -117.142450232999977, 33.953671708000059 ], [ -117.14245200299996, 33.951927759000057 ], [ -117.14246725299995, 33.950026927000067 ], [ -117.140243016999989, 33.950026464000075 ], [ -117.138106100999948, 33.950032383000064 ], [ -117.138140255999986, 33.948319241000036 ], [ -117.138175588999957, 33.946471133000045 ], [ -117.134108135999952, 33.946625511000036 ], [ -117.129237027999977, 33.946795301000066 ], [ -117.125011219999976, 33.94692604100004 ], [ -117.122833457999945, 33.947026505000053 ], [ -117.120529257999976, 33.947100614000078 ], [ -117.120540076999987, 33.946180746000039 ], [ -117.120536967999954, 33.944083287000069 ], [ -117.120541901999957, 33.939452337000034 ], [ -117.120550737999963, 33.935057861000075 ], [ -117.120547315999943, 33.932915378000075 ], [ -117.119458251999959, 33.932833932000051 ], [ -117.11682505899995, 33.93270319800007 ], [ -117.113775654, 33.93252093500007 ], [ -117.112026778999962, 33.932387514000027 ], [ -117.111060954999971, 33.932417672000042 ], [ -117.107845936, 33.932454595000024 ], [ -117.104869302999987, 33.932460129000049 ], [ -117.10259668499998, 33.93251293600008 ], [ -117.102612455999974, 33.929572544000052 ], [ -117.102628658999947, 33.925171725000041 ], [ -117.097683380999968, 33.925125222000077 ], [ -117.093690252999977, 33.925108603000069 ], [ -117.093671892999964, 33.921057192000035 ], [ -117.093681400999969, 33.917918494000048 ], [ -117.089224899999977, 33.917933450000078 ], [ -117.084742505999941, 33.917942494000044 ], [ -117.084734340999944, 33.914683697000044 ], [ -117.084722155999941, 33.910801380000066 ], [ -117.080226351999954, 33.910805132000064 ], [ -117.075731146999942, 33.910790744000053 ], [ -117.075759443999971, 33.906865398000036 ], [ -117.075778857999978, 33.903650708000043 ], [ -117.072120411999947, 33.90362933800003 ], [ -117.065197695999984, 33.903594077000037 ], [ -117.060360109999976, 33.903542334000065 ], [ -117.054907426999989, 33.903507861000037 ], [ -117.050208044999977, 33.903487160000054 ], [ -117.050268847999973, 33.908769136000046 ], [ -117.050340141, 33.914654682000048 ], [ -117.050397930999964, 33.917463515000065 ], [ -117.04779573199994, 33.917546590000029 ], [ -117.042024691, 33.917730066000047 ], [ -117.037124738999978, 33.917903843000033 ], [ -117.033362265999983, 33.918002225000066 ], [ -117.032985403999987, 33.918026653000027 ], [ -117.03231122699998, 33.918018619000065 ], [ -117.030436240999961, 33.917988173000026 ], [ -117.027881238999953, 33.91795610500003 ], [ -117.023750156999938, 33.917903487000046 ], [ -117.019913328999962, 33.917907823000064 ], [ -117.01603900799995, 33.917869706000033 ], [ -117.015264458, 33.91784993300007 ], [ -117.015213196, 33.917849683000043 ], [ -117.015272597999967, 33.912771693000025 ], [ -117.01532454, 33.907376064000061 ], [ -117.015343095999981, 33.903436919000058 ], [ -117.015373100999966, 33.90293209500004 ], [ -117.015584484999977, 33.89853206600003 ], [ -117.015747531999978, 33.895686798000042 ], [ -117.014184377, 33.89568033300003 ], [ -117.010375659999966, 33.895721798000068 ], [ -117.007417933999989, 33.895786695000027 ], [ -117.007391140999971, 33.892785926000045 ], [ -117.00737339899996, 33.889463825000064 ], [ -117.007386772999951, 33.888350650000064 ], [ -117.003559205999977, 33.888415753000061 ], [ -117.000012211999945, 33.888442696000027 ], [ -116.991299628999968, 33.888552059000062 ], [ -116.982100558999946, 33.888654946000031 ], [ -116.977612631999989, 33.888711603000047 ], [ -116.973432093999975, 33.888789938000059 ], [ -116.968320289999951, 33.888894372000038 ], [ -116.96416753699998, 33.888980501000049 ], [ -116.960303747999944, 33.889024454000037 ], [ -116.957155510999939, 33.889117014000078 ], [ -116.957078411999987, 33.889119969000035 ], [ -116.956787099999985, 33.889119127000072 ], [ -116.955615364999971, 33.889131184000064 ], [ -116.952187715999969, 33.889131103000068 ], [ -116.948183317999963, 33.889122739000072 ], [ -116.943661486999986, 33.889106715000025 ], [ -116.939811718999977, 33.889105706000066 ], [ -116.939322017999984, 33.889106277000053 ], [ -116.935313867, 33.889151305000041 ], [ -116.930737662999945, 33.889217614000074 ], [ -116.928353776999984, 33.889241465000055 ], [ -116.928271463999977, 33.889241893000076 ], [ -116.928244856, 33.886050028000056 ], [ -116.925199890999977, 33.886077120000039 ], [ -116.921131847999959, 33.88613222400005 ], [ -116.916332117999957, 33.886195928000063 ], [ -116.912314959999946, 33.886237507000033 ], [ -116.910740704999967, 33.886258419000058 ], [ -116.91070694299998, 33.886258994000059 ], [ -116.910590622999962, 33.881629459000067 ], [ -116.910524649999957, 33.879130929000041 ], [ -116.91065952799994, 33.87913087000004 ], [ -116.916305479999949, 33.879091308000056 ], [ -116.923783180999976, 33.879049913000074 ], [ -116.923947176999945, 33.875019231000067 ], [ -116.923932687999979, 33.870747962000053 ], [ -116.923891737999952, 33.864382859000045 ], [ -116.919369838999955, 33.864406505000034 ], [ -116.919383784, 33.85952915300004 ], [ -116.919421434999947, 33.85395771900005 ], [ -116.919414105999977, 33.851122332000045 ], [ -116.922181136999939, 33.851155806000065 ], [ -116.925824487999989, 33.851133564000065 ], [ -116.928214063999974, 33.851166231000036 ], [ -116.928213503999984, 33.853015730000038 ], [ -116.935583333999944, 33.852999638000028 ], [ -116.946366739999974, 33.852971410000066 ], [ -116.957235890999982, 33.852932943000042 ], [ -116.957239161999951, 33.849128220000068 ], [ -116.965037626999958, 33.849111157000038 ], [ -116.97266314999996, 33.849118858000054 ], [ -116.981207432999952, 33.849119355000028 ], [ -116.981218871999943, 33.845470226000032 ], [ -116.98005307699998, 33.84544459500006 ], [ -116.980039778999981, 33.842300533000071 ], [ -116.980008106999946, 33.838287028000025 ], [ -116.979972394999947, 33.833123517000047 ], [ -116.979966978, 33.830920390000074 ], [ -116.976161938999951, 33.830913881000072 ], [ -116.971183594999957, 33.830914931000052 ], [ -116.971143290999976, 33.828062077000027 ], [ -116.971105370999965, 33.823778276000041 ], [ -116.967181144, 33.823765656000035 ], [ -116.96154635, 33.82371610000007 ], [ -116.958236273999944, 33.823710874000028 ], [ -116.958177670999987, 33.822058684000069 ], [ -116.958026282, 33.818417361000058 ], [ -116.957952620999947, 33.815603391000025 ], [ -116.956456683999988, 33.815124809000054 ], [ -116.950448012999971, 33.813184327000045 ], [ -116.949341316999949, 33.812443567000059 ], [ -116.943701399999952, 33.808743385000071 ], [ -116.941590465, 33.807341050000048 ], [ -116.94001114799994, 33.806806416000029 ], [ -116.93585659699994, 33.805300945000056 ], [ -116.929997304999972, 33.803209390000063 ], [ -116.928028252, 33.802491107000037 ], [ -116.928086120999978, 33.805875763000074 ], [ -116.910502217999976, 33.805658164000079 ], [ -116.905276667999942, 33.805597100000057 ], [ -116.901354125999944, 33.805537488000027 ], [ -116.901279749999958, 33.802305063000063 ], [ -116.903432373999976, 33.802276875000075 ], [ -116.906976233999956, 33.802259137000078 ], [ -116.909925869999938, 33.802241099000071 ], [ -116.909899416999963, 33.799125785000058 ], [ -116.909860857999945, 33.795517121000046 ], [ -116.909816618999969, 33.791608927000027 ], [ -116.909796934999974, 33.787544449000052 ], [ -116.914515041999948, 33.787564380000049 ], [ -116.92149190799995, 33.787612598000067 ], [ -116.921427183999981, 33.786207636000029 ], [ -116.923453402999939, 33.784251298000072 ], [ -116.926157299999943, 33.781646648000049 ], [ -116.927581471999986, 33.780274740000038 ], [ -116.924152824999965, 33.777443549000054 ], [ -116.915982628999984, 33.770644950000076 ], [ -116.910235830999966, 33.765889682000079 ], [ -116.910188765999976, 33.765205600000058 ], [ -116.91017779799995, 33.765056557000037 ], [ -116.902644278999958, 33.765002697000057 ], [ -116.896474029999979, 33.764984553000033 ], [ -116.890274914999964, 33.764993911000033 ], [ -116.889872454999988, 33.764744414000063 ], [ -116.885091315999944, 33.761527774000058 ], [ -116.878996621999988, 33.75739735600007 ], [ -116.875012397999967, 33.754649774000029 ], [ -116.868101442999944, 33.750007975000074 ], [ -116.865930750999951, 33.748518262000061 ], [ -116.865693729999975, 33.748348945000032 ], [ -116.862025982999967, 33.745857516000058 ], [ -116.862008, 33.745845368000062 ], [ -116.862020959999938, 33.746624489000055 ], [ -116.862075016999938, 33.750011071000074 ], [ -116.862108021999973, 33.751790157000073 ], [ -116.862023162999947, 33.751790422000056 ], [ -116.857459270999982, 33.751810025000054 ], [ -116.857461468999986, 33.751139660000035 ], [ -116.857465377999972, 33.750012647000062 ], [ -116.857538819999945, 33.743943794000074 ], [ -116.857460676999949, 33.743944390000024 ], [ -116.848988444999975, 33.743923678000044 ], [ -116.840411335999988, 33.743901621000077 ], [ -116.840372265999974, 33.743901914000048 ], [ -116.840390688999946, 33.746046979000027 ], [ -116.835588186999985, 33.746038079000073 ], [ -116.835581210999976, 33.745385265000039 ], [ -116.835577775, 33.745020611000029 ], [ -116.83402966999995, 33.745014998000045 ], [ -116.831564814999979, 33.745006132000071 ], [ -116.831557268999973, 33.744549029000041 ], [ -116.831544687999951, 33.743862187000047 ], [ -116.831492758999957, 33.740856001000054 ], [ -116.831387079999956, 33.736854926000035 ], [ -116.832944316999942, 33.736825024000041 ], [ -116.834509766999986, 33.736793266000063 ], [ -116.834508534999941, 33.738235375000045 ], [ -116.833151865, 33.738228105000076 ], [ -116.833166069999947, 33.739173764000043 ], [ -116.833184508999977, 33.740360374000034 ], [ -116.835134105999941, 33.740361370000073 ], [ -116.837491291999982, 33.740349011000035 ], [ -116.840352620999965, 33.740366357000028 ], [ -116.840323020999961, 33.73676280400008 ], [ -116.840314082999953, 33.735592416000031 ], [ -116.840293073999987, 33.73310748800003 ], [ -116.840285538999979, 33.732123910000041 ], [ -116.840264077999962, 33.729551215000072 ], [ -116.841036117999977, 33.729542626000068 ], [ -116.844052864999981, 33.729509146000055 ], [ -116.844815195999956, 33.729504547000033 ], [ -116.849703371999965, 33.729470061000029 ], [ -116.859458358999973, 33.729455682000037 ], [ -116.866190764999942, 33.729424833000053 ], [ -116.866190483999958, 33.729391070000077 ], [ -116.866169918999958, 33.724833940000053 ], [ -116.866158096999982, 33.722227934000045 ], [ -116.866157311999984, 33.72214464700005 ], [ -116.866138823999961, 33.718613589000029 ], [ -116.861021057999949, 33.718666567000071 ], [ -116.857543692999968, 33.718670744000065 ], [ -116.857557711999959, 33.71508508200003 ], [ -116.862017003999938, 33.715051137000046 ], [ -116.86615328399995, 33.715016675000072 ], [ -116.866139842999985, 33.710075164000045 ], [ -116.866133335999962, 33.705017002000034 ], [ -116.866099323999947, 33.700702197000055 ], [ -116.872302849, 33.700658009000051 ], [ -116.875013102999958, 33.700662434000037 ], [ -116.875017992999972, 33.700480433000052 ], [ -116.880931983999972, 33.700401142000032 ], [ -116.892613983, 33.700441450000028 ], [ -116.904373988999964, 33.700578999000072 ], [ -116.914787761999946, 33.700723105000066 ], [ -116.925023167999939, 33.700859768000043 ], [ -116.927386297999988, 33.700902142000075 ], [ -116.92735208199997, 33.693934376000072 ], [ -116.927261451, 33.684504551000032 ], [ -116.927168, 33.675436843000057 ], [ -116.927155980999942, 33.671640460000049 ], [ -116.927117129999942, 33.664847972000075 ], [ -116.927103483999986, 33.659127741000077 ], [ -116.927105199999971, 33.656947552000076 ], [ -116.936388810999972, 33.656849247000025 ], [ -116.944570302999978, 33.65675679800006 ], [ -116.95438016199995, 33.656694243000061 ], [ -116.962943344999985, 33.656646294000041 ], [ -116.970292950999976, 33.656639587000029 ], [ -116.97673815099995, 33.656619707000061 ], [ -116.978836427999966, 33.656605305000028 ], [ -116.978850136999938, 33.660604413000044 ], [ -116.978891998, 33.663911865000046 ], [ -116.983503600999938, 33.663840246000063 ], [ -116.988412952999965, 33.663762735000034 ], [ -116.993020327999943, 33.663674798000045 ], [ -116.99627086199996, 33.663635301000056 ], [ -116.996319883999945, 33.667640679000044 ], [ -116.996375658999966, 33.670989348000035 ], [ -117.000012860999959, 33.671004620000076 ], [ -117.039879071999962, 33.67093576700006 ], [ -117.039826313, 33.663728065000043 ], [ -117.066414934999955, 33.663457049000044 ], [ -117.066424721999965, 33.656166730000052 ], [ -117.06642648899998, 33.655809026000043 ], [ -117.066363068999976, 33.654991383000038 ], [ -117.066224889999944, 33.652934754000057 ], [ -117.065886527999965, 33.647787899000036 ], [ -117.065587572999959, 33.643221256000061 ], [ -117.065496790999987, 33.642136767000068 ], [ -117.06547342999994, 33.641694595000047 ], [ -117.065446171999952, 33.641015959000072 ], [ -117.06541982799996, 33.637373797000066 ], [ -117.065334520999954, 33.630308430000071 ], [ -117.06532574199997, 33.626644613000053 ], [ -117.065316374999952, 33.625021737000054 ], [ -117.065302429999974, 33.617640273000063 ], [ -117.065285867999989, 33.612641690000032 ], [ -117.065322977, 33.609677659000056 ], [ -117.06554274399997, 33.598248012000056 ], [ -117.057677190999982, 33.598238151000032 ], [ -117.048093071999972, 33.598234827000056 ], [ -117.048006275999967, 33.605109540000058 ], [ -117.047915382999975, 33.61289989100004 ], [ -117.03999125699994, 33.612804973000038 ], [ -117.030828886999984, 33.612669823000033 ], [ -117.02637412699994, 33.612728506000053 ], [ -117.020490964999965, 33.612773981000032 ], [ -117.013274048999961, 33.612837647000049 ], [ -117.013279938999972, 33.618101056000057 ], [ -117.013250752999966, 33.625012127000048 ], [ -117.013133953999954, 33.627450125000053 ], [ -117.010864183999956, 33.627445576000071 ], [ -117.006748475999984, 33.627414214000055 ], [ -117.00217367, 33.62731311400006 ], [ -117.000011815999983, 33.627246113000069 ], [ -116.995899704999943, 33.62718305900006 ], [ -116.995870584999977, 33.633047734000058 ], [ -116.995871198999964, 33.642964096000071 ], [ -116.99605168, 33.649100005000037 ], [ -116.989948541, 33.649198385000034 ], [ -116.982421147999958, 33.649312388000055 ], [ -116.978701153999964, 33.64936010200006 ], [ -116.97859888399995, 33.644105606000039 ], [ -116.978571865, 33.642085942000051 ], [ -116.978565831999958, 33.639939047000041 ], [ -116.978599005999968, 33.635825227000055 ], [ -116.97865663999994, 33.63116807800003 ], [ -116.971947451999938, 33.631278762000079 ], [ -116.964367943999946, 33.631411695000054 ], [ -116.961255539999968, 33.631475185000056 ], [ -116.961269053999956, 33.628190735000032 ], [ -116.961347377999971, 33.625017465000042 ], [ -116.961473147, 33.621358255000075 ], [ -116.961657818999981, 33.614551820000031 ], [ -116.961794864999945, 33.609000846000072 ], [ -116.96189454599994, 33.605558613000028 ], [ -116.963916334999965, 33.605504641000039 ], [ -116.966193727999951, 33.605467651000026 ], [ -116.966216065999959, 33.602878899000075 ], [ -116.966283063, 33.598247007000055 ], [ -116.970678776999989, 33.598212341000078 ], [ -116.978128338999966, 33.598184994000064 ], [ -116.979502843999967, 33.598195884000063 ], [ -116.979599322999945, 33.594942444000026 ], [ -116.979680374999987, 33.591350735000049 ], [ -116.97978792899994, 33.587166292000063 ], [ -116.977853976999938, 33.587161841000068 ], [ -116.973773820999952, 33.587189723000051 ], [ -116.967148208999959, 33.587212186000045 ], [ -116.962173997999969, 33.587243176000072 ], [ -116.962216814999977, 33.584131166000077 ], [ -116.962265533, 33.580011411000044 ], [ -116.967298889999938, 33.579974286000038 ], [ -116.971153099, 33.57996255300003 ], [ -116.97121888199996, 33.576554632000068 ], [ -116.971269158999974, 33.57402348800008 ], [ -116.971296980999966, 33.572623041000043 ], [ -116.971253965999949, 33.572623189000069 ], [ -116.967461085999958, 33.572685198000045 ], [ -116.962395728, 33.572801792000064 ], [ -116.962396025999965, 33.572759055000063 ], [ -116.962399760999972, 33.569089363000046 ], [ -116.962412624999956, 33.563345548000029 ], [ -116.962424556999963, 33.558152957000061 ], [ -116.966394199999968, 33.558167216000072 ], [ -116.971109523999985, 33.558202048000055 ], [ -116.971082836, 33.554191084000024 ], [ -116.971056692, 33.550807921000057 ], [ -116.975442752, 33.550761214000033 ], [ -116.979738334999979, 33.550721184000054 ], [ -116.97973710399998, 33.550642370000048 ], [ -116.979691902999946, 33.546601228000043 ], [ -116.979632652999953, 33.542066629000033 ], [ -116.979596397999956, 33.539614498000049 ], [ -116.97962333199996, 33.539613561000067 ], [ -116.981936282999982, 33.53960040700008 ], [ -116.984008174999985, 33.539595703000032 ], [ -116.984008691999975, 33.53943372100008 ], [ -116.984027657999945, 33.536088732000053 ], [ -116.984033827999951, 33.532173842000077 ], [ -116.984034148999967, 33.532072603000074 ], [ -116.979543873999944, 33.532008837000035 ], [ -116.979518436999967, 33.532007595000039 ], [ -116.979485955999962, 33.529017875000079 ], [ -116.979479525999977, 33.528473036000037 ], [ -116.979492746999938, 33.527877404000037 ], [ -116.979504991999988, 33.526890207000065 ], [ -116.979584685999953, 33.524121969000078 ], [ -116.979594170999974, 33.523715163000077 ], [ -116.979664512999989, 33.520095930000025 ], [ -116.979786679999961, 33.513740850000033 ], [ -116.983411389999958, 33.513510342000075 ], [ -116.990121575999979, 33.51315549800006 ], [ -116.997244638999973, 33.512714608000067 ], [ -116.997180812999943, 33.510321866000027 ], [ -116.997121657999969, 33.507706588000076 ], [ -116.993854480999971, 33.507277633000058 ], [ -116.984260896999956, 33.50597788500005 ], [ -116.978785823999942, 33.505283399000064 ], [ -116.973424607999959, 33.504555979000031 ], [ -116.967492377999974, 33.50379592400003 ], [ -116.960416575999943, 33.502876133000029 ], [ -116.955593169999986, 33.502259765000076 ], [ -116.950633035999942, 33.501602759000036 ], [ -116.948093101999973, 33.501266748000035 ], [ -116.945158428999946, 33.500911321000046 ], [ -116.94117989199998, 33.500371838000035 ], [ -116.938610225, 33.500020673000051 ], [ -116.937601773999972, 33.499867647000031 ], [ -116.933450965999953, 33.499220455000057 ], [ -116.933428373999959, 33.499217095000063 ], [ -116.934052141999985, 33.497096724000073 ], [ -116.934234146999984, 33.496453160000044 ], [ -116.936510652999971, 33.488422141000058 ], [ -116.93686583799996, 33.487163818000056 ], [ -116.940035772999977, 33.476040023000053 ], [ -116.941111961999979, 33.472164269000075 ], [ -116.941929634999951, 33.469220833000065 ], [ -116.941945842999985, 33.469219377000059 ], [ -116.942207307999979, 33.46918495400007 ], [ -116.942738888999941, 33.469107528000052 ], [ -116.943513363999955, 33.468992511000067 ], [ -116.944519643999968, 33.468864106000069 ], [ -116.944897315, 33.468799372000035 ], [ -116.945129505999944, 33.46876125700004 ], [ -116.946500661999949, 33.468655224000031 ], [ -116.951187501, 33.468295367000053 ], [ -116.96094857199995, 33.467524298000058 ], [ -116.97062626099995, 33.466869872000075 ], [ -116.979649885999947, 33.466239039000072 ], [ -116.992165117999946, 33.465253153000049 ], [ -117.000012177999963, 33.464610809000078 ], [ -117.004250719999959, 33.464285612000026 ], [ -117.008666205999987, 33.463944097000024 ], [ -117.012939975999984, 33.463613552000027 ], [ -117.023314006999954, 33.470965506000027 ], [ -117.024673254, 33.471929097000043 ], [ -117.025614171999962, 33.472593417000041 ], [ -117.029959099999985, 33.475643264000041 ], [ -117.029979582999943, 33.475657755000043 ], [ -117.029969020999943, 33.474601910000047 ], [ -117.02996273399998, 33.473913049000032 ], [ -117.029976113999965, 33.473913697000057 ], [ -117.034474032999981, 33.473825029000068 ], [ -117.038626712999985, 33.473739782000052 ], [ -117.038540821999959, 33.470164575000069 ], [ -117.034232083999939, 33.470237792000034 ], [ -117.034251549999965, 33.466870200000074 ], [ -117.034252352999943, 33.466604716000063 ], [ -117.038147456, 33.466590280000048 ], [ -117.043023919999939, 33.466535296000075 ], [ -117.043026530999953, 33.466751441000042 ], [ -117.043071753999982, 33.469944410000039 ], [ -117.04321033399998, 33.469939842000031 ], [ -117.047380349999969, 33.469814618000044 ], [ -117.047390852999968, 33.466628828000069 ], [ -117.047391962999939, 33.466534372000069 ], [ -117.047392136999974, 33.466394868000066 ], [ -117.054933477999953, 33.466413808000027 ], [ -117.059396312999979, 33.466401264000069 ], [ -117.059456673999989, 33.466401918000031 ], [ -117.062130214999968, 33.464995818000034 ], [ -117.063053939999975, 33.464502415000027 ], [ -117.065287147999982, 33.463311350000026 ], [ -117.065312678999987, 33.463330578000068 ], [ -117.068195356, 33.465597777000028 ], [ -117.071415214999945, 33.468099375000065 ], [ -117.073535876, 33.469715568000026 ], [ -117.073527970999976, 33.469359649000069 ], [ -117.073461047999956, 33.466192585000044 ], [ -117.075746989999971, 33.466115477000073 ], [ -117.079246569999952, 33.466056003000062 ], [ -117.081002975999979, 33.464945294000074 ], [ -117.082386539999959, 33.46402597000008 ], [ -117.082396364999965, 33.464019690000043 ], [ -117.082324687999972, 33.461291186000039 ], [ -117.082249328999978, 33.459246585000074 ], [ -117.078057568999952, 33.459205474000044 ], [ -117.078007912999965, 33.459205344000054 ], [ -117.07802542099995, 33.455702530000053 ], [ -117.078050991999987, 33.455701506000025 ], [ -117.082213380999974, 33.455698446000042 ], [ -117.082186050999951, 33.452141718000064 ], [ -117.082590101, 33.452140820000068 ], [ -117.086447092999947, 33.452086972000075 ], [ -117.086497798999972, 33.44842595800003 ], [ -117.089560873999972, 33.448439762000078 ], [ -117.093049435999944, 33.448433329000068 ], [ -117.093283798999948, 33.448638057000039 ], [ -117.094314764999979, 33.449542449000035 ], [ -117.095787168999948, 33.450843729000042 ], [ -117.097162774999958, 33.452009850000024 ], [ -117.097944635999966, 33.452670535000038 ], [ -117.099170004999962, 33.453658438000048 ], [ -117.101446692999957, 33.455441380000025 ], [ -117.103154225999958, 33.456771812000056 ], [ -117.10402308099998, 33.457427614000039 ], [ -117.105973332999952, 33.45889111300005 ], [ -117.106821160999971, 33.459521141000039 ], [ -117.108662255999946, 33.457887472000039 ], [ -117.111645491, 33.455205564000039 ], [ -117.116597175999971, 33.458915970000078 ], [ -117.120929912999941, 33.462148931000058 ], [ -117.121027046, 33.462221063000072 ], [ -117.124041273999978, 33.458424148000063 ], [ -117.125012731999959, 33.457189911000057 ], [ -117.125012092999953, 33.457169629000077 ], [ -117.125011264999955, 33.446579525000061 ], [ -117.130718895999962, 33.447071313000038 ], [ -117.130598822999957, 33.440229073000069 ], [ -117.135280080999962, 33.440244303000043 ], [ -117.135555408999949, 33.432477912000024 ], [ -117.104243275999977, 33.430164494000053 ], [ -117.102473282999938, 33.430334326000036 ], [ -117.101192462999961, 33.430147182000042 ], [ -117.097977212999979, 33.430130942000062 ], [ -117.09574641599994, 33.429864616000032 ], [ -117.088038309999945, 33.429835912000044 ], [ -117.081581869, 33.430087198000024 ], [ -117.081521059999943, 33.426724644000046 ], [ -117.080832989999976, 33.426642186000038 ], [ -117.080702175999988, 33.427301998000075 ], [ -117.080603290999989, 33.427493034000065 ], [ -117.080211021999958, 33.427933298000028 ], [ -117.079753327, 33.428152151000063 ], [ -117.079459749999955, 33.428345112000045 ], [ -117.079001249999976, 33.428674186000023 ], [ -117.078544083999986, 33.429003322000028 ], [ -117.077889014999982, 33.429223962000037 ], [ -117.077299211999957, 33.429195698000058 ], [ -117.076744146999943, 33.429031829000053 ], [ -117.076546592999989, 33.428977356000075 ], [ -117.07663720499994, 33.430246343000078 ], [ -117.068423274999986, 33.430041389000053 ], [ -117.062520689999985, 33.430061719000037 ], [ -117.056319161999966, 33.429862616000037 ], [ -117.051333823, 33.429989524000064 ], [ -117.05104737399995, 33.423668384000052 ], [ -117.051078056, 33.415065043000027 ], [ -117.051704412, 33.411666638000042 ], [ -117.047369472999947, 33.411711199000024 ], [ -117.04713976, 33.408261223000068 ], [ -117.042930399999989, 33.40842512100005 ], [ -117.042835765999939, 33.414292147000026 ], [ -117.033023459, 33.414940431000048 ], [ -117.032032937999986, 33.407539954000072 ], [ -117.032333914999981, 33.398125462000053 ], [ -117.034961672999941, 33.396126872000025 ], [ -117.037383391, 33.394347006000032 ], [ -117.050251703999947, 33.394261626000059 ], [ -117.050218711999946, 33.390309599000034 ], [ -117.054436554999938, 33.39048772700005 ], [ -117.054504259999987, 33.38886857500006 ], [ -117.055191152999953, 33.388924102000033 ], [ -117.055249762999949, 33.387025484000048 ], [ -117.063202833999981, 33.387355810000031 ], [ -117.063201197999945, 33.397778810000034 ], [ -117.055444695999938, 33.39771591300007 ], [ -117.055424038999945, 33.401179515000024 ], [ -117.059776717999966, 33.401299262000066 ], [ -117.060045646, 33.404848429000026 ], [ -117.064293309999982, 33.404959057000042 ], [ -117.063839738999945, 33.408720895000044 ], [ -117.068026638, 33.408763404000069 ], [ -117.067819307999969, 33.401357832000031 ], [ -117.071803080999985, 33.40145665700004 ], [ -117.07193399099998, 33.397862538000027 ], [ -117.076253078999969, 33.397723007000025 ], [ -117.076285809999945, 33.40153650600007 ], [ -117.080407201999947, 33.401643896000053 ], [ -117.080601845, 33.387841115000072 ], [ -117.093552385999942, 33.388053055000057 ], [ -117.094070876999979, 33.373234957000079 ], [ -117.103281502999948, 33.373291490000042 ], [ -117.102549373999977, 33.365792720000059 ], [ -117.102470215999972, 33.365793447000044 ], [ -117.111656757999981, 33.358267223000041 ], [ -117.111982386999955, 33.354598963000058 ], [ -117.121650382999974, 33.339871230000028 ], [ -117.121650452999972, 33.339571940000042 ], [ -117.121646497999961, 33.333018805000052 ], [ -117.12164649999994, 33.332710511000073 ], [ -117.117279129999986, 33.332788795000056 ], [ -117.117143584999951, 33.332791354000051 ], [ -117.101404146, 33.333045949000052 ], [ -117.101351661999956, 33.332324414000027 ], [ -117.103055139999981, 33.332115392000048 ], [ -117.10371491099994, 33.331951451000066 ], [ -117.104052345999946, 33.33059912300007 ], [ -117.103623990999949, 33.32967929800003 ], [ -117.103470201, 33.32948097700006 ], [ -117.101246190999973, 33.329559378000056 ], [ -117.093991494999955, 33.32965671900007 ], [ -117.08579062299998, 33.33005061700004 ], [ -117.085760188999984, 33.322751180000068 ], [ -117.081335247999959, 33.322848137000051 ], [ -117.08135354999996, 33.319091325000045 ], [ -117.077098468999964, 33.319157198000028 ], [ -117.077124098999946, 33.315482914000029 ], [ -117.072743725999942, 33.315435060000027 ], [ -117.072675839999988, 33.322963894000054 ], [ -117.068310317999988, 33.32301966700004 ], [ -117.068434773999968, 33.319173854000042 ], [ -117.064359109999941, 33.319173162000027 ], [ -117.064465456999983, 33.31547368300005 ], [ -117.061056003999965, 33.315563987000075 ], [ -117.052013177, 33.315477224000063 ], [ -117.047711604999961, 33.315052091000041 ], [ -117.047365319999983, 33.325921225000059 ], [ -117.051667, 33.326237466000066 ], [ -117.05140335599998, 33.333568872000058 ], [ -117.047062604999951, 33.333294481000053 ], [ -117.047235973999989, 33.329715530000044 ], [ -117.042942451999977, 33.329539085000079 ], [ -117.038156287, 33.328849042000058 ], [ -117.038190683999971, 33.332348490000072 ], [ -117.033162001999983, 33.331621196000071 ], [ -117.032676763999973, 33.343241015000046 ], [ -117.049872228999959, 33.343153261000054 ], [ -117.050030528999969, 33.358192279000036 ], [ -117.04574892, 33.358303556000067 ], [ -117.041232395999941, 33.357948825000051 ], [ -117.037563984999963, 33.35534401700005 ], [ -117.024627064999947, 33.354252700000075 ], [ -117.024486261, 33.350443734000066 ], [ -117.023555916999953, 33.346673347000035 ], [ -117.023330116999944, 33.34296766500006 ], [ -117.018884310999965, 33.342885601000035 ], [ -117.019055016999971, 33.331526043000054 ], [ -117.018564582999943, 33.331524842000078 ], [ -117.014410516999988, 33.337178889000029 ], [ -117.014007344999982, 33.33518375400007 ], [ -117.006978368999967, 33.338781288000064 ], [ -117.011792760999981, 33.340362206000066 ], [ -117.008496811999976, 33.342781320000029 ], [ -117.00910939399995, 33.343463523000025 ], [ -117.008946050999953, 33.34365587800005 ], [ -117.008847911999965, 33.344011149000039 ], [ -117.00884919799995, 33.344148469000061 ], [ -117.008389321999971, 33.344423220000067 ], [ -117.008291898999971, 33.344670518000044 ], [ -117.008782401999952, 33.345081296000046 ], [ -117.008749825999985, 33.346042780000062 ], [ -117.008161172999962, 33.345987272000059 ], [ -117.008126474, 33.347661947000063 ], [ -117.008061778999945, 33.347881578000056 ], [ -117.007668580999962, 33.347907538000072 ], [ -117.007309865999957, 33.347743904000026 ], [ -117.006983678999973, 33.347633598000073 ], [ -117.006427443999939, 33.347496397000043 ], [ -117.006397726999978, 33.344322260000069 ], [ -116.997923324999988, 33.350810343000035 ], [ -116.994892371, 33.352679368000054 ], [ -116.988606178999987, 33.35018020900003 ], [ -116.959589195999968, 33.33863481000003 ], [ -116.954584788999966, 33.336642109000024 ], [ -116.899262452999949, 33.315380332000075 ], [ -116.900153368999952, 33.314346511000053 ], [ -116.922792711999989, 33.288691941000025 ], [ -116.939650680999989, 33.283485875000054 ], [ -116.946297738999988, 33.285269032000031 ], [ -116.961347678999971, 33.285151094000071 ], [ -116.961472262999962, 33.266969904000064 ], [ -116.965817336999976, 33.266976896000074 ], [ -116.965868569999941, 33.274188619000029 ], [ -116.969675954999957, 33.274171550000062 ], [ -116.970020235, 33.274170311000034 ], [ -116.974435955999979, 33.274148960000048 ], [ -116.974493506999977, 33.274149510000029 ], [ -116.974551434999967, 33.277563457000042 ], [ -116.974552794999965, 33.277660277000052 ], [ -116.978768013999968, 33.277694277000023 ], [ -116.978770554, 33.277579646000049 ], [ -116.978821625999956, 33.275516545000073 ], [ -116.978946467999947, 33.27045765400004 ], [ -116.978517631999978, 33.253680377000023 ], [ -116.978422775999945, 33.249942865000037 ], [ -116.978486227999952, 33.248359635000043 ], [ -116.978724257999943, 33.242410711000048 ], [ -116.97852765, 33.242407907000029 ], [ -116.968801041999939, 33.242276881000066 ], [ -116.959800800999972, 33.242155743000069 ], [ -116.957056214999966, 33.242118677000065 ], [ -116.95705660699997, 33.242035444000066 ], [ -116.957088416999966, 33.238472908000062 ], [ -116.954866060999962, 33.238416265000069 ], [ -116.954926044999979, 33.235125116000063 ], [ -116.954930394999963, 33.234907073000045 ], [ -116.961591884999962, 33.235076589000073 ], [ -116.961664084999938, 33.235077856000032 ], [ -116.962055325, 33.227678461000039 ], [ -116.962152565999986, 33.220444745000066 ], [ -116.966465317999962, 33.220420740000066 ], [ -116.966496956999947, 33.213102803000027 ], [ -116.966531251, 33.19822251100004 ], [ -116.964938257999961, 33.198270991000072 ], [ -116.96215319199996, 33.198355911000078 ], [ -116.962085902999945, 33.205645086000061 ], [ -116.953267500999971, 33.205582068000069 ], [ -116.953329559999986, 33.220077654000079 ], [ -116.953331094999953, 33.220462488000067 ], [ -116.957639123999968, 33.220467814000074 ], [ -116.95774113799996, 33.223838870000066 ], [ -116.95752456799994, 33.223835063000024 ], [ -116.948429552999983, 33.223719842000037 ], [ -116.948625753999977, 33.220183358000043 ], [ -116.930882761999953, 33.219754610000052 ], [ -116.930882505999989, 33.223215114000027 ], [ -116.930881146, 33.227289818000031 ], [ -116.92647977699994, 33.227256454000042 ], [ -116.926436933, 33.227256605000036 ], [ -116.926436387999956, 33.230737334000025 ], [ -116.922318032999954, 33.230924679000054 ], [ -116.922348248, 33.234460907000027 ], [ -116.918036262999976, 33.234427100000062 ], [ -116.917619464999973, 33.216091730000073 ], [ -116.922031309999966, 33.216042640000069 ], [ -116.922098132999963, 33.212398672000063 ], [ -116.926474596999981, 33.212239675000035 ], [ -116.926475169999947, 33.212154203000068 ], [ -116.926504815999976, 33.208850401000063 ], [ -116.926509761999966, 33.208373642000026 ], [ -116.913971470999968, 33.208710476000078 ], [ -116.913833325999974, 33.208714943000075 ], [ -116.929096805999961, 33.188452794000057 ], [ -116.929146296999988, 33.188452967000046 ], [ -116.930795268999987, 33.188481932000059 ], [ -116.930858366999985, 33.193909795000025 ], [ -116.93415891899997, 33.19391379700005 ], [ -116.934091799999976, 33.197668039000064 ], [ -116.934396404999973, 33.197694191000039 ], [ -116.93516948499996, 33.197756757000036 ], [ -116.935397817999956, 33.201534456000047 ], [ -116.94402136399998, 33.20187272000004 ], [ -116.943850454999961, 33.197897566000051 ], [ -116.945071521999978, 33.182852725000032 ], [ -116.940496863999954, 33.182822799000064 ], [ -116.940205267999943, 33.182822052000063 ], [ -116.94023827999996, 33.17914937300003 ], [ -116.940497554999979, 33.179153041000063 ], [ -116.951542993999965, 33.17927818000004 ], [ -116.953497389999939, 33.179299223000044 ], [ -116.953503069999954, 33.17871223800006 ], [ -116.953563552, 33.171953794000046 ], [ -116.962120033999952, 33.171963323000057 ], [ -116.961988436999945, 33.14990182400004 ], [ -116.983797367999955, 33.149755079000045 ], [ -116.984058498999957, 33.146138333000067 ], [ -116.988406309999959, 33.146193774000039 ], [ -116.988563897999938, 33.146196907000046 ], [ -116.98840408999996, 33.157185424000033 ], [ -116.988303803999941, 33.157185065000078 ], [ -116.984028049999949, 33.157182582000075 ], [ -116.984024161999969, 33.157317399000078 ], [ -116.983930268, 33.160717243000079 ], [ -116.983682721999969, 33.16071874000005 ], [ -116.979262028, 33.16074055100006 ], [ -116.979263309999965, 33.160877869000046 ], [ -116.979296891999979, 33.16789527800006 ], [ -116.979126806999943, 33.167898273000048 ], [ -116.970740550999949, 33.168024235000075 ], [ -116.97082753799998, 33.171430577000024 ], [ -116.97093711399998, 33.175753798000073 ], [ -116.970803321999938, 33.175754045000076 ], [ -116.962185027999965, 33.17580059200003 ], [ -116.962182952999967, 33.175908493000065 ], [ -116.962119686, 33.179665266000029 ], [ -116.962095685999941, 33.179664097000057 ], [ -116.957873369999959, 33.179550730000074 ], [ -116.95789148199998, 33.180064624000067 ], [ -116.958004092999943, 33.183168436000074 ], [ -116.96009765499997, 33.183268161000058 ], [ -116.96211922599997, 33.18336434500003 ], [ -116.969363401999942, 33.183350045000054 ], [ -116.971069513999964, 33.18334524100004 ], [ -116.971773355999971, 33.183343452000031 ], [ -116.979789781999955, 33.183325568000043 ], [ -116.990192653999941, 33.183332816000075 ], [ -116.997491863999983, 33.183337520000066 ], [ -116.998193367999988, 33.183330967000074 ], [ -117.000248242999987, 33.183313381000062 ], [ -117.01104462099994, 33.182066563000035 ], [ -117.01136151299994, 33.182030111000074 ], [ -117.01593302699996, 33.181501452000077 ], [ -117.015646209999943, 33.174370391000025 ], [ -117.016513695999947, 33.170006441000055 ], [ -117.017035525999972, 33.170004607000067 ], [ -117.017123280999954, 33.166480602000036 ], [ -117.015638258999957, 33.166366225000047 ], [ -117.015235648999976, 33.165286983000044 ], [ -117.014551168999958, 33.165222461000042 ], [ -117.014048405999972, 33.162768045000064 ], [ -117.018092076999949, 33.163158837000026 ], [ -117.017589456999985, 33.159385849000046 ], [ -117.018405447999953, 33.15253296800006 ], [ -117.01379019999996, 33.152548925000076 ], [ -117.014216285999964, 33.142549576000079 ], [ -117.01428501099997, 33.134690880000051 ], [ -117.021407004999958, 33.134594388000039 ], [ -117.007148238999946, 33.116682816000036 ], [ -117.011452451999958, 33.114241672000048 ], [ -117.009400537999966, 33.114212214000077 ], [ -117.009426812999948, 33.112288662000026 ], [ -117.011059064999984, 33.112271821000036 ], [ -117.011068952999949, 33.111562406000075 ], [ -117.008918946999984, 33.111543440000048 ], [ -117.008949277999989, 33.109156444000064 ], [ -117.007188883999959, 33.109058516000061 ], [ -117.00722617699995, 33.101737455000034 ], [ -117.002748543999985, 33.101826913000025 ], [ -117.002745544999982, 33.105499574000078 ], [ -117.000040454999976, 33.105484208000064 ], [ -116.998323034999942, 33.105536641000072 ], [ -116.998293102, 33.109148631000039 ], [ -116.980976559999988, 33.108993887000054 ], [ -116.980969585999958, 33.105423702000053 ], [ -116.962616563999973, 33.106096712000067 ], [ -116.963128402999985, 33.095170555000038 ], [ -116.962927488, 33.091650695000055 ], [ -116.958778222999968, 33.091761690000055 ], [ -116.958599857999957, 33.093386551000037 ], [ -116.957065371999988, 33.09370115400003 ], [ -116.956546334999985, 33.094116906000068 ], [ -116.954390129999979, 33.094104213000037 ], [ -116.954394420999961, 33.094489180000039 ], [ -116.953968624999959, 33.09452020100008 ], [ -116.954040191999979, 33.095151448000024 ], [ -116.954367258, 33.095176371000036 ], [ -116.954177665999964, 33.098947217000045 ], [ -116.940874556999972, 33.099070587000028 ], [ -116.940839688999972, 33.095520600000043 ], [ -116.931426537, 33.09564146200006 ], [ -116.931520164999938, 33.091706275000035 ], [ -116.905044818999954, 33.091530228000067 ], [ -116.904944839999985, 33.08708839600007 ], [ -116.904920974, 33.086004993000074 ], [ -116.904876494999939, 33.084157841000035 ], [ -116.913567112999942, 33.083933784000067 ], [ -116.913434656, 33.080302581000069 ], [ -116.926117439999985, 33.080545418000042 ], [ -116.94543398899998, 33.081015980000075 ], [ -116.945437686999981, 33.084537457000067 ], [ -116.944359526999961, 33.084572647000073 ], [ -116.944336967999959, 33.088144593000038 ], [ -116.945279007999943, 33.08810727000008 ], [ -116.94531356799996, 33.095394552000073 ], [ -116.949958649999985, 33.095402682000042 ], [ -116.949787316999959, 33.088194215000044 ], [ -116.95411745499996, 33.088171071000033 ], [ -116.95410388099998, 33.086500877000049 ], [ -116.953495816999975, 33.086462276000077 ], [ -116.953504953999982, 33.084383681000077 ], [ -116.954128325999989, 33.084393775000024 ], [ -116.954115359999946, 33.083045368000057 ], [ -116.956883345999984, 33.082979812000076 ], [ -116.956870317999972, 33.080852882000045 ], [ -116.971048649999943, 33.080574322000075 ], [ -116.971001454999964, 33.075662373000057 ], [ -116.971293877, 33.075548310000045 ], [ -116.971490574999962, 33.075602858000025 ], [ -116.972570411, 33.075815010000042 ], [ -116.972865769999942, 33.075950845000079 ], [ -116.97332586899995, 33.076139672000068 ], [ -116.973471967999956, 33.075098224000044 ], [ -116.976461761999985, 33.073857178000026 ], [ -116.976906467999981, 33.073860739000054 ], [ -116.977585391, 33.074073659000078 ], [ -116.977815344999954, 33.074208561000034 ], [ -116.978177735999964, 33.07453663900003 ], [ -116.978638319999959, 33.074835725000071 ], [ -116.979099729999973, 33.075161850000029 ], [ -116.979459497, 33.075352542000076 ], [ -116.979107004999946, 33.069660743000043 ], [ -116.97931403299998, 33.069661775000043 ], [ -116.978786552999964, 33.066060826000069 ], [ -116.956168084999945, 33.065675897000062 ], [ -116.956049509999957, 33.062360309000042 ], [ -116.965771752999956, 33.062103830000069 ], [ -116.965500385999974, 33.055414714000051 ], [ -116.961054589999947, 33.055218991000061 ], [ -116.961083876999965, 33.051379570000051 ], [ -116.952135631999965, 33.051236918000029 ], [ -116.935026242, 33.05118383100006 ], [ -116.935117895999952, 33.05845134100008 ], [ -116.926817377999953, 33.058187663000069 ], [ -116.926666241999953, 33.051056785000071 ], [ -116.914343190999944, 33.054236115000037 ], [ -116.90965158299997, 33.057660201000033 ], [ -116.88416334599998, 33.076248091000025 ], [ -116.891654290999952, 33.076220706000072 ], [ -116.891715477999981, 33.079922615000044 ], [ -116.899160111999947, 33.079874514000039 ], [ -116.899506703999975, 33.075508631000048 ], [ -116.901787809999973, 33.075330395000037 ], [ -116.901868211999954, 33.075905831000057 ], [ -116.902237766999974, 33.077573192000045 ], [ -116.902258321999966, 33.078395434000072 ], [ -116.901989952999941, 33.079414990000032 ], [ -116.90216499099995, 33.079878075000067 ], [ -116.902430553999977, 33.080037359000073 ], [ -116.902536188999989, 33.080364289000045 ], [ -116.902447108, 33.080724408000037 ], [ -116.901911022999968, 33.08680447200004 ], [ -116.899769940999988, 33.086886072000027 ], [ -116.899527411999941, 33.082749995000029 ], [ -116.891722061999985, 33.083005356000058 ], [ -116.883636711999941, 33.083271178000075 ], [ -116.883648000999983, 33.079896845000064 ], [ -116.879261750999945, 33.079813516000058 ], [ -116.874308072999952, 33.079839293000077 ], [ -116.874499954999976, 33.087489451000067 ], [ -116.857284623999988, 33.087316344000044 ], [ -116.857210749999979, 33.094807045000039 ], [ -116.825724425999965, 33.094845053000029 ], [ -116.825923928999941, 33.08436402600006 ], [ -116.829483492999941, 33.084250711000038 ], [ -116.831733094999947, 33.080292510000049 ], [ -116.831724367, 33.079673372000059 ], [ -116.837736910999979, 33.069460551000077 ], [ -116.836104114999955, 33.069406539000056 ], [ -116.835915074999946, 33.06557917400005 ], [ -116.837659243999951, 33.065586963000044 ], [ -116.837316177, 33.054869677000056 ], [ -116.835610290999966, 33.054737805000059 ], [ -116.831457047999947, 33.054857902000037 ], [ -116.831655007999984, 33.046590585000047 ], [ -116.829764024999974, 33.046663189000071 ], [ -116.828360596999971, 33.046658738000076 ], [ -116.827501246999987, 33.046609304000071 ], [ -116.827610063999941, 33.044063404000042 ], [ -116.822811104999971, 33.044009426000059 ], [ -116.822490838999954, 33.044234237000069 ], [ -116.821820819999971, 33.044875871000045 ], [ -116.821086810999986, 33.04557281600006 ], [ -116.820309922999968, 33.045833408000078 ], [ -116.819827477, 33.046142386000042 ], [ -116.81902458999997, 33.046678404000033 ], [ -116.818409457999962, 33.046879535000073 ], [ -116.817473878999976, 33.047307698000054 ], [ -116.816565285999957, 33.047541464000062 ], [ -116.815561994999939, 33.047887499000069 ], [ -116.814194445999988, 33.048075904000029 ], [ -116.813123230999963, 33.048285797000062 ], [ -116.788237594999941, 33.047874356000079 ], [ -116.788532774999965, 33.043837293000024 ], [ -116.805710252999972, 33.044184066000071 ], [ -116.805627220999952, 33.040784994000035 ], [ -116.800984516999961, 33.040449992000049 ], [ -116.801067102, 33.037128933000076 ], [ -116.818658310999979, 33.037082731000055 ], [ -116.818576534999977, 33.029733027000077 ], [ -116.817981240999984, 33.029386196000075 ], [ -116.817156746999956, 33.029070707000074 ], [ -116.815742248999982, 33.02859987000005 ], [ -116.814955687999941, 33.028448241000035 ], [ -116.814737612999977, 33.028435140000056 ], [ -116.794312772999945, 33.028982883000026 ], [ -116.797891196999956, 33.021503263000056 ], [ -116.799523565999948, 33.019098694000036 ], [ -116.783850165999979, 33.018851357000074 ], [ -116.78384043799997, 33.012981270000068 ], [ -116.781844182999976, 33.012872437000055 ], [ -116.774377096999956, 33.006552673000044 ], [ -116.761933631999966, 33.003800725000076 ], [ -116.761914336999951, 33.00413046500006 ], [ -116.753303783999968, 33.004231325000035 ], [ -116.753139308999948, 33.000009379000062 ], [ -116.752935178999962, 32.996838299000046 ], [ -116.757041074999961, 32.997044513000048 ], [ -116.757119828999976, 32.999102447000041 ], [ -116.766395865, 32.997509338000043 ], [ -116.76983747099996, 32.995686318000025 ], [ -116.770065677, 32.999924987000043 ], [ -116.770080625999981, 33.000337436000052 ], [ -116.780984410999963, 33.000498574000062 ], [ -116.78780704199994, 33.000553905000061 ], [ -116.788126152999951, 33.004385438000043 ], [ -116.789315582999961, 33.00396790800005 ], [ -116.789798792999989, 33.003816563000044 ], [ -116.790123009999945, 33.003781012000047 ], [ -116.790484277999951, 33.003826051000033 ], [ -116.790806348, 33.003707150000025 ], [ -116.791095772999938, 33.003615864000039 ], [ -116.791551910999942, 33.003602645000058 ], [ -116.791807555, 33.003460175000043 ], [ -116.791964443999973, 33.003317275000029 ], [ -116.792286560999969, 33.00325461500006 ], [ -116.792508127999952, 33.003027202000055 ], [ -116.792429007999942, 33.002728533000038 ], [ -116.79235562599996, 33.002538139000023 ], [ -116.792450286999951, 33.002425877000064 ], [ -116.792733761999955, 33.002172307000023 ], [ -116.792725873999984, 33.001980682000067 ], [ -116.79265172199996, 33.001763253000036 ], [ -116.792976089999968, 33.001725452000073 ], [ -116.793574498999988, 33.001188381000077 ], [ -116.794063477999941, 33.001201538000032 ], [ -116.795987963999949, 33.00035267100003 ], [ -116.796637302999954, 33.000306326000043 ], [ -116.797380311999973, 33.000066669000034 ], [ -116.796896394999976, 32.997815254000045 ], [ -116.798454543999981, 32.996878324000079 ], [ -116.800058056999944, 32.998051674000067 ], [ -116.805294697999955, 32.99685254700006 ], [ -116.804942526, 32.992681898000058 ], [ -116.809275601999957, 32.992695195000067 ], [ -116.815368325999941, 32.992836358000034 ], [ -116.831758264999962, 32.993103657000063 ], [ -116.840345710999941, 32.993401043000063 ], [ -116.840340579999975, 32.978484303000073 ], [ -116.83949845799998, 32.964313575000062 ], [ -116.847322606999967, 32.96315283000007 ], [ -116.847455581999952, 32.94952076900006 ], [ -116.849210457999959, 32.951126170000066 ], [ -116.852450829999952, 32.953032179000047 ], [ -116.855226490999939, 32.952564051000024 ], [ -116.856505923999975, 32.953833151000026 ], [ -116.857254359999956, 32.955505756000036 ], [ -116.858067044999984, 32.956022844000074 ], [ -116.860355561999938, 32.956153777000054 ], [ -116.861795853, 32.955106639000064 ], [ -116.862863875999949, 32.953251414000079 ], [ -116.865879348999954, 32.952255513000068 ], [ -116.865802730999974, 32.95503332100003 ], [ -116.874569301999941, 32.95510792400006 ], [ -116.880085163999979, 32.948410899000066 ], [ -116.877155997999978, 32.945460453000067 ], [ -116.880260478999958, 32.935991825000031 ], [ -116.877434083999958, 32.931049287000064 ], [ -116.880356086999939, 32.930961219000039 ], [ -116.888821805999953, 32.931066594000072 ], [ -116.888955367, 32.931064149000065 ], [ -116.888982101999943, 32.934600099000079 ], [ -116.894830706, 32.934806073000061 ], [ -116.894900942, 32.93829467200004 ], [ -116.898190128999943, 32.938244453000038 ], [ -116.898565573999974, 32.949247086000071 ], [ -116.90408156899997, 32.949357633000034 ], [ -116.903897528999948, 32.953298674000052 ], [ -116.905133712999941, 32.953271009000048 ], [ -116.900900018999948, 32.95730582300007 ], [ -116.899696923999954, 32.957323587000076 ], [ -116.899400150999952, 32.960507132000032 ], [ -116.901196709999965, 32.960530667000057 ], [ -116.903609030999974, 32.958305407000068 ], [ -116.90359127399995, 32.957230537000044 ], [ -116.908367640999984, 32.957272458000034 ], [ -116.908592055999975, 32.961117592000051 ], [ -116.927560593999942, 32.963288160000047 ], [ -116.927451444999974, 32.977840393000065 ], [ -116.929518081999959, 32.977781693000054 ], [ -116.929525513999977, 32.974219484000059 ], [ -116.931650506999972, 32.974208877000024 ], [ -116.931682718, 32.970580458000029 ], [ -116.935910400999944, 32.97070646700007 ], [ -116.936137883999947, 32.981594465000057 ], [ -116.931596581999941, 32.981757137000045 ], [ -116.93212116899997, 32.992455598000049 ], [ -116.936131087999968, 32.99241444300003 ], [ -116.936133817999973, 32.996092495000028 ], [ -116.947114653999961, 32.996179470000072 ], [ -116.947527348999984, 32.998222331000079 ], [ -116.953654482, 32.998113096000054 ], [ -116.953569928999968, 32.996110949000069 ], [ -116.956202771, 32.995950908000054 ], [ -116.956392586, 32.997508162000031 ], [ -116.958714034999957, 32.997607445000028 ], [ -116.958835766, 32.995788567000034 ], [ -116.961258591999979, 32.995712719000039 ], [ -116.961283904999959, 32.992413120000037 ], [ -116.961269496999989, 32.988717833000067 ], [ -116.961222782999982, 32.977485552000076 ], [ -116.961178086999951, 32.966494128000079 ], [ -116.961161052999955, 32.962776216000066 ], [ -116.98748815099998, 32.962986713000078 ], [ -116.987722683999948, 32.959143628000049 ], [ -116.996323489999952, 32.959257317000038 ], [ -116.99658917499994, 32.943364098000075 ], [ -116.996340122, 32.943160827000042 ], [ -116.995218146999946, 32.942510432000063 ], [ -116.994133972999975, 32.942109365000078 ], [ -116.993019803999971, 32.94201285500003 ], [ -116.991844857, 32.942163163000032 ], [ -116.990967202999968, 32.942474067000035 ], [ -116.989435181999966, 32.942793873000028 ], [ -116.988223650999942, 32.942834375000075 ], [ -116.987116499999956, 32.943066663000025 ], [ -116.985059692, 32.943255309000051 ], [ -116.98233814799994, 32.942761512000061 ], [ -116.981292130999975, 32.942800946000034 ], [ -116.980374382999969, 32.94270031800005 ], [ -116.979684945999963, 32.942459969000026 ], [ -116.979450915999962, 32.942232643000068 ], [ -116.979178591, 32.941391442000054 ], [ -116.979101792, 32.940539447000049 ], [ -116.979292198999985, 32.940152642000044 ], [ -116.980048740999962, 32.940445738000051 ], [ -116.981509929999959, 32.939715359000047 ], [ -116.982448676, 32.939015960000063 ], [ -116.983182821999947, 32.937714892000031 ], [ -116.983338289999949, 32.937135134000073 ], [ -116.983159408999938, 32.936037445000068 ], [ -116.982518933999984, 32.934723941000073 ], [ -116.982677067999987, 32.934281566000038 ], [ -116.988300301999971, 32.934220206000077 ], [ -116.987997309999969, 32.919719458000031 ], [ -116.988069054, 32.913334900000052 ], [ -116.987925121999979, 32.905409868000049 ], [ -116.983708059999969, 32.90537275500003 ], [ -116.983686018999947, 32.902592832000039 ], [ -116.979210085999966, 32.90267807500004 ], [ -116.978986583999983, 32.90017643300007 ], [ -116.962054398999953, 32.903256182000064 ], [ -116.949307585999975, 32.905616155000075 ], [ -116.949301511999977, 32.908497870000076 ], [ -116.94631501799995, 32.908487257000047 ], [ -116.945341572999951, 32.907996922000052 ], [ -116.945310094999968, 32.906536088000053 ], [ -116.942863146999969, 32.906808685000044 ], [ -116.941890205999982, 32.906679125000039 ], [ -116.941643918999944, 32.908424804000049 ], [ -116.936420613999985, 32.908337290000077 ], [ -116.93656361099994, 32.905969664000054 ], [ -116.926733901999967, 32.904659725000045 ], [ -116.922680734999972, 32.903959469000029 ], [ -116.922368508999966, 32.911077430000034 ], [ -116.909283873999982, 32.90942960600006 ], [ -116.907459191999976, 32.909006705000024 ], [ -116.907444649999945, 32.907513682000058 ], [ -116.906039064999959, 32.907573826000032 ], [ -116.905828183999972, 32.905561782000063 ], [ -116.892166647999943, 32.905154025000058 ], [ -116.890338085999986, 32.905163155000025 ], [ -116.890352416999974, 32.901800250000065 ], [ -116.886292827999966, 32.901715898000077 ], [ -116.885528256999976, 32.901347660000056 ], [ -116.885753062999981, 32.900910962000069 ], [ -116.886170819999961, 32.900305991000039 ], [ -116.886685522, 32.899726026000053 ], [ -116.887008741999978, 32.899505649000048 ], [ -116.887525434999986, 32.899090021000063 ], [ -116.887846922999984, 32.89875930900007 ], [ -116.888102987999957, 32.898236393000047 ], [ -116.888360251, 32.897850780000056 ], [ -116.888647554999977, 32.897300145000031 ], [ -116.888806164999949, 32.896914190000075 ], [ -116.889149100999987, 32.895266070000048 ], [ -116.889209028999971, 32.894744777000028 ], [ -116.889364293999961, 32.894000918000074 ], [ -116.889652224999963, 32.89347956000006 ], [ -116.889910669999949, 32.893231246000028 ], [ -116.890101031999961, 32.892790598000033 ], [ -116.89016123, 32.892323315000056 ], [ -116.890222474999973, 32.891802086000041 ], [ -116.890251704999969, 32.891416532000051 ], [ -116.890380381999989, 32.89125185000006 ], [ -116.890277192999974, 32.890756304000035 ], [ -116.890272890999938, 32.890180111000063 ], [ -116.89043172199996, 32.889713166000035 ], [ -116.890653034999957, 32.889190787000075 ], [ -116.890910255, 32.888805164000075 ], [ -116.89103920499997, 32.888694491000024 ], [ -116.891621074999989, 32.888279787000045 ], [ -116.892397306999953, 32.887753114000077 ], [ -116.892974607999975, 32.887036688000023 ], [ -116.893588745999978, 32.886540308000065 ], [ -116.894201944999963, 32.885960631000046 ], [ -116.89475, 32.885436257000038 ], [ -116.894942859999958, 32.885132966000072 ], [ -116.89222043999996, 32.885829751000074 ], [ -116.885877006999976, 32.887453521000054 ], [ -116.847844887999941, 32.89718360300003 ], [ -116.832263692999959, 32.890259717000049 ], [ -116.83142653699997, 32.887574716000074 ], [ -116.822870658999989, 32.88745220800007 ], [ -116.822914874999981, 32.873780049000061 ], [ -116.801540123999985, 32.873388919000035 ], [ -116.801195803999974, 32.855245373000059 ], [ -116.796870830999978, 32.855347392000056 ], [ -116.79690259299997, 32.859108329000037 ], [ -116.788481753999974, 32.859366051000052 ], [ -116.788764129999947, 32.86628236100006 ], [ -116.771463856999958, 32.866552619000061 ], [ -116.767137747999982, 32.86668274200008 ], [ -116.767069872999969, 32.870305883000071 ], [ -116.75825647399995, 32.870427084000028 ], [ -116.75791935899997, 32.860628513000051 ], [ -116.753464902999951, 32.860920471000043 ], [ -116.753269903999978, 32.852384379000057 ], [ -116.749886018999973, 32.852372194000054 ], [ -116.748870317999945, 32.852357245000064 ], [ -116.74870022999994, 32.856665849000024 ], [ -116.744503686999963, 32.856477754000025 ], [ -116.74438977899996, 32.852609348000044 ], [ -116.735869453999953, 32.852343337000036 ], [ -116.735503156, 32.837888884000051 ], [ -116.731216295999957, 32.837974816000042 ], [ -116.730831234, 32.827305624000076 ], [ -116.734988937999958, 32.827249172000052 ], [ -116.735020521999957, 32.816272451000032 ], [ -116.718871572999944, 32.816290425000034 ], [ -116.719677266999952, 32.802353804000063 ], [ -116.741819809999981, 32.80293860200004 ], [ -116.741595765999989, 32.806299133000039 ], [ -116.74577009099994, 32.806322050000063 ], [ -116.746057202999964, 32.802891163000027 ], [ -116.750267067999971, 32.80286458300003 ], [ -116.750072841999952, 32.806370841000046 ], [ -116.75452372899997, 32.806421446000058 ], [ -116.754549151999981, 32.810012649000043 ], [ -116.762831437999978, 32.809832131000064 ], [ -116.763029755, 32.802783036000051 ], [ -116.770790725999973, 32.802732735000063 ], [ -116.775111645999971, 32.802707746000067 ], [ -116.795946144999959, 32.802589461000025 ], [ -116.804298689999939, 32.80246919800004 ], [ -116.813847525999961, 32.801847506000058 ], [ -116.813596024999981, 32.787436377000063 ], [ -116.804470769999966, 32.788193931000023 ], [ -116.799890681999955, 32.788297111000077 ], [ -116.79988954199996, 32.784317220000048 ], [ -116.804405806999966, 32.784267099000033 ], [ -116.804344996999987, 32.776911822000045 ], [ -116.813566822999974, 32.776318721000052 ], [ -116.813760438999964, 32.779914484000074 ], [ -116.822984997999981, 32.779401822000068 ], [ -116.823176903999979, 32.786732191000056 ], [ -116.840299609999988, 32.786537059000068 ], [ -116.840303819999974, 32.775618813000051 ], [ -116.84030443599994, 32.772124849000079 ], [ -116.823021725999979, 32.77240224600007 ], [ -116.822926538, 32.768917086000044 ], [ -116.827247297999975, 32.768757406000077 ], [ -116.82728108799995, 32.765271867000024 ], [ -116.831567851999978, 32.765004600000054 ], [ -116.832466788999966, 32.76213602100006 ], [ -116.853481356999964, 32.762019008000038 ], [ -116.853706776999957, 32.75851354100007 ], [ -116.857586616, 32.758522051000057 ], [ -116.85696653399998, 32.749833301000024 ], [ -116.856030217999944, 32.744277314000044 ], [ -116.84713960199997, 32.744440196000028 ], [ -116.846992267999951, 32.737102938000078 ], [ -116.829998803999956, 32.737428486000056 ], [ -116.830859505999967, 32.729850573000078 ], [ -116.838701656999945, 32.729861386000039 ], [ -116.838621254999964, 32.722853697000062 ], [ -116.835207422999986, 32.72272461700004 ], [ -116.834778711999945, 32.714901788000077 ], [ -116.834257398999966, 32.701107541000056 ], [ -116.834334131999981, 32.697644355000079 ], [ -116.856347853999978, 32.697777543000029 ], [ -116.856416267999975, 32.712959184000056 ], [ -116.861262874999966, 32.712928112000043 ], [ -116.861316343999988, 32.71094886800006 ], [ -116.866073232999952, 32.710486126000035 ], [ -116.866465231999939, 32.703453737000075 ], [ -116.873713208999959, 32.701879384000051 ], [ -116.86990287499998, 32.684736564000048 ], [ -116.901356274999955, 32.68426850000003 ], [ -116.901188224999942, 32.670195942000078 ], [ -116.909588571999961, 32.670173507000072 ], [ -116.90986550699995, 32.655575813000041 ], [ -116.926796199999956, 32.65596731200003 ], [ -116.926791097999967, 32.663389752000057 ], [ -116.930617155999983, 32.663449551000042 ], [ -116.930770532999986, 32.662952999000026 ], [ -116.931176324999967, 32.661930953000024 ], [ -116.931426587999965, 32.661378353000032 ], [ -116.931613743999947, 32.660991439000043 ], [ -116.93170433399996, 32.660577337000063 ], [ -116.931890984999939, 32.660080149000066 ], [ -116.93204717499998, 32.659777230000032 ], [ -116.936098518999984, 32.659670032000065 ], [ -116.936233234999975, 32.658074568000075 ], [ -116.936597630999984, 32.658427489000076 ], [ -116.936861157999942, 32.658699019000039 ], [ -116.93708905699998, 32.658750570000052 ], [ -116.937091725999949, 32.659025199000041 ], [ -116.937417838999977, 32.659020761000079 ], [ -116.937878312999942, 32.659427838000056 ], [ -116.937574834999964, 32.658744874000035 ], [ -116.937671720999958, 32.658688821000055 ], [ -116.937272019999966, 32.65816994100004 ], [ -116.937236887999973, 32.657922988000053 ], [ -116.937005501999977, 32.657707019000043 ], [ -116.93706892199998, 32.657595344000072 ], [ -116.937585995999939, 32.657480915000065 ], [ -116.937816884999961, 32.657723859000043 ], [ -116.937677059999942, 32.657177080000054 ], [ -116.937351095999986, 32.657042026000056 ], [ -116.936691383999971, 32.656337287000042 ], [ -116.936365931999944, 32.656312506000063 ], [ -116.936362613999961, 32.656067095000026 ], [ -116.937140513999964, 32.656028316000061 ], [ -116.937197450999975, 32.655560827000045 ], [ -116.938753600999974, 32.655595770000048 ], [ -116.939756394999961, 32.655417126000032 ], [ -116.93890924699997, 32.655182564000029 ], [ -116.938451447999967, 32.654912872000068 ], [ -116.93860127, 32.654251885000065 ], [ -116.937794237, 32.654426512000043 ], [ -116.937306826999986, 32.654378130000055 ], [ -116.936496125999952, 32.654332071000056 ], [ -116.936232290999953, 32.654143777000058 ], [ -116.936225965999938, 32.653785722000066 ], [ -116.936480330999984, 32.653426807000073 ], [ -116.938278793999984, 32.652494752000052 ], [ -116.938628520999941, 32.652023455000062 ], [ -116.936745837999979, 32.651882682000064 ], [ -116.936580212999957, 32.65163840200006 ], [ -116.937053468999977, 32.650972849000027 ], [ -116.937695492999978, 32.650524725000025 ], [ -116.938117966, 32.650628456000049 ], [ -116.938532931999987, 32.650155820000066 ], [ -116.938854704, 32.650097167000069 ], [ -116.939798861999975, 32.650331926000035 ], [ -116.939881559999947, 32.649424683000063 ], [ -116.941452525999978, 32.648414049000053 ], [ -116.94141605599998, 32.64816703200006 ], [ -116.940765547999945, 32.648092765000058 ], [ -116.940087074999951, 32.648156640000025 ], [ -116.939182894999988, 32.648333322000042 ], [ -116.938300512999945, 32.64793280400005 ], [ -116.937532340999951, 32.648575067000024 ], [ -116.936883162999948, 32.648500844000068 ], [ -116.936614655999961, 32.647871326000029 ], [ -116.935937851999938, 32.648126508000075 ], [ -116.935457311, 32.648546454000041 ], [ -116.93493464, 32.648332107000044 ], [ -116.934091886999965, 32.648288980000075 ], [ -116.93350580799995, 32.648186300000077 ], [ -116.933179729999949, 32.648053483000069 ], [ -116.931669609999972, 32.648812708000037 ], [ -116.931570576999945, 32.648704404000057 ], [ -116.931597727999986, 32.648401972000045 ], [ -116.931690297999978, 32.648154466000051 ], [ -116.931686314999979, 32.647879774000046 ], [ -116.93135508599994, 32.647469953000041 ], [ -116.930931811999983, 32.647339161000048 ], [ -116.930150992999984, 32.647265265000044 ], [ -116.930534519999981, 32.646903632000033 ], [ -116.930981633999977, 32.646486584000058 ], [ -116.931549765999989, 32.645598409000058 ], [ -116.931991228999948, 32.644852584000034 ], [ -116.932368749999966, 32.644186903000048 ], [ -116.932718794999971, 32.643769638000038 ], [ -116.932909879999954, 32.643520159000047 ], [ -116.933196835999979, 32.64326858000004 ], [ -116.933681193999973, 32.643125576000045 ], [ -116.934329172, 32.643118755000046 ], [ -116.934847150999985, 32.643166376000067 ], [ -116.935172705999946, 32.643188914000064 ], [ -116.935103965999986, 32.642888581000079 ], [ -116.93457766299997, 32.642453558000057 ], [ -116.933331851999981, 32.641589886000077 ], [ -116.932867344999977, 32.641047606000029 ], [ -116.932698413999958, 32.640636662000077 ], [ -116.932790462999947, 32.64027887900005 ], [ -116.933009335999941, 32.639834999000072 ], [ -116.933231031999981, 32.639447503000042 ], [ -116.933354713999961, 32.639172254000073 ], [ -116.933417293, 32.639033540000071 ], [ -116.93344708799998, 32.638868486000035 ], [ -116.933246198999939, 32.638458243000059 ], [ -116.932919329999947, 32.638298389000056 ], [ -116.93278900599995, 32.638298817000077 ], [ -116.932266899999945, 32.638057490000051 ], [ -116.932068353999966, 32.63786785800005 ], [ -116.931866647, 32.637430575000053 ], [ -116.931848868999964, 32.636358718000054 ], [ -116.931872017999979, 32.635781593000047 ], [ -116.931862712999987, 32.635232145000032 ], [ -116.931854410999961, 32.634765994000077 ], [ -116.931947939999986, 32.634543283000028 ], [ -116.932043643999975, 32.634406176000027 ], [ -116.93233240099994, 32.634264935000033 ], [ -116.932881444999964, 32.63414756800006 ], [ -116.933269718999952, 32.634087651000073 ], [ -116.933623706999981, 32.633945070000038 ], [ -116.933944911999959, 32.633776149000028 ], [ -116.934134133999976, 32.633416326000031 ], [ -116.933964556999967, 32.633034604000045 ], [ -116.933637523999948, 32.632818494000048 ], [ -116.933082672999944, 32.632688085000041 ], [ -116.93229998299995, 32.632368872000029 ], [ -116.931874269, 32.632098471000063 ], [ -116.931741465999949, 32.631880530000046 ], [ -116.931668259999981, 32.631469731000038 ], [ -116.931629808999958, 32.631056117000071 ], [ -116.931623160999948, 32.630644047000033 ], [ -116.931551776999981, 32.630206336000072 ], [ -116.93154629199995, 32.630012572000055 ], [ -116.931637501999944, 32.629627748000075 ], [ -116.931830383999966, 32.629488606000052 ], [ -116.932119772999954, 32.62931814500007 ], [ -116.93243881099994, 32.629122120000034 ], [ -116.932628201999989, 32.628818559000024 ], [ -116.93255779499998, 32.628405645000043 ], [ -116.93222812199997, 32.628052156000024 ], [ -116.931767993, 32.627701339000055 ], [ -116.931277746999967, 32.627461557000061 ], [ -116.931112829999961, 32.627325307000035 ], [ -116.930912146999958, 32.626971323000078 ], [ -116.931331232, 32.62672634200004 ], [ -116.931327918999955, 32.626712890000078 ], [ -116.931326188999947, 32.626705447000063 ], [ -116.931316925999965, 32.626706071000058 ], [ -116.930816766999953, 32.626742284000045 ], [ -116.930752128, 32.626744287000065 ], [ -116.930750327999988, 32.62674450600008 ], [ -116.930698475999975, 32.62674665600008 ], [ -116.93068898699994, 32.62674624400006 ], [ -116.930646937999938, 32.626741362000075 ], [ -116.930597198999976, 32.626728771000046 ], [ -116.930550690999951, 32.626709249000044 ], [ -116.930508751, 32.626683357000047 ], [ -116.930472583999972, 32.626651838000043 ], [ -116.930443232999949, 32.626615602000072 ], [ -116.930421540999987, 32.626575688000059 ], [ -116.930408131999968, 32.626533245000076 ], [ -116.930401937999989, 32.626464464000037 ], [ -116.93042031899995, 32.626416770000048 ], [ -116.930637830999956, 32.625927512000032 ], [ -116.930238401999986, 32.625782686000036 ], [ -116.929988220999974, 32.625459198000044 ], [ -116.929709836999962, 32.625258503000055 ], [ -116.929876854999975, 32.625023161000058 ], [ -116.930376065999951, 32.624716629000034 ], [ -116.93140630399995, 32.625041067000041 ], [ -116.930813361, 32.626240525000071 ], [ -116.930809933999967, 32.626312720000044 ], [ -116.930823028999953, 32.626348405000044 ], [ -116.930844097999966, 32.626381243000026 ], [ -116.930872329999943, 32.626409972000033 ], [ -116.930906645999983, 32.626433486000053 ], [ -116.930945722, 32.626450884000064 ], [ -116.930988057999969, 32.626461498000026 ], [ -116.931075736999958, 32.626461948000042 ], [ -116.931281700999989, 32.626440924000065 ], [ -116.93129939399995, 32.626439684000047 ], [ -116.931299869999975, 32.626425950000055 ], [ -116.931300522999948, 32.626412216000062 ], [ -116.931301359999964, 32.626398493000067 ], [ -116.931302377999941, 32.626384778000045 ], [ -116.931303573999969, 32.626371076000055 ], [ -116.931304951999948, 32.626357383000027 ], [ -116.931306512, 32.626343704000078 ], [ -116.931307431999983, 32.626334093000025 ], [ -116.931308900999966, 32.626320409000073 ], [ -116.931310552999946, 32.62630673600006 ], [ -116.931312387, 32.626293084000054 ], [ -116.931314402999988, 32.626279448000048 ], [ -116.931316595999988, 32.626265832000058 ], [ -116.931318976999989, 32.626252238000063 ], [ -116.931321534999938, 32.626238669000031 ], [ -116.931324275999941, 32.626225122000051 ], [ -116.931327195, 32.626211605000037 ], [ -116.931330293999963, 32.626198116000069 ], [ -116.931333577999965, 32.626184657000067 ], [ -116.931337037, 32.626171231000058 ], [ -116.931340671999976, 32.62615783800004 ], [ -116.931344492, 32.626144484000065 ], [ -116.931348487999969, 32.626131162000036 ], [ -116.931352661999938, 32.626117883000063 ], [ -116.931357009999942, 32.62610464100004 ], [ -116.931361539999955, 32.626091443000064 ], [ -116.931366234999984, 32.626078291000056 ], [ -116.931371112999955, 32.626065183000037 ], [ -116.931376162999982, 32.626052123000079 ], [ -116.931381387999977, 32.626039113000047 ], [ -116.931386783999983, 32.626026151000076 ], [ -116.931392354999957, 32.626013243000045 ], [ -116.931398100999957, 32.62600038800008 ], [ -116.931404010999984, 32.625987591000069 ], [ -116.931410095, 32.625974848000055 ], [ -116.931413719999966, 32.625967495000054 ], [ -116.93141634899996, 32.625962166000079 ], [ -116.931422773999941, 32.625949545000026 ], [ -116.931429360999971, 32.625936986000056 ], [ -116.931436116999976, 32.625924490000045 ], [ -116.931443040999966, 32.625912060000076 ], [ -116.931450128, 32.625899698000069 ], [ -116.931457383999941, 32.625887401000057 ], [ -116.931464798999968, 32.625875176000079 ], [ -116.931472374999942, 32.625863021000043 ], [ -116.931480116999978, 32.625850940000078 ], [ -116.931488017, 32.625838936000036 ], [ -116.931496074999984, 32.625827009000034 ], [ -116.931504296999947, 32.625815154000065 ], [ -116.931512672999986, 32.62580338500004 ], [ -116.931521208, 32.625791693000053 ], [ -116.931529894999983, 32.625780082000063 ], [ -116.93153874099994, 32.625768555000036 ], [ -116.93154773699996, 32.625757116000045 ], [ -116.931556880999949, 32.625745761000076 ], [ -116.931566181999983, 32.625734496000064 ], [ -116.931575630999987, 32.625723321000066 ], [ -116.931585226999971, 32.625712235000037 ], [ -116.93159497299996, 32.625701242000048 ], [ -116.931604863999951, 32.625690342000041 ], [ -116.931614895999985, 32.625679538000043 ], [ -116.931625076999978, 32.625668830000052 ], [ -116.931635394999944, 32.625658219000059 ], [ -116.931645859999946, 32.625647710000067 ], [ -116.931656458999953, 32.625637300000051 ], [ -116.931667195999978, 32.625626992000036 ], [ -116.931678072999944, 32.625616790000038 ], [ -116.931689086999938, 32.625606688000062 ], [ -116.931700230999979, 32.625596694000023 ], [ -116.93181475199998, 32.625505470000064 ], [ -116.93229658599995, 32.625121653000065 ], [ -116.932308916999943, 32.625112712000032 ], [ -116.932316911999976, 32.625107028000059 ], [ -116.932623274999969, 32.624934651000046 ], [ -116.932636128999945, 32.624927419000073 ], [ -116.932655270999987, 32.624921050000069 ], [ -116.932661832999941, 32.62491833200005 ], [ -116.932676489999949, 32.62491241400005 ], [ -116.932691208, 32.624906613000064 ], [ -116.932705995999981, 32.624900935000028 ], [ -116.932720846999985, 32.624895378000076 ], [ -116.932735760999947, 32.624889945000064 ], [ -116.932750738999971, 32.624884633000079 ], [ -116.932765777999975, 32.624879446000079 ], [ -116.932780875, 32.624874388000023 ], [ -116.932796028999974, 32.624869447000037 ], [ -116.932811237999942, 32.624864636000041 ], [ -116.93282650499998, 32.624859947000061 ], [ -116.932841823, 32.624855385000046 ], [ -116.932857190999982, 32.624850949000063 ], [ -116.932868071999962, 32.624847904000035 ], [ -116.932883520999951, 32.624843674000033 ], [ -116.932899014999975, 32.624839555000051 ], [ -116.932914543999971, 32.624835542000028 ], [ -116.932930113999987, 32.624831638000046 ], [ -116.932945721999943, 32.624827846000073 ], [ -116.932961365999972, 32.624824163000028 ], [ -116.932977044999973, 32.624820585000066 ], [ -116.932992757999955, 32.624817120000046 ], [ -116.933008505999965, 32.624813765000056 ], [ -116.933024285999977, 32.62481051900005 ], [ -116.933040098, 32.624807384000064 ], [ -116.93305593499997, 32.624804357000073 ], [ -116.93307180499994, 32.62480144500006 ], [ -116.933087705, 32.624798643000076 ], [ -116.93310362699998, 32.624795953000046 ], [ -116.933119575999967, 32.624793371000067 ], [ -116.933135553999989, 32.624790902000029 ], [ -116.93315155, 32.624788546000048 ], [ -116.933167569999966, 32.624786302000075 ], [ -116.933183613999972, 32.624784169000066 ], [ -116.933199674999969, 32.624782150000044 ], [ -116.933215755999981, 32.624780241000053 ], [ -116.933231855999963, 32.62477844600005 ], [ -116.933247973999983, 32.624776761000078 ], [ -116.933264106999957, 32.624775194000051 ], [ -116.933280252999964, 32.624773736000066 ], [ -116.933296413999983, 32.624772390000032 ], [ -116.933312588999968, 32.62477116000008 ], [ -116.933328771, 32.62477004200008 ], [ -116.933344966, 32.624769037000078 ], [ -116.933361172, 32.624768145000075 ], [ -116.933377385999961, 32.624767365000025 ], [ -116.933393603999946, 32.624766700000066 ], [ -116.93340982899997, 32.624766149000038 ], [ -116.933426062999956, 32.624765710000077 ], [ -116.933442294999963, 32.624765384000057 ], [ -116.933458532999964, 32.624765179000065 ], [ -116.933474770999965, 32.624765076000074 ], [ -116.933491009999955, 32.624765094000054 ], [ -116.933507242999951, 32.624765220000029 ], [ -116.933523480999952, 32.624765463000074 ], [ -116.933539716999974, 32.624765822000029 ], [ -116.933555945999956, 32.624766289000036 ], [ -116.93357217, 32.624766872000066 ], [ -116.93358838599994, 32.624767571000064 ], [ -116.933604597999988, 32.624768381000024 ], [ -116.933620799999971, 32.62476930400004 ], [ -116.933636991999947, 32.624770339000065 ], [ -116.933653174999961, 32.624771489000068 ], [ -116.933669342999963, 32.624772751000023 ], [ -116.933685500999957, 32.624774127000023 ], [ -116.933701647999953, 32.624775617000068 ], [ -116.933717772999955, 32.62477721700003 ], [ -116.933733884999981, 32.624778931000037 ], [ -116.933749980999949, 32.624780758000043 ], [ -116.933766053999989, 32.624782697000057 ], [ -116.934208201, 32.624868913000057 ], [ -116.934223939999981, 32.624872289000052 ], [ -116.934239802999969, 32.624875229000054 ], [ -116.934255767999957, 32.624877725000033 ], [ -116.934271825999986, 32.624879778000036 ], [ -116.934287949999941, 32.624881388000063 ], [ -116.934304132999955, 32.624882546000038 ], [ -116.934320348999961, 32.624883256000032 ], [ -116.934336584, 32.624883517000058 ], [ -116.934352822, 32.624883328000067 ], [ -116.934369038999989, 32.624882688000071 ], [ -116.93438522799994, 32.624881599000048 ], [ -116.934401362999949, 32.624880063000035 ], [ -116.934417434999943, 32.624878077000062 ], [ -116.934433414999944, 32.624875650000035 ], [ -116.934449294, 32.624872780000032 ], [ -116.934465056999954, 32.624869471000068 ], [ -116.934480677999943, 32.624865729000078 ], [ -116.934496148999983, 32.624861552000027 ], [ -116.934511447999967, 32.624856953000062 ], [ -116.934526562999963, 32.624851930000034 ], [ -116.934541474999946, 32.624846492000074 ], [ -116.93455617099994, 32.624840644000074 ], [ -116.93457062899995, 32.624834388000068 ], [ -116.934584836999989, 32.624827738000079 ], [ -116.934598780999977, 32.624820696000029 ], [ -116.934612444999971, 32.624813270000061 ], [ -116.934625814999947, 32.624805473000038 ], [ -116.934638875999951, 32.624797306000062 ], [ -116.934651612999971, 32.624788784000032 ], [ -116.934664010999938, 32.624779912000065 ], [ -116.934676063999973, 32.624770703000024 ], [ -116.934683377999988, 32.624764732000074 ], [ -116.934687751999945, 32.624761162000027 ], [ -116.934699063999972, 32.624751304000029 ], [ -116.934709985999973, 32.624741137000058 ], [ -116.934722170999976, 32.624728811000068 ], [ -116.93473169799995, 32.624717684000075 ], [ -116.934740794, 32.624706303000039 ], [ -116.934749453999984, 32.624694677000036 ], [ -116.934757661999981, 32.624682821000079 ], [ -116.934765412, 32.624670746000049 ], [ -116.93477269999994, 32.624658466000028 ], [ -116.934779510999988, 32.624645992000069 ], [ -116.93478584099995, 32.624633338000024 ], [ -116.934791688999951, 32.624620517000039 ], [ -116.934797036999953, 32.624607542000035 ], [ -116.93480189099995, 32.624594429000069 ], [ -116.934806238999954, 32.624581192000051 ], [ -116.934810075999962, 32.624567839000065 ], [ -116.934813404999943, 32.624554390000071 ], [ -116.934816217, 32.624540854000031 ], [ -116.934818508999967, 32.624527251000075 ], [ -116.93482027899995, 32.624513592000028 ], [ -116.93482152699994, 32.624499892000074 ], [ -116.934822251999947, 32.624486162000039 ], [ -116.934822450999945, 32.624472418000039 ], [ -116.934822124, 32.624458684000047 ], [ -116.934821269999986, 32.62444496300003 ], [ -116.934819893999986, 32.62443126900007 ], [ -116.934817996, 32.624417623000056 ], [ -116.934815577999984, 32.624404034000065 ], [ -116.934812637, 32.624390520000077 ], [ -116.934809184999949, 32.624377093000078 ], [ -116.934805219999987, 32.62436376900007 ], [ -116.934800748999976, 32.62435055800006 ], [ -116.934795771999973, 32.624337478000029 ], [ -116.934790299999975, 32.624324540000032 ], [ -116.934784334999961, 32.624311758000033 ], [ -116.934777886999939, 32.624299149000024 ], [ -116.934770956999955, 32.624286720000043 ], [ -116.934763553999971, 32.624274491000051 ], [ -116.934755693999989, 32.624262466000062 ], [ -116.934747375999962, 32.624250665000034 ], [ -116.934738607999975, 32.624239099000079 ], [ -116.934729401999959, 32.62422777900008 ], [ -116.934719772, 32.624216715000045 ], [ -116.934673716999953, 32.624157788000048 ], [ -116.934453627999972, 32.623843450000038 ], [ -116.934447672999966, 32.62383066700005 ], [ -116.934441903, 32.623817822000035 ], [ -116.934436323999989, 32.623804913000072 ], [ -116.934430931999941, 32.623791954000069 ], [ -116.934425732999955, 32.623778936000065 ], [ -116.934420720999981, 32.623765865000053 ], [ -116.934415906999959, 32.623752741000033 ], [ -116.934411283999964, 32.623739568000076 ], [ -116.934406854999963, 32.623726348000048 ], [ -116.934402617999979, 32.623713080000073 ], [ -116.934398577999957, 32.623699769000041 ], [ -116.934394731999987, 32.623686419000023 ], [ -116.934391085999948, 32.623673030000077 ], [ -116.934387632999972, 32.623659600000053 ], [ -116.934384377999947, 32.623646138000026 ], [ -116.934381320999989, 32.623632640000039 ], [ -116.934378462999973, 32.623619115000054 ], [ -116.934364764999941, 32.623422948000041 ], [ -116.934361256999978, 32.62337270300003 ], [ -116.934362212999986, 32.623358984000049 ], [ -116.93436337299994, 32.623345279000034 ], [ -116.934364731999949, 32.623331583000038 ], [ -116.934366288999968, 32.623317905000079 ], [ -116.934368049999989, 32.623304243000064 ], [ -116.934368746999951, 32.623299397000039 ], [ -116.934370009999952, 32.623290602000054 ], [ -116.934372171999939, 32.623276983000039 ], [ -116.934374530999946, 32.623263387000065 ], [ -116.934377088999952, 32.623249818000033 ], [ -116.934379848999981, 32.623236274000078 ], [ -116.934382805999974, 32.623222766000026 ], [ -116.93438595899994, 32.623209283000051 ], [ -116.934389309999972, 32.623195836000036 ], [ -116.934392859999946, 32.623182429000053 ], [ -116.934396603999971, 32.623169056000052 ], [ -116.934400548999974, 32.623155725000061 ], [ -116.934404683999958, 32.623142436000023 ], [ -116.93440901699995, 32.623129192000079 ], [ -116.93441353999998, 32.623115996000024 ], [ -116.934418260999962, 32.623102845000062 ], [ -116.934423169999945, 32.623089747000051 ], [ -116.934428274999959, 32.623076703000038 ], [ -116.934433569999953, 32.623063710000054 ], [ -116.93443905099997, 32.623050776000071 ], [ -116.934444730999985, 32.623037901000032 ], [ -116.934450582999943, 32.623025085000052 ], [ -116.934456632999968, 32.62301233200003 ], [ -116.934462869999948, 32.62299964400006 ], [ -116.934469294999985, 32.622987022000075 ], [ -116.934475899999939, 32.622974469000042 ], [ -116.934482690999971, 32.622961986000064 ], [ -116.934506235999947, 32.622925260000045 ], [ -116.93540042799998, 32.621530435000068 ], [ -116.935403133999955, 32.621526852000045 ], [ -116.935411776999956, 32.621515216000034 ], [ -116.935420266, 32.621503502000053 ], [ -116.935428605999959, 32.621491713000069 ], [ -116.935436791999962, 32.621479842000042 ], [ -116.93544482599998, 32.621467899000038 ], [ -116.935452700999974, 32.621455884000056 ], [ -116.935460424999974, 32.62144379700004 ], [ -116.935467991999985, 32.621431637000057 ], [ -116.935475398, 32.621419409000055 ], [ -116.935482649999983, 32.621407111000053 ], [ -116.935489740999969, 32.621394752000072 ], [ -116.935496676999946, 32.621382324000024 ], [ -116.935503443999949, 32.621369832000028 ], [ -116.935510056999988, 32.62135728100003 ], [ -116.935516499999949, 32.621344669000052 ], [ -116.93552279, 32.621332 ], [ -116.935528905999945, 32.621319270000072 ], [ -116.935534863999976, 32.621306488000073 ], [ -116.935540651999986, 32.621293647000073 ], [ -116.935546277999947, 32.621280756000033 ], [ -116.935551737999958, 32.621267814000078 ], [ -116.935557026999959, 32.621254822000026 ], [ -116.935562151999989, 32.621241782000027 ], [ -116.935567104999961, 32.621228694000024 ], [ -116.935571888999959, 32.621215560000053 ], [ -116.935576702999981, 32.621201893000034 ], [ -116.935581806999949, 32.621188848000031 ], [ -116.935586739999962, 32.621175753000045 ], [ -116.935591490999968, 32.62116261400007 ], [ -116.935596063999981, 32.62114942900007 ], [ -116.935600462999957, 32.621136202000059 ], [ -116.935604681999962, 32.621122931000059 ], [ -116.935608722999973, 32.621109622000063 ], [ -116.935612581999976, 32.621096273000035 ], [ -116.935647567999979, 32.620906382000044 ], [ -116.935639079999987, 32.620790078000027 ], [ -116.935632817999988, 32.620704273000058 ], [ -116.935576496999943, 32.620439301000033 ], [ -116.93557475199998, 32.620434869000064 ], [ -116.935569485999963, 32.620421871000076 ], [ -116.935564092, 32.620408910000037 ], [ -116.935558570999945, 32.620395987000052 ], [ -116.935552920999953, 32.620383103000052 ], [ -116.935547147999955, 32.620370258000037 ], [ -116.935541246999946, 32.620357457000068 ], [ -116.935535218999973, 32.62034469200006 ], [ -116.935529064999969, 32.62033198000006 ], [ -116.935522790999983, 32.620319305000066 ], [ -116.935516388999986, 32.620306677000031 ], [ -116.935509864999972, 32.620294089000026 ], [ -116.935503212999947, 32.62028155400003 ], [ -116.935496440999941, 32.620269068000027 ], [ -116.935489544999939, 32.620256622000056 ], [ -116.935482526999976, 32.62024423400004 ], [ -116.93547538699994, 32.620231893000039 ], [ -116.935468126999979, 32.620219599000052 ], [ -116.935460746, 32.620207362000031 ], [ -116.935453240999948, 32.620195171000034 ], [ -116.935445625999989, 32.62018303800005 ], [ -116.935437881999974, 32.620170957000028 ], [ -116.935430022999981, 32.620158933000027 ], [ -116.935422044999939, 32.620146964000071 ], [ -116.935413948999951, 32.620135050000044 ], [ -116.93540573699994, 32.62012319400003 ], [ -116.935235287999944, 32.619920757000045 ], [ -116.934618722999971, 32.619146371000056 ], [ -116.934615349999945, 32.619142490000058 ], [ -116.934605771999941, 32.619131395000068 ], [ -116.934596250999959, 32.619120265000049 ], [ -116.934586791999948, 32.619109095000056 ], [ -116.934577389999959, 32.619097890000035 ], [ -116.934568050999985, 32.619086649000053 ], [ -116.934558768999977, 32.619075370000076 ], [ -116.934549549999986, 32.619064062000064 ], [ -116.934540389999938, 32.619052715000066 ], [ -116.934531289999939, 32.619041333000041 ], [ -116.934522250999976, 32.619029916000045 ], [ -116.934513276999951, 32.619018464000078 ], [ -116.934504360999938, 32.619006980000051 ], [ -116.934495505999962, 32.618995462000044 ], [ -116.934486712999956, 32.618983906000039 ], [ -116.934477982999965, 32.618972321000058 ], [ -116.934469313999955, 32.618960701000049 ], [ -116.93446070899995, 32.618949047000058 ], [ -116.934452164999982, 32.618937361000064 ], [ -116.934443682, 32.618925646000037 ], [ -116.934435262999955, 32.618913892000023 ], [ -116.934426905999942, 32.618902109000032 ], [ -116.93441861499997, 32.618890297000064 ], [ -116.934410387999947, 32.618878450000068 ], [ -116.934402219999981, 32.618866572000059 ], [ -116.934394117999943, 32.618854660000068 ], [ -116.934386078999978, 32.618842722000068 ], [ -116.934378102999972, 32.618830753000054 ], [ -116.934370193999939, 32.618818750000059 ], [ -116.934362350999947, 32.618806720000066 ], [ -116.934354563999989, 32.618794659000059 ], [ -116.934346847999961, 32.618782567000039 ], [ -116.934339193999961, 32.618770448000078 ], [ -116.934331607999979, 32.618758298000046 ], [ -116.934324080999943, 32.618746121000072 ], [ -116.934316621999983, 32.618733915000064 ], [ -116.934309232999965, 32.618721678000043 ], [ -116.934301905999973, 32.618709419000027 ], [ -116.934294642999987, 32.61869712500004 ], [ -116.934287447999964, 32.618684809000058 ], [ -116.934280318, 32.618672460000028 ], [ -116.934273258999951, 32.618660085000045 ], [ -116.934266258999969, 32.618647684000052 ], [ -116.93425932599996, 32.618635255000072 ], [ -116.934252460999971, 32.61862280400004 ], [ -116.934245665, 32.618610323000041 ], [ -116.93423893399995, 32.618597819000058 ], [ -116.934232269999939, 32.61858528700003 ], [ -116.934225675, 32.618572730000039 ], [ -116.934219137999946, 32.618560149000075 ], [ -116.934212678999984, 32.618547542000044 ], [ -116.93420628399997, 32.618534910000051 ], [ -116.934199957999965, 32.618522255000073 ], [ -116.934193697999945, 32.618509575000076 ], [ -116.934187503999965, 32.618496871000048 ], [ -116.934181380999973, 32.618484144000035 ], [ -116.934175322999977, 32.618471394000039 ], [ -116.934169336999958, 32.618458621000059 ], [ -116.934163417999969, 32.618445826000027 ], [ -116.934157565999953, 32.618433006000032 ], [ -116.934151784999983, 32.618420164000042 ], [ -116.934146068999951, 32.618407300000058 ], [ -116.934140423999963, 32.618394417000047 ], [ -116.934134849999964, 32.618381511000052 ], [ -116.934129341999949, 32.618368582000073 ], [ -116.934123905999968, 32.618355635000057 ], [ -116.93411853799995, 32.618342664000068 ], [ -116.934113237999952, 32.618329680000045 ], [ -116.934108009999989, 32.618316666000055 ], [ -116.934102848999942, 32.618303635000075 ], [ -116.93409775899994, 32.618290586000057 ], [ -116.934092736999958, 32.618277517000024 ], [ -116.934087786999953, 32.618264429000078 ], [ -116.934082904999968, 32.618251324000028 ], [ -116.934078093999972, 32.618238200000064 ], [ -116.934073357999978, 32.618225056000028 ], [ -116.934068682999964, 32.618211894000069 ], [ -116.934064083999942, 32.618198716000052 ], [ -116.934059554999976, 32.618185519000065 ], [ -116.934055097999988, 32.61817230500003 ], [ -116.934050707999972, 32.61815907600004 ], [ -116.93404639299996, 32.618145827000035 ], [ -116.934042145999967, 32.618132562000028 ], [ -116.934037967999984, 32.618119283000055 ], [ -116.934033866999982, 32.618105985000057 ], [ -116.934029835, 32.61809267600006 ], [ -116.934025872999939, 32.618079348000037 ], [ -116.934021979999955, 32.618066008000028 ], [ -116.934018157999958, 32.618052652000074 ], [ -116.934014412999943, 32.618039279000072 ], [ -116.934010737, 32.618025893000038 ], [ -116.934007131999977, 32.618012498000041 ], [ -116.934003599, 32.617999080000061 ], [ -116.934000136999941, 32.61798565600003 ], [ -116.933996748999959, 32.617972218000034 ], [ -116.933993429999987, 32.617958768000051 ], [ -116.933990181999945, 32.617945301000077 ], [ -116.933987011999989, 32.617931825000028 ], [ -116.933983909999938, 32.61791833500007 ], [ -116.933980878999989, 32.617904835000047 ], [ -116.933977922999986, 32.617891323000038 ], [ -116.933975036999982, 32.617877802000066 ], [ -116.933972225, 32.617864267000073 ], [ -116.933969481999952, 32.617850720000035 ], [ -116.933966814999962, 32.617837163000047 ], [ -116.93396421999995, 32.617823601000055 ], [ -116.933961697999962, 32.617810023000061 ], [ -116.933959246999962, 32.617796440000063 ], [ -116.933956869999975, 32.617782847000058 ], [ -116.933954564999965, 32.617769243000055 ], [ -116.933952332999979, 32.617755632000069 ], [ -116.933950171, 32.61774200900004 ], [ -116.933948083999951, 32.617728385000078 ], [ -116.933946072999959, 32.617714747000036 ], [ -116.93394412899994, 32.617701107000073 ], [ -116.93394226199996, 32.617687454000077 ], [ -116.933940467999946, 32.617673796000076 ], [ -116.933938744999978, 32.617660132000026 ], [ -116.933937096999955, 32.617646462000039 ], [ -116.933935519999977, 32.617632783000033 ], [ -116.933934015999967, 32.617619102000049 ], [ -116.933932589, 32.617605412000046 ], [ -116.933931231999964, 32.617591718000028 ], [ -116.933929945999978, 32.617578018000074 ], [ -116.933928739999942, 32.617564316000028 ], [ -116.933927599999947, 32.617550607000055 ], [ -116.933848776, 32.616798739000046 ], [ -116.93375356699994, 32.615890593000074 ], [ -116.933721032, 32.615580256000044 ], [ -116.933339342999943, 32.611939275000054 ], [ -116.93446767599994, 32.611930715000028 ], [ -116.932923166999956, 32.60819768500005 ], [ -116.932204590999959, 32.608239186000048 ], [ -116.932144952999977, 32.610124031000055 ], [ -116.929161366999949, 32.610109419000025 ], [ -116.92914948899994, 32.611094644000048 ], [ -116.927786783999977, 32.611082482000029 ], [ -116.927795775999982, 32.611961568000027 ], [ -116.925643513999944, 32.611963367000044 ], [ -116.925685395999949, 32.60822928400006 ], [ -116.930832711999983, 32.608209145000046 ], [ -116.930844577999949, 32.604774166000027 ], [ -116.930735456999969, 32.60435233700008 ], [ -116.931300294999971, 32.604342862000067 ], [ -116.92978125999997, 32.600663490000045 ], [ -116.927783001999956, 32.600666598000032 ], [ -116.927786239999989, 32.604470132000074 ], [ -116.919277176999969, 32.604483669000047 ], [ -116.919286915999976, 32.596963858000038 ], [ -116.910797023999976, 32.597028937000061 ], [ -116.910614781, 32.589598109000065 ], [ -116.901817090999941, 32.589415885000051 ], [ -116.901714141999946, 32.574828657000069 ], [ -116.89286945799995, 32.574848685000063 ], [ -116.892896483999948, 32.571262963000038 ], [ -116.884127418999981, 32.57112356500005 ], [ -116.884104929999978, 32.564014781000026 ], [ -116.875244251999959, 32.563966648000076 ], [ -116.875057956999967, 32.55558577100004 ], [ -116.944191881999984, 32.549665597000057 ], [ -116.961926356, 32.548181731000057 ], [ -116.996186094999985, 32.545305813000027 ], [ -117.000015594, 32.54498301600006 ], [ -117.012988643999961, 32.543958854000039 ], [ -117.029471407999949, 32.542562839000027 ], [ -117.035795245999964, 32.541997740000056 ], [ -117.061604809999949, 32.539686428000039 ], [ -117.118928878999952, 32.534790217000079 ], [ -117.118755036999971, 32.558233195000071 ], [ -117.106051473999969, 32.558232878000069 ], [ -117.106061668999985, 32.558614844000033 ], [ -117.105714378999949, 32.558611765000023 ], [ -117.105712327, 32.558400145000064 ], [ -117.101489174999983, 32.558346898000025 ], [ -117.101445231999946, 32.56553516300005 ], [ -117.101337178, 32.565544799000065 ], [ -117.101308932999984, 32.56688224800007 ], [ -117.09966332, 32.566879873000062 ], [ -117.099655989999974, 32.56794906600004 ], [ -117.10129335299996, 32.567959760000065 ], [ -117.101255549999962, 32.576406768000027 ], [ -117.101255451999975, 32.576428501000066 ], [ -117.101466322999954, 32.576428348000036 ], [ -117.103852139999958, 32.576426601000037 ], [ -117.103851916999986, 32.57652286800004 ], [ -117.103851916999986, 32.57652300500007 ], [ -117.103849630999946, 32.577509054000075 ], [ -117.103849630999946, 32.577509521000025 ], [ -117.103735611, 32.577508417000047 ], [ -117.103724055999976, 32.57899732900006 ], [ -117.103855725999949, 32.578995297000063 ], [ -117.10386357699997, 32.584089653000035 ], [ -117.105417641999964, 32.584096240000065 ], [ -117.105552763999981, 32.584096812000041 ], [ -117.105592047999949, 32.588049328000068 ], [ -117.105711121999946, 32.588002405000054 ], [ -117.105832301999953, 32.587959521000073 ], [ -117.105989880999971, 32.587910718000046 ], [ -117.106150179999986, 32.587868742000069 ], [ -117.106312786999979, 32.587833704000047 ], [ -117.106477284, 32.587805693000064 ], [ -117.106643246999965, 32.58778478000005 ], [ -117.106810249999967, 32.587771020000048 ], [ -117.106977861999951, 32.587764449000076 ], [ -117.107145651999986, 32.587765082000033 ], [ -117.107313186999988, 32.587772918000041 ], [ -117.107480037999949, 32.587787940000055 ], [ -117.107645774, 32.587810104000027 ], [ -117.107809968999959, 32.587839355000028 ], [ -117.107972200999939, 32.587875621000023 ], [ -117.108132051999974, 32.587918804000026 ], [ -117.108169496999949, 32.587969271000077 ], [ -117.108212138999988, 32.588016690000075 ], [ -117.108259634999968, 32.58806067900008 ], [ -117.108311599999979, 32.588100884000028 ], [ -117.108367615999953, 32.588136979000069 ], [ -117.10842723199994, 32.588168675000077 ], [ -117.108980042999974, 32.588349263000055 ], [ -117.108992797999974, 32.588357762000044 ], [ -117.109169598999983, 32.588589848000026 ], [ -117.109184490999951, 32.588608736000026 ], [ -117.109222705999969, 32.588666150000051 ], [ -117.109235287999979, 32.588689038000041 ], [ -117.109245170999941, 32.588706471000023 ], [ -117.109289857999954, 32.58878801000003 ], [ -117.109329964999972, 32.588865361000046 ], [ -117.109354026999938, 32.588913915000035 ], [ -117.109358426999961, 32.588921549000077 ], [ -117.109412541999973, 32.589006533000031 ], [ -117.109474010999975, 32.589087856000049 ], [ -117.109542486999942, 32.589165061000074 ], [ -117.109617586999946, 32.589237720000028 ], [ -117.109690703999945, 32.589299054000037 ], [ -117.109697765999954, 32.589304545000061 ], [ -117.10978543799996, 32.58936736000004 ], [ -117.109878408999975, 32.589424453000049 ], [ -117.109976159999974, 32.589475504000063 ], [ -117.110078143999942, 32.589520228000026 ], [ -117.11018379099994, 32.589558374000035 ], [ -117.110292509999965, 32.589589730000057 ], [ -117.110403692999967, 32.589614120000078 ], [ -117.110516718999975, 32.58963140700007 ], [ -117.110586337999962, 32.589638427000068 ], [ -117.110613488999945, 32.589640388000078 ], [ -117.110719051999979, 32.589643343000034 ], [ -117.110824541999989, 32.589638912000055 ], [ -117.110929239999962, 32.589627119000056 ], [ -117.111032428999977, 32.589608048000059 ], [ -117.111133405999965, 32.589581827000075 ], [ -117.111177645999987, 32.589567840000029 ], [ -117.11126799699997, 32.58953877700003 ], [ -117.11138644, 32.589507570000023 ], [ -117.111507146999941, 32.589483357000063 ], [ -117.111629538999978, 32.589466252000079 ], [ -117.111701572999948, 32.589459581000028 ], [ -117.111788172, 32.58945181100006 ], [ -117.111907950999978, 32.589447349000068 ], [ -117.112027798999975, 32.58945013400006 ], [ -117.112147104999963, 32.589460148000057 ], [ -117.112211842999955, 32.589468659000033 ], [ -117.112248672999954, 32.589474063000068 ], [ -117.112381590999973, 32.589498240000069 ], [ -117.112512456, 32.589529434000042 ], [ -117.112564633999966, 32.589544004000061 ], [ -117.112658693999947, 32.58956699600003 ], [ -117.114325603999987, 32.589861072000076 ], [ -117.114369175999968, 32.589903828000047 ], [ -117.11440724299996, 32.589950199000043 ], [ -117.114439388, 32.589999677000037 ], [ -117.114465260999964, 32.59005172600007 ], [ -117.114494923999985, 32.590133394000077 ], [ -117.114530022999986, 32.59021350200004 ], [ -117.11457044499997, 32.590291792000073 ], [ -117.114616059999946, 32.590368009000031 ], [ -117.114629483999977, 32.59038574300007 ], [ -117.114691197999946, 32.590458881000075 ], [ -117.114759749999962, 32.590527518000044 ], [ -117.11483468299997, 32.590591195000059 ], [ -117.114868281999975, 32.590616610000041 ], [ -117.114915509999946, 32.590649491000079 ], [ -117.115002193999942, 32.590702337000039 ], [ -117.115093676999948, 32.590749025000036 ], [ -117.115162471999952, 32.590778769000053 ], [ -117.115514889999986, 32.590926693000029 ], [ -117.11590698599997, 32.591088111000033 ], [ -117.115950861999977, 32.59110529700007 ], [ -117.116132647999962, 32.591171492000058 ], [ -117.116266345999975, 32.591215208000051 ], [ -117.117015649999985, 32.59136692900006 ], [ -117.118418208999969, 32.591402951000077 ], [ -117.114990644999978, 32.593812759000059 ], [ -117.117556531999981, 32.606464697000035 ], [ -117.119229016999952, 32.606011609000063 ], [ -117.12981156799998, 32.665229182000076 ], [ -117.13768846, 32.677217343000052 ], [ -117.140701016999969, 32.679101622000076 ], [ -117.130260404999945, 32.678952102000039 ], [ -117.126957084999958, 32.68077837800007 ], [ -117.127917671999967, 32.684548508000034 ], [ -117.129090419999955, 32.683829476000028 ], [ -117.130857170999946, 32.685694696000041 ], [ -117.13213333899995, 32.686846015000071 ], [ -117.131351690999963, 32.687342651000051 ], [ -117.129916995999963, 32.687349550000079 ], [ -117.127471611999965, 32.687551991000078 ], [ -117.127732909999963, 32.687908565000043 ], [ -117.13164676599996, 32.687894333000031 ], [ -117.132421366999949, 32.687768670000025 ], [ -117.13288575699994, 32.68788948100007 ], [ -117.133929321999972, 32.687801186000058 ], [ -117.137089259, 32.68682651000006 ], [ -117.138134040999944, 32.687125294000055 ], [ -117.134973512999977, 32.688129223000033 ], [ -117.135825009999962, 32.689143567000031 ], [ -117.137524259999964, 32.690154913000072 ], [ -117.138927636999938, 32.690261228000054 ], [ -117.140654609999956, 32.689977634000059 ], [ -117.141014409999968, 32.690253288000065 ], [ -117.14212353, 32.69068782800008 ], [ -117.141865730999939, 32.69143411400006 ], [ -117.14307496899994, 32.692006109000033 ], [ -117.142911860999959, 32.692282011000032 ], [ -117.14304323999994, 32.692612218000079 ], [ -117.143501205999939, 32.692831707000039 ], [ -117.144022008999968, 32.692498301000057 ], [ -117.147746784, 32.694603552000046 ], [ -117.148074224999959, 32.694987941000079 ], [ -117.14925253499996, 32.695891488000029 ], [ -117.150477728999988, 32.696749961000023 ], [ -117.150805188999982, 32.697134345000052 ], [ -117.153477308999982, 32.696327712000027 ], [ -117.155832242999963, 32.698051358000043 ], [ -117.160145652999972, 32.700870159000033 ], [ -117.156660731999978, 32.701956235000068 ], [ -117.158032960999947, 32.702776511000025 ], [ -117.158392000999982, 32.703106096000056 ], [ -117.158784110999989, 32.703133424000043 ], [ -117.159306610999977, 32.703405385000053 ], [ -117.159209460999989, 32.703598878000037 ], [ -117.15972912999996, 32.703985474000035 ], [ -117.161497371999985, 32.705242791000046 ], [ -117.162278624999942, 32.704579418000037 ], [ -117.161492894, 32.704058881000037 ], [ -117.161427830999969, 32.703700281000067 ], [ -117.162239352999961, 32.702817784000047 ], [ -117.163317313999983, 32.703336210000032 ], [ -117.165278217999969, 32.704649732000064 ], [ -117.165312783, 32.705006906000051 ], [ -117.16472622799995, 32.705175305000068 ], [ -117.164400269999987, 32.705092573000059 ], [ -117.163647487999981, 32.704627597000069 ], [ -117.162899295999978, 32.705182255000068 ], [ -117.16238031599994, 32.705925396000055 ], [ -117.165924874999973, 32.708390811000072 ], [ -117.166140661999975, 32.708499902000028 ], [ -117.168031069999984, 32.708520624000073 ], [ -117.168127976, 32.708300107000071 ], [ -117.168094092, 32.707830444000024 ], [ -117.167668009999943, 32.707364983000048 ], [ -117.16642630399997, 32.706571149000069 ], [ -117.165640027999984, 32.705722055000024 ], [ -117.165705093999975, 32.705500053000037 ], [ -117.165997502999971, 32.705362928000056 ], [ -117.166650811999943, 32.705496940000046 ], [ -117.168709193999973, 32.70683746800006 ], [ -117.169200522999972, 32.707332975000043 ], [ -117.16936825, 32.708596521000061 ], [ -117.169890966999958, 32.708539894000069 ], [ -117.170641127999943, 32.708923700000071 ], [ -117.171429896999939, 32.710378241000058 ], [ -117.171791241, 32.711367265000035 ], [ -117.172086495999963, 32.711615078000079 ], [ -117.172121225999945, 32.712276065000026 ], [ -117.172805441999969, 32.712161696000067 ], [ -117.173911589999989, 32.711607914000069 ], [ -117.173911890999989, 32.711470653000049 ], [ -117.174693444999946, 32.711302302000036 ], [ -117.174368928999968, 32.711523465000027 ], [ -117.174732596999945, 32.712814147000074 ], [ -117.173396742999955, 32.71320645000003 ], [ -117.173200152999982, 32.712904731000037 ], [ -117.172840948999976, 32.712739455000076 ], [ -117.17222167999995, 32.712715076000052 ], [ -117.17225850799997, 32.713925259000064 ], [ -117.172551297999973, 32.713925410000058 ], [ -117.172715447999963, 32.714061338000079 ], [ -117.175389491999965, 32.714077990000078 ], [ -117.17548944899994, 32.714820782000061 ], [ -117.172327593999967, 32.714916406000043 ], [ -117.172361105, 32.71549407200007 ], [ -117.175427045999982, 32.715481742000065 ], [ -117.175429015999953, 32.716033184000025 ], [ -117.172331209999982, 32.716044026000077 ], [ -117.17239970299994, 32.716870865000033 ], [ -117.175496356999986, 32.716857720000064 ], [ -117.17556716699994, 32.717986223000025 ], [ -117.172828407999987, 32.718245600000046 ], [ -117.172371484999985, 32.718190535000076 ], [ -117.172291543999961, 32.72006814100007 ], [ -117.172327577999965, 32.723972016000062 ], [ -117.172428159, 32.724521304000064 ], [ -117.172755191999954, 32.72518017200008 ], [ -117.173542022, 32.726279058000046 ], [ -117.174327150999943, 32.726853517000052 ], [ -117.175504628999988, 32.727372 ], [ -117.176177984, 32.727425895000067 ], [ -117.177428678999945, 32.727475187000039 ], [ -117.178698657999973, 32.727167551000036 ], [ -117.17886120999998, 32.727001844000029 ], [ -117.17866560799996, 32.726837452000041 ], [ -117.179441652999969, 32.725183549000064 ], [ -117.183882749999952, 32.726706863000061 ], [ -117.183366582999952, 32.728111850000062 ], [ -117.184020130999954, 32.728439331000061 ], [ -117.18542367699996, 32.728461904000028 ], [ -117.185683587999961, 32.728129686000045 ], [ -117.186170730999947, 32.727936315000079 ], [ -117.186235199999942, 32.727743529000065 ], [ -117.186595211999986, 32.727632007000068 ], [ -117.186756850999984, 32.727439240000024 ], [ -117.187081359, 32.727382325000065 ], [ -117.187243852999984, 32.727023066000072 ], [ -117.188419763999946, 32.727239802000042 ], [ -117.192987048999953, 32.727605201000074 ], [ -117.193737031999945, 32.727658060000067 ], [ -117.194356462999963, 32.727518064000037 ], [ -117.194550205999974, 32.72707697900006 ], [ -117.194516557999975, 32.726499304000072 ], [ -117.19389449199997, 32.726117079000062 ], [ -117.187399289999973, 32.72501391600008 ], [ -117.186517854999977, 32.724660098000072 ], [ -117.186613557999976, 32.724191962000077 ], [ -117.186938813999973, 32.724051816000042 ], [ -117.191083833999983, 32.724613669000064 ], [ -117.198098388999938, 32.725191648000077 ], [ -117.208271938999985, 32.724680209000041 ], [ -117.212477047, 32.724031139000033 ], [ -117.212803771999972, 32.724165547000041 ], [ -117.212838869999985, 32.724579008000035 ], [ -117.212546302999954, 32.724882772000058 ], [ -117.210231791999945, 32.725360662000071 ], [ -117.204397001999951, 32.72596332300003 ], [ -117.200189707, 32.726008888000024 ], [ -117.197808172999942, 32.726154863000033 ], [ -117.197419900999989, 32.726926736000053 ], [ -117.197619936999956, 32.727863209000077 ], [ -117.198633410999946, 32.728490887000078 ], [ -117.200688645999946, 32.728676323000059 ], [ -117.204159008999966, 32.72863482200006 ], [ -117.207929756999988, 32.728508131000069 ], [ -117.210765958999957, 32.728166987000066 ], [ -117.212854049999976, 32.728184960000078 ], [ -117.212789488999988, 32.728544295000063 ], [ -117.212809987999947, 32.728628511000068 ], [ -117.214191492999987, 32.728426940000077 ], [ -117.215990525999985, 32.721842091000042 ], [ -117.216740633999962, 32.721728279000047 ], [ -117.217947395999943, 32.721777376000034 ], [ -117.222165377999943, 32.724403009000071 ], [ -117.222851487999947, 32.724702542000045 ], [ -117.222822433999966, 32.724842979000073 ], [ -117.22533077199995, 32.724691125000049 ], [ -117.226079608999953, 32.724329646000058 ], [ -117.226434746999985, 32.723695665000037 ], [ -117.226461692999976, 32.722126069000069 ], [ -117.226608450999947, 32.721750266000072 ], [ -117.226685720999967, 32.721409512000037 ], [ -117.221682572999953, 32.71834939200005 ], [ -117.221258703999979, 32.718379301000027 ], [ -117.220122854999943, 32.719620793000047 ], [ -117.219700255999953, 32.71989830900003 ], [ -117.219112634999988, 32.719846369000038 ], [ -117.218850932999942, 32.719406671000058 ], [ -117.21910577899996, 32.718194202000063 ], [ -117.221477862999961, 32.716174962000025 ], [ -117.226971667999976, 32.71210569200008 ], [ -117.229148072999976, 32.710225776000073 ], [ -117.229830255999957, 32.709451597000054 ], [ -117.231032544999948, 32.708537136000075 ], [ -117.232627853999986, 32.708007631000044 ], [ -117.233507645999964, 32.707892942000058 ], [ -117.233900948999974, 32.70830492500005 ], [ -117.233773476999943, 32.708857169000055 ], [ -117.233384380999951, 32.709215050000068 ], [ -117.231625510999947, 32.709773024000071 ], [ -117.230716168999948, 32.710437705000061 ], [ -117.226426404999984, 32.714117196000075 ], [ -117.223825070999965, 32.71599991800008 ], [ -117.223338369999965, 32.716497282000034 ], [ -117.223275629999989, 32.716993990000049 ], [ -117.223507828999971, 32.717900416000077 ], [ -117.223836985999981, 32.718532265000078 ], [ -117.226321070999973, 32.720008612000072 ], [ -117.226615372999959, 32.720006456000078 ], [ -117.228141425, 32.718348577000029 ], [ -117.22797742299997, 32.71823973000005 ], [ -117.22833406899997, 32.717880371000035 ], [ -117.229674428999942, 32.718837969000049 ], [ -117.23007900999994, 32.71896242400004 ], [ -117.231598309999981, 32.718582469000069 ], [ -117.232737474999965, 32.717998158000057 ], [ -117.233712311999966, 32.717361243000028 ], [ -117.234230970999988, 32.716615503000071 ], [ -117.235038689999953, 32.714742090000072 ], [ -117.234971586999961, 32.714410421000025 ], [ -117.234611727999948, 32.714191274000029 ], [ -117.233992995, 32.714250497000023 ], [ -117.232983960999945, 32.714861083000073 ], [ -117.232496648999984, 32.715358459000072 ], [ -117.232268894999947, 32.715329943000029 ], [ -117.232202572999938, 32.71502756600006 ], [ -117.232557980999957, 32.714449837000075 ], [ -117.232980821999945, 32.714116023000031 ], [ -117.234347518, 32.713366654000026 ], [ -117.234867115999975, 32.712760484000057 ], [ -117.235676602999945, 32.711436268000057 ], [ -117.235867501999962, 32.710664148000035 ], [ -117.235895471999982, 32.709508678000077 ], [ -117.235893423999983, 32.708900947000075 ], [ -117.235728004999942, 32.708463471000073 ], [ -117.235855513, 32.707827959000042 ], [ -117.235659731999988, 32.707582626000033 ], [ -117.235591759999977, 32.706893086000036 ], [ -117.235673642999984, 32.70669656900003 ], [ -117.235752341999955, 32.706425637000052 ], [ -117.235319548999939, 32.704666037000038 ], [ -117.23538046699997, 32.703701129000024 ], [ -117.236285864999957, 32.701991989000078 ], [ -117.237647500999969, 32.700058570000067 ], [ -117.237938505999978, 32.699342819000037 ], [ -117.238295746999938, 32.699147739000068 ], [ -117.23841575199998, 32.696945520000043 ], [ -117.238768217999962, 32.695348150000029 ], [ -117.238729224999986, 32.694218848000048 ], [ -117.238395355999955, 32.692265771000052 ], [ -117.23845481099994, 32.690888949000055 ], [ -117.238218208999967, 32.689212668000039 ], [ -117.237730918999944, 32.689516533000074 ], [ -117.23674398199995, 32.68745683700007 ], [ -117.236190023999939, 32.687597837000055 ], [ -117.235108887999957, 32.686391230000027 ], [ -117.234649334999972, 32.685676884000031 ], [ -117.234290908999981, 32.685457811000049 ], [ -117.233768277999957, 32.685350439000047 ], [ -117.233347429, 32.685985924000079 ], [ -117.232827449999945, 32.686373781000043 ], [ -117.232143199999939, 32.686513253000044 ], [ -117.231882571999961, 32.686294184000076 ], [ -117.232270025999981, 32.685825951000027 ], [ -117.233148312999958, 32.685132802000055 ], [ -117.236495368999954, 32.682777827000052 ], [ -117.237206643999968, 32.681289269000047 ], [ -117.237268682999968, 32.680574215000036 ], [ -117.236675145999982, 32.679255068000032 ], [ -117.236735209999949, 32.677961546000063 ], [ -117.235940030999984, 32.675240040000062 ], [ -117.235272857999973, 32.671554466000032 ], [ -117.235497799999962, 32.670891934000053 ], [ -117.236242046999962, 32.669870751000076 ], [ -117.236170116999972, 32.66822006600006 ], [ -117.236428607, 32.667532072000029 ], [ -117.237140487999966, 32.666702933000067 ], [ -117.238246867999976, 32.665954979000048 ], [ -117.241698319999955, 32.665002184000059 ], [ -117.242219635999959, 32.665138711000054 ], [ -117.24356171, 32.666123203000041 ], [ -117.243725726999969, 32.666727139000045 ], [ -117.243988, 32.667085789000055 ], [ -117.244154267999988, 32.667716835000078 ], [ -117.243798097999957, 32.668269824000049 ], [ -117.243768073999945, 32.668736550000062 ], [ -117.244455354999957, 32.66931280700004 ], [ -117.244520898999951, 32.669669155000065 ], [ -117.244362376999959, 32.670303257000057 ], [ -117.244558196999947, 32.670661101000064 ], [ -117.244232881999949, 32.670661882000047 ], [ -117.244170329999974, 32.67115861800005 ], [ -117.244366917999969, 32.671266689000049 ], [ -117.244561443999942, 32.671210377000079 ], [ -117.244531054, 32.67156906200006 ], [ -117.244729271999972, 32.672282596000059 ], [ -117.244501291999939, 32.672393631000034 ], [ -117.244665611999949, 32.672558731000038 ], [ -117.244405912, 32.673028389000024 ], [ -117.24453729399994, 32.673302248000027 ], [ -117.244767196999987, 32.673357839000062 ], [ -117.24441225399994, 32.674129185000027 ], [ -117.244542530999979, 32.674182442000074 ], [ -117.244671150999977, 32.674044329000026 ], [ -117.244965677999971, 32.674098393000065 ], [ -117.245293772999958, 32.674509584000077 ], [ -117.246051902999966, 32.676322382000023 ], [ -117.246117052999978, 32.676653957000042 ], [ -117.245859333999988, 32.677123709000057 ], [ -117.246545536999975, 32.677614391000077 ], [ -117.246483502, 32.678165165000053 ], [ -117.247006014999954, 32.678522284000053 ], [ -117.247205887999939, 32.679510457000049 ], [ -117.247501366, 32.679922393000027 ], [ -117.247440712999946, 32.681051617000037 ], [ -117.247671712999988, 32.681462838000073 ], [ -117.247575225, 32.681876996000028 ], [ -117.247250168, 32.682152358000053 ], [ -117.247841063999942, 32.682811941000068 ], [ -117.248361007999961, 32.682671572000061 ], [ -117.248623920999989, 32.682917721000024 ], [ -117.248428559, 32.683028012000079 ], [ -117.248787197999945, 32.683109774000059 ], [ -117.248921303999964, 32.683631313000035 ], [ -117.248663843999964, 32.684458917000029 ], [ -117.248762907999946, 32.685008101000051 ], [ -117.249092607999955, 32.68552963500008 ], [ -117.248996038999962, 32.685779502000059 ], [ -117.249457168, 32.686905721000073 ], [ -117.249202957999955, 32.68828260500004 ], [ -117.249272380999969, 32.689354799000057 ], [ -117.249960097999974, 32.689958064000052 ], [ -117.250027512999964, 32.690316748000043 ], [ -117.250451962999989, 32.690534317000072 ], [ -117.252155756999969, 32.692563872000051 ], [ -117.251968006999959, 32.694076599000027 ], [ -117.252719378999984, 32.694570253000052 ], [ -117.253078761999973, 32.694568772000025 ], [ -117.253210941999953, 32.69500695000005 ], [ -117.25298655499995, 32.695723557000065 ], [ -117.253221480999969, 32.697264719000032 ], [ -117.253385422999941, 32.697540070000059 ], [ -117.253585494, 32.698557507000032 ], [ -117.254206994999947, 32.699022680000041 ], [ -117.254438145999984, 32.699598189000028 ], [ -117.254114964999985, 32.700040193000063 ], [ -117.254347895999956, 32.701250435000077 ], [ -117.254124698999988, 32.702351940000028 ], [ -117.254257377999977, 32.702875661000064 ], [ -117.254618717999961, 32.703506667000056 ], [ -117.254568637999967, 32.70647957400007 ], [ -117.25470046099997, 32.706809710000073 ], [ -117.254440826999939, 32.707277139000041 ], [ -117.254319267999961, 32.709177755000042 ], [ -117.254485725999984, 32.709921333000068 ], [ -117.255076998999982, 32.710909492000042 ], [ -117.255315462999988, 32.713110226000026 ], [ -117.255254198999978, 32.713742062000051 ], [ -117.255418170999974, 32.714017412000032 ], [ -117.255321461999984, 32.714238021000028 ], [ -117.255419630999938, 32.714429328000051 ], [ -117.255290004999949, 32.714623667000069 ], [ -117.255454039999961, 32.714732482000045 ], [ -117.255131477999953, 32.715505342000029 ], [ -117.25483743999996, 32.715534585000057 ], [ -117.254613764999988, 32.716332244000057 ], [ -117.254810655999961, 32.716633865000063 ], [ -117.254978577999964, 32.717789359000051 ], [ -117.25517739999998, 32.718257609000034 ], [ -117.255374811999957, 32.718613267000023 ], [ -117.25573368, 32.718859319000046 ], [ -117.25586844999998, 32.719547426000076 ], [ -117.256162583, 32.71968247600006 ], [ -117.256266859, 32.721444940000026 ], [ -117.256007469999986, 32.721804355000074 ], [ -117.256079817999989, 32.722986963000039 ], [ -117.256439823999983, 32.723453619000054 ], [ -117.256641576999982, 32.724745700000028 ], [ -117.256969395999988, 32.725019579000048 ], [ -117.25716760499995, 32.725404530000048 ], [ -117.257070624, 32.725598120000029 ], [ -117.256418418999942, 32.725876466000045 ], [ -117.256060525999942, 32.725821754000037 ], [ -117.255669985999987, 32.726098621000062 ], [ -117.254664296999977, 32.727287926000031 ], [ -117.254602305999981, 32.728002996000043 ], [ -117.255060452999942, 32.728413405000026 ], [ -117.255192444999977, 32.728689539000072 ], [ -117.255129005999947, 32.728992695000045 ], [ -117.255488505999949, 32.729457081000078 ], [ -117.255230445999985, 32.729733285000066 ], [ -117.25549024999998, 32.729760984000052 ], [ -117.256082733999961, 32.73063892700003 ], [ -117.255690167999944, 32.73058487000003 ], [ -117.25569380099995, 32.731190432000062 ], [ -117.255888650999964, 32.731327671000031 ], [ -117.255727950999983, 32.73146656800003 ], [ -117.255794661999971, 32.732043522000026 ], [ -117.255406271999959, 32.732514031000051 ], [ -117.256159472999968, 32.733253080000054 ], [ -117.255572905999941, 32.733586197000079 ], [ -117.255218352999975, 32.734110023000028 ], [ -117.255480278999983, 32.734549669000046 ], [ -117.254929061999974, 32.735129716000074 ], [ -117.254932501999974, 32.735872552000046 ], [ -117.254771759999983, 32.736425543000053 ], [ -117.254572057999951, 32.736632410000027 ], [ -117.25467241299998, 32.737120891000075 ], [ -117.254821497999956, 32.737379807000025 ], [ -117.254559570999959, 32.737653580000028 ], [ -117.254656061999981, 32.737736786000028 ], [ -117.254557618999968, 32.737901048000026 ], [ -117.254781908999973, 32.738480749000075 ], [ -117.254586307999944, 32.738561775000051 ], [ -117.254508666999982, 32.74087400600007 ], [ -117.254440195999962, 32.741451495000035 ], [ -117.254276889999971, 32.741423728000029 ], [ -117.254502619, 32.742084515000045 ], [ -117.254338720999954, 32.742221012000073 ], [ -117.254303025999945, 32.742827015000046 ], [ -117.254465413999981, 32.742827732000023 ], [ -117.254432483999949, 32.743184052000061 ], [ -117.254887900999961, 32.743214001000069 ], [ -117.254297858999962, 32.743817012000079 ], [ -117.254592289999948, 32.743679769000039 ], [ -117.254656781, 32.743763755000032 ], [ -117.254880377999939, 32.744809285000031 ], [ -117.254748334999988, 32.744947246000038 ], [ -117.254812529999981, 32.745139244000029 ], [ -117.254617026999938, 32.74524953100007 ], [ -117.254550689999974, 32.745442275000073 ], [ -117.254547034999973, 32.745964232000063 ], [ -117.25418525799995, 32.74648546800006 ], [ -117.25372753399995, 32.74684250200005 ], [ -117.253272988, 32.746592035000049 ], [ -117.252878462999945, 32.746949723000057 ], [ -117.252512503, 32.747101674000078 ], [ -117.251925052999979, 32.748769292000077 ], [ -117.252212145999977, 32.750006793000068 ], [ -117.252307873999939, 32.750969925000049 ], [ -117.251915689999976, 32.751104912000073 ], [ -117.251807395999947, 32.752454748000048 ], [ -117.252124429999981, 32.753857917000062 ], [ -117.249217847999944, 32.754370018000031 ], [ -117.247424089, 32.754557471000055 ], [ -117.244714083999952, 32.754932232000044 ], [ -117.241255033999948, 32.755193628000029 ], [ -117.234661177999953, 32.756158688000028 ], [ -117.233355635999942, 32.756208686000036 ], [ -117.226142004999986, 32.757252685000026 ], [ -117.223617215, 32.757520761000023 ], [ -117.222942615999955, 32.757707852000067 ], [ -117.219646486999977, 32.758052685000052 ], [ -117.208814101999963, 32.758970853000051 ], [ -117.205287076, 32.759507128000052 ], [ -117.203396421999969, 32.759554407000053 ], [ -117.203382294, 32.760201881000057 ], [ -117.203660375999959, 32.761547058000076 ], [ -117.204026832999944, 32.762198695000052 ], [ -117.204515069999957, 32.76225736300006 ], [ -117.213885044, 32.760918523000043 ], [ -117.216202921, 32.760762597000053 ], [ -117.233043798999972, 32.758683340000061 ], [ -117.244760173999964, 32.757436934000054 ], [ -117.248124742999948, 32.757279120000078 ], [ -117.244284382999979, 32.757752585000048 ], [ -117.243052356999954, 32.758127897000065 ], [ -117.24240513899997, 32.758437886000024 ], [ -117.241891069999951, 32.758830530000068 ], [ -117.241449681999939, 32.759633865000069 ], [ -117.241149534999977, 32.761013093000031 ], [ -117.241227217999949, 32.761727837000024 ], [ -117.240515029, 32.76201231500005 ], [ -117.240241476, 32.75965016300006 ], [ -117.240071533, 32.75932275200006 ], [ -117.234825567999962, 32.75980534100006 ], [ -117.233688660999974, 32.76006792000004 ], [ -117.233853508999971, 32.761853428000052 ], [ -117.237661820999961, 32.764691572000061 ], [ -117.240431184999977, 32.764351232000024 ], [ -117.241075186999979, 32.763957837000078 ], [ -117.240740473999949, 32.763521554000079 ], [ -117.240833971999962, 32.763300815000036 ], [ -117.24135556799996, 32.763266357000077 ], [ -117.241527101999964, 32.763620846000038 ], [ -117.241605039999968, 32.764362609000045 ], [ -117.241551460999972, 32.764913765000074 ], [ -117.240922527999942, 32.766104539000025 ], [ -117.240348800999982, 32.766883759000052 ], [ -117.239736532999984, 32.767249355000047 ], [ -117.236577847999968, 32.767677478000053 ], [ -117.235770526999943, 32.766476700000055 ], [ -117.234885503999976, 32.766323317000058 ], [ -117.234302905999982, 32.766579980000074 ], [ -117.234080347999964, 32.766911779000054 ], [ -117.234094358999982, 32.767601080000077 ], [ -117.234401796999975, 32.768283675000077 ], [ -117.23499557699995, 32.76860590800004 ], [ -117.234870651999984, 32.768910710000057 ], [ -117.233869966999976, 32.769474388000049 ], [ -117.233153580999954, 32.769565080000064 ], [ -117.232527478999941, 32.769299859000057 ], [ -117.231962023999984, 32.76875612300006 ], [ -117.231901793999953, 32.767299519000062 ], [ -117.231301351999946, 32.766648391000047 ], [ -117.230452105999973, 32.766631659000041 ], [ -117.230257957999981, 32.766771222000045 ], [ -117.229509437, 32.766864909000049 ], [ -117.229286012999978, 32.767086384000038 ], [ -117.228958731999967, 32.767091512000036 ], [ -117.228657102999989, 32.766710742000043 ], [ -117.22836347599997, 32.766658911000036 ], [ -117.228051468999979, 32.767405155000063 ], [ -117.227697269999965, 32.767712852000045 ], [ -117.226915815999973, 32.767780246000029 ], [ -117.224878435, 32.767118907000054 ], [ -117.220382882999957, 32.765940942000043 ], [ -117.214979049999954, 32.765022307000038 ], [ -117.214424775999987, 32.765057390000038 ], [ -117.21308674, 32.765103408000073 ], [ -117.211626918999968, 32.765589359000046 ], [ -117.210593480999989, 32.766153573000054 ], [ -117.209662845999958, 32.766990350000071 ], [ -117.209160667, 32.768099043000063 ], [ -117.209042742999941, 32.768786715000033 ], [ -117.210351634999938, 32.768851917000063 ], [ -117.210984038999982, 32.767798766000055 ], [ -117.211981757999979, 32.767097866000029 ], [ -117.212404756999945, 32.766982446000043 ], [ -117.213805448999949, 32.766853823000076 ], [ -117.215863679, 32.766935683000042 ], [ -117.216193877999956, 32.767070253000043 ], [ -117.216993524999964, 32.767912962000025 ], [ -117.217762935999986, 32.770597405000046 ], [ -117.21869675399995, 32.771630857000048 ], [ -117.21969011799996, 32.772331740000027 ], [ -117.221429762999946, 32.772830858000077 ], [ -117.222206951999965, 32.772490997000034 ], [ -117.222228647999941, 32.771940632000053 ], [ -117.221724368999958, 32.771203892000074 ], [ -117.219904763999978, 32.769935916000065 ], [ -117.219463975999986, 32.769062577000057 ], [ -117.219650985999976, 32.768591883000056 ], [ -117.220162126, 32.768061928000066 ], [ -117.22084754399998, 32.76799688400007 ], [ -117.222927241999969, 32.769207114000039 ], [ -117.225324052999952, 32.769891863000055 ], [ -117.226241593999987, 32.77009858200006 ], [ -117.227740121999943, 32.769940569000028 ], [ -117.228558542999963, 32.770012160000078 ], [ -117.22905953999998, 32.770584438000071 ], [ -117.228711504999978, 32.771166982000068 ], [ -117.227942279, 32.771919096000033 ], [ -117.227616140999942, 32.771978284000056 ], [ -117.226166101999979, 32.772959964000052 ], [ -117.224882604999948, 32.774104612000031 ], [ -117.224217473999943, 32.775160829000072 ], [ -117.223780660999978, 32.776238856000077 ], [ -117.223264688999961, 32.778280927000026 ], [ -117.218957039999964, 32.785242545000074 ], [ -117.217092840999953, 32.788484647000075 ], [ -117.215776643999959, 32.789686176000032 ], [ -117.214539592, 32.789894398000058 ], [ -117.213819585999943, 32.789822765000054 ], [ -117.212976460999982, 32.789493367000034 ], [ -117.212334792999968, 32.789015772000027 ], [ -117.211824169999943, 32.787977134000073 ], [ -117.211776456999985, 32.787153501000034 ], [ -117.211893888999953, 32.786463553000033 ], [ -117.212859897999977, 32.785680171000024 ], [ -117.215419183999984, 32.784657809000066 ], [ -117.216054984999971, 32.783769079000024 ], [ -117.216165656999976, 32.782720986000072 ], [ -117.21591889299998, 32.781762103000062 ], [ -117.214586287999964, 32.780377073000068 ], [ -117.213615632999961, 32.779069573000072 ], [ -117.213322478999942, 32.777451400000075 ], [ -117.213891871999977, 32.776507839000033 ], [ -117.214480810999987, 32.776555388000077 ], [ -117.215831210999966, 32.777142321000042 ], [ -117.217516505, 32.778192598000032 ], [ -117.218239837999988, 32.778457899000045 ], [ -117.218596864999938, 32.778343906000032 ], [ -117.218917376999968, 32.778063936000024 ], [ -117.218875976999982, 32.777542158000074 ], [ -117.218399914999964, 32.776586164000037 ], [ -117.217898718999948, 32.775986831000068 ], [ -117.215673719999984, 32.774090136000041 ], [ -117.213266818999955, 32.772801604000051 ], [ -117.211627101999966, 32.772466789000077 ], [ -117.210999719999961, 32.772088878000034 ], [ -117.210663265, 32.771517413000026 ], [ -117.210798786999987, 32.770056394000051 ], [ -117.210623065999982, 32.769481129000042 ], [ -117.21016151799995, 32.769185171000061 ], [ -117.209571241, 32.769056527000032 ], [ -117.208791475999988, 32.769312921000051 ], [ -117.208150126999953, 32.76981653100006 ], [ -117.207563969999967, 32.769962625000062 ], [ -117.207280917999981, 32.770516607000047 ], [ -117.207061652, 32.770560445000058 ], [ -117.207065012999976, 32.770713633000071 ], [ -117.207255835999945, 32.770902523000075 ], [ -117.207615472999976, 32.770952965000049 ], [ -117.207838859999981, 32.770702275000076 ], [ -117.208753711999975, 32.770744713000056 ], [ -117.209445795999954, 32.772770723000065 ], [ -117.209753660999979, 32.775186245000043 ], [ -117.210407994999969, 32.776994456000068 ], [ -117.20986000399995, 32.777331366000055 ], [ -117.210281970999972, 32.777242914000055 ], [ -117.210609862999945, 32.777321133000044 ], [ -117.210908716999938, 32.777620801000069 ], [ -117.211554799999988, 32.778931274000058 ], [ -117.211656627999957, 32.78082863700007 ], [ -117.211116992999962, 32.783393899000032 ], [ -117.210308475999966, 32.78384475200005 ], [ -117.210029092999946, 32.782886599000051 ], [ -117.210081248999984, 32.782114859000046 ], [ -117.209778759999949, 32.781706998000061 ], [ -117.209129213999972, 32.781935671000042 ], [ -117.208468517999961, 32.783237292000024 ], [ -117.208603195999956, 32.785160933000043 ], [ -117.208946782999988, 32.786063555000055 ], [ -117.208661282999969, 32.786480147000077 ], [ -117.207560053999941, 32.78693540300003 ], [ -117.20776927299994, 32.787620249000042 ], [ -117.209125036999978, 32.788536080000029 ], [ -117.209924528999977, 32.789351830000044 ], [ -117.209925597, 32.790083279000044 ], [ -117.209595586999967, 32.790979408000055 ], [ -117.208808267999984, 32.792475443000058 ], [ -117.208488056999954, 32.792780151000045 ], [ -117.208128005, 32.792785947000027 ], [ -117.208362092999948, 32.793057864000048 ], [ -117.208760234999943, 32.795088250000049 ], [ -117.20896541999997, 32.795579369000052 ], [ -117.209799134999969, 32.796504733000063 ], [ -117.211016219999976, 32.79698428100005 ], [ -117.214277693999975, 32.796775448000062 ], [ -117.215317624999955, 32.796486083000048 ], [ -117.215798037999946, 32.795929978000061 ], [ -117.215654701999938, 32.795326959000079 ], [ -117.215154347999942, 32.79475465400003 ], [ -117.213683386999946, 32.794666211000049 ], [ -117.211726945999942, 32.79488380500004 ], [ -117.210837837999975, 32.794482493000032 ], [ -117.210828514999946, 32.793959953000069 ], [ -117.211991652999984, 32.793311753000069 ], [ -117.214689858999975, 32.792615431000058 ], [ -117.216056881999975, 32.792406481000057 ], [ -117.217266896999945, 32.792471551000062 ], [ -117.218257243999972, 32.793037291000076 ], [ -117.218827447999956, 32.793826616000047 ], [ -117.219093473999976, 32.795258989000047 ], [ -117.220386448999989, 32.79504206200005 ], [ -117.222079066999981, 32.794773859000031 ], [ -117.223180100999969, 32.794291461000057 ], [ -117.223272427999973, 32.793987417000039 ], [ -117.223126948999948, 32.79319076400003 ], [ -117.223454913999944, 32.793268957000066 ], [ -117.223785454, 32.795217422000064 ], [ -117.224433256999987, 32.794934583000042 ], [ -117.226224839999986, 32.794691155000066 ], [ -117.226451328999985, 32.794577856000046 ], [ -117.226544310999941, 32.794273840000074 ], [ -117.226193763999959, 32.793013104000067 ], [ -117.226311347999967, 32.792350148000025 ], [ -117.227498995999952, 32.791291087000047 ], [ -117.229635195999947, 32.790271368000049 ], [ -117.23014976199994, 32.789905820000058 ], [ -117.230660493999949, 32.789321794000045 ], [ -117.231103073999975, 32.788545573000079 ], [ -117.231087201999969, 32.787721158000068 ], [ -117.230840017, 32.786735268000029 ], [ -117.231061133999958, 32.784668278000026 ], [ -117.232691521999982, 32.781181074000074 ], [ -117.233427001999985, 32.78034410600003 ], [ -117.23416795199995, 32.779813455000067 ], [ -117.235401998999976, 32.779494609000039 ], [ -117.236055019999981, 32.779540514000075 ], [ -117.236943273999941, 32.779831329000046 ], [ -117.23793713699996, 32.78055911000007 ], [ -117.238272801, 32.781022453000048 ], [ -117.238757438999983, 32.782446888000038 ], [ -117.239226885999983, 32.783127952000029 ], [ -117.239469034999956, 32.783812029000046 ], [ -117.239581873999953, 32.784580160000075 ], [ -117.239540480999949, 32.786126601000035 ], [ -117.239918222999961, 32.786722414000053 ], [ -117.240443406999987, 32.788612322000063 ], [ -117.240949199999989, 32.789432341000065 ], [ -117.242152192, 32.790790887000071 ], [ -117.24277908, 32.791139378000025 ], [ -117.244879014, 32.791688574000034 ], [ -117.246415147999983, 32.79169637800004 ], [ -117.247358571999939, 32.791517060000047 ], [ -117.248107158999971, 32.791425529000037 ], [ -117.249405844999956, 32.790994753000064 ], [ -117.251627576999965, 32.789368684000067 ], [ -117.251975560999938, 32.788786067000046 ], [ -117.251940307999973, 32.786999772000058 ], [ -117.250612127999943, 32.784183958000028 ], [ -117.250434335999955, 32.783471353000039 ], [ -117.249969449, 32.783038094000062 ], [ -117.249708229999953, 32.783122835000029 ], [ -117.249520713999971, 32.783510290000038 ], [ -117.249308643999939, 32.78433996800004 ], [ -117.249386938999976, 32.785025484000073 ], [ -117.249196407999989, 32.785304774000053 ], [ -117.248709450999968, 32.785419621000074 ], [ -117.24775638999995, 32.78513040100006 ], [ -117.248053304999985, 32.783667738000076 ], [ -117.247773657999971, 32.782655619000025 ], [ -117.247945396999967, 32.781470755000043 ], [ -117.248502030999987, 32.781462642000065 ], [ -117.248734238999987, 32.781734402000041 ], [ -117.248874679999972, 32.78219998000003 ], [ -117.249170719999938, 32.782359901000063 ], [ -117.249959064999985, 32.782569506000073 ], [ -117.250185497999951, 32.782456156000023 ], [ -117.250251427999956, 32.780805054000041 ], [ -117.250737514999969, 32.77892799500006 ], [ -117.250342001999968, 32.778740990000074 ], [ -117.249589851999986, 32.77872435200004 ], [ -117.248549587999946, 32.778930742000057 ], [ -117.248291907999942, 32.779125918000034 ], [ -117.248078309999983, 32.779845247000026 ], [ -117.24785239, 32.780012630000044 ], [ -117.247129291999954, 32.779803770000058 ], [ -117.246393985999987, 32.778876426000068 ], [ -117.246486320999963, 32.77860161600006 ], [ -117.246316991999947, 32.778274239000041 ], [ -117.246439652, 32.777942314000029 ], [ -117.246927424999967, 32.777741989000049 ], [ -117.247485519999941, 32.77792749300005 ], [ -117.248146567, 32.778385551000042 ], [ -117.249647185999947, 32.778310645000033 ], [ -117.250916470999982, 32.778074282000034 ], [ -117.250526563999983, 32.776510214000041 ], [ -117.250009434, 32.775142832000029 ], [ -117.24880008599996, 32.773315966000041 ], [ -117.248785047999945, 32.772599605000039 ], [ -117.247575023999957, 32.772424585000067 ], [ -117.246337578999942, 32.772633128000052 ], [ -117.245859586999984, 32.773218741000051 ], [ -117.246682724999971, 32.775270893000027 ], [ -117.246496751999985, 32.775768689000074 ], [ -117.245944184999985, 32.775941270000033 ], [ -117.245417759999953, 32.775698706000071 ], [ -117.244919085999982, 32.775212113000066 ], [ -117.244447629999968, 32.77453097700004 ], [ -117.244139374999975, 32.773735837000061 ], [ -117.244671217999951, 32.772574331000044 ], [ -117.245150490999947, 32.772072052000055 ], [ -117.245203189999984, 32.77141057700004 ], [ -117.244806189999963, 32.771113214000025 ], [ -117.243523596999978, 32.770608485000025 ], [ -117.24277927199995, 32.770977009000035 ], [ -117.242412355999988, 32.770595506000063 ], [ -117.242173311999977, 32.770048860000031 ], [ -117.242291492, 32.769415163000076 ], [ -117.244106158999955, 32.767052516000035 ], [ -117.244640193999942, 32.765918115000034 ], [ -117.245057690999943, 32.763875881000047 ], [ -117.245608851999975, 32.763703234000047 ], [ -117.246165989999952, 32.763778419000062 ], [ -117.246307528999978, 32.764381329000059 ], [ -117.245918427999982, 32.76449843000006 ], [ -117.24586650599997, 32.765240961000075 ], [ -117.246043994, 32.76592654600006 ], [ -117.245954997999945, 32.766449068000043 ], [ -117.24529757, 32.767834349000054 ], [ -117.245406066999976, 32.768381724000051 ], [ -117.246574746999954, 32.769743134000066 ], [ -117.247431702999961, 32.770115695000072 ], [ -117.248406758999977, 32.769937812000023 ], [ -117.248690738999983, 32.76943777300005 ], [ -117.24838333799994, 32.768701194000073 ], [ -117.248368042999971, 32.767957817000024 ], [ -117.248582413999941, 32.767184508000071 ], [ -117.249271444999977, 32.765690385000028 ], [ -117.249250970999981, 32.764645198000039 ], [ -117.249135179999939, 32.763766661000034 ], [ -117.248485147999986, 32.762179360000061 ], [ -117.247480726999981, 32.760956070000077 ], [ -117.246987417999947, 32.760769056000072 ], [ -117.24640048599997, 32.760805031000075 ], [ -117.245888506999961, 32.761278806000064 ], [ -117.245957588999943, 32.76149803900006 ], [ -117.246120154999971, 32.761496528000066 ], [ -117.245738723999978, 32.761969565000072 ], [ -117.245316028, 32.762112125000044 ], [ -117.245120279999981, 32.762060345000066 ], [ -117.244588067999985, 32.761599216000036 ], [ -117.244963222999957, 32.76068704100004 ], [ -117.245571279999979, 32.760127675000035 ], [ -117.246190118999948, 32.76000990600005 ], [ -117.253388108999957, 32.759168814000077 ], [ -117.252701108999986, 32.762368964000075 ], [ -117.252366491999965, 32.765400785000054 ], [ -117.252520895999965, 32.769935962000034 ], [ -117.25275716799996, 32.772024079000062 ], [ -117.252704201999961, 32.777636721000079 ], [ -117.253100916, 32.782885222000061 ], [ -117.253492562999952, 32.784557394000046 ], [ -117.253831049999974, 32.786837013000024 ], [ -117.254855138999972, 32.790755073000071 ], [ -117.255428417999951, 32.793360574000076 ], [ -117.256364997, 32.796210097000028 ], [ -117.256593863999967, 32.796420927000042 ], [ -117.257380573999967, 32.79905425000004 ], [ -117.258321730999967, 32.801080280000065 ], [ -117.258692490999977, 32.80190078000004 ], [ -117.259190079999939, 32.802583080000034 ], [ -117.262444617999961, 32.806567682000036 ], [ -117.263237932999971, 32.807220805000043 ], [ -117.264518077999981, 32.807732009000063 ], [ -117.265886524999985, 32.807441560000029 ], [ -117.266311348999977, 32.807465581000031 ], [ -117.266804180999941, 32.807571495000047 ], [ -117.267200194999987, 32.807898014000045 ], [ -117.26813495, 32.809345301000064 ], [ -117.268909827999948, 32.811237603000052 ], [ -117.270998714999962, 32.813417546000039 ], [ -117.271626229999981, 32.813905470000066 ], [ -117.271953118999988, 32.814012750000074 ], [ -117.272638873999938, 32.813978962000078 ], [ -117.272818457999961, 32.815132743000049 ], [ -117.273016534999954, 32.815378144000078 ], [ -117.273246846999939, 32.815402218000031 ], [ -117.273023580999961, 32.815817327000047 ], [ -117.272409953999954, 32.816345051000042 ], [ -117.272057338999957, 32.816844243000048 ], [ -117.272655677999978, 32.817609896000079 ], [ -117.273349515999939, 32.818206634000035 ], [ -117.273940594999942, 32.818422810000072 ], [ -117.274268082, 32.818417583000041 ], [ -117.274916490999942, 32.818053488000032 ], [ -117.275017790999982, 32.818384468000033 ], [ -117.275345393999942, 32.818408502000068 ], [ -117.276037174999942, 32.818840842000043 ], [ -117.276634779999938, 32.81957718600006 ], [ -117.277620706999983, 32.819953243000043 ], [ -117.277985941999987, 32.820417859000031 ], [ -117.278380111, 32.820577722000053 ], [ -117.279098093999949, 32.820489114000054 ], [ -117.279169374, 32.82087272900003 ], [ -117.279398089999972, 32.82095298400003 ], [ -117.279537351999977, 32.821585030000051 ], [ -117.279736527999944, 32.821803466000063 ], [ -117.280228656999952, 32.821963314000072 ], [ -117.280103610999959, 32.822405446000062 ], [ -117.279655808999962, 32.823069090000047 ], [ -117.279631084999949, 32.823619348000079 ], [ -117.279131534999976, 32.825439664000044 ], [ -117.2791451, 32.826430538000068 ], [ -117.279458701999943, 32.827802016000078 ], [ -117.280542595999975, 32.830707697000037 ], [ -117.280949462999956, 32.831831385000044 ], [ -117.28141666099998, 32.83251447400005 ], [ -117.280604301999972, 32.835301705000063 ], [ -117.280787905999944, 32.836757245000058 ], [ -117.280836497999985, 32.838022047000038 ], [ -117.281382033999989, 32.839694484000063 ], [ -117.28113647899994, 32.840797262000024 ], [ -117.280694019999942, 32.841956277000065 ], [ -117.28005742299996, 32.843200910000064 ], [ -117.279734272999974, 32.843561936000071 ], [ -117.278503119999982, 32.844371935000026 ], [ -117.278065311999967, 32.845778714000062 ], [ -117.278328989999977, 32.846051877000036 ], [ -117.278071928999964, 32.846328157000073 ], [ -117.277986430999988, 32.84721096100003 ], [ -117.277667846999975, 32.847790495000027 ], [ -117.277437708999969, 32.847793439000043 ], [ -117.277108729999952, 32.847602798000025 ], [ -117.276980900999945, 32.847797233000051 ], [ -117.276651633999961, 32.847662841000044 ], [ -117.27655688599998, 32.847912808000046 ], [ -117.276042218999976, 32.848411320000025 ], [ -117.275779112999942, 32.848387991000038 ], [ -117.275262445999942, 32.848886407000066 ], [ -117.275103085999945, 32.849135656000044 ], [ -117.275235994999946, 32.849245283000073 ], [ -117.274912541, 32.849579273000074 ], [ -117.274485954999989, 32.849444910000045 ], [ -117.273777944999949, 32.850305877000039 ], [ -117.273034656999982, 32.850917658000071 ], [ -117.273136294999972, 32.851109122000025 ], [ -117.272649719999947, 32.851388352000072 ], [ -117.271989771999984, 32.850955190000036 ], [ -117.271918664999987, 32.850569328000063 ], [ -117.271523498999954, 32.850299113000062 ], [ -117.270967520999989, 32.850248816000033 ], [ -117.270380976999945, 32.850476183000069 ], [ -117.269952845999967, 32.850231456000074 ], [ -117.269751065999969, 32.849794578000058 ], [ -117.269486447999952, 32.849577618000069 ], [ -117.269527044999961, 32.850126369000066 ], [ -117.269134171999951, 32.85013082100005 ], [ -117.268536980999954, 32.849448463000044 ], [ -117.266861276999975, 32.848860562000027 ], [ -117.266728572999966, 32.84861365200004 ], [ -117.26630468899998, 32.848726947000046 ], [ -117.265657805999979, 32.849228334000031 ], [ -117.265428076999967, 32.849204268000051 ], [ -117.264637285, 32.848661527000047 ], [ -117.264374995999958, 32.848635960000024 ], [ -117.263208143999975, 32.849417244000051 ], [ -117.262799701999938, 32.85055073500007 ], [ -117.262412468999969, 32.850994281000055 ], [ -117.259721389, 32.852587602000028 ], [ -117.258692954999958, 32.853917588000058 ], [ -117.257411017999971, 32.855827781000073 ], [ -117.256643740999948, 32.857210283000029 ], [ -117.255680476999942, 32.858540989000062 ], [ -117.254821934999939, 32.860364878000041 ], [ -117.254192857999954, 32.862185829000055 ], [ -117.25376049099998, 32.864087860000041 ], [ -117.252788497999973, 32.867261321000058 ], [ -117.25280195199997, 32.868279182000038 ], [ -117.25217807699994, 32.870512204000079 ], [ -117.252254259999972, 32.871364167000024 ], [ -117.252159160999952, 32.871587086000034 ], [ -117.251798985, 32.871723515000042 ], [ -117.251162747999956, 32.872612393000054 ], [ -117.25073316299995, 32.874077931000045 ], [ -117.250385909999977, 32.876310193000052 ], [ -117.250401954999973, 32.877163883000037 ], [ -117.250956882999958, 32.880403235000074 ], [ -117.252177564999954, 32.884348450000061 ], [ -117.252296506999983, 32.887072577000026 ], [ -117.252487151999958, 32.888391179000052 ], [ -117.252579901999979, 32.891498941000066 ], [ -117.252722315999961, 32.893726785000069 ], [ -117.252680446999989, 32.896616788000074 ], [ -117.25312443599995, 32.899223127000027 ], [ -117.253445105999958, 32.902219872000046 ], [ -117.253980104999982, 32.90444106700005 ], [ -117.25417121299995, 32.905896974000029 ], [ -117.255212649999976, 32.907230053000035 ], [ -117.255159286999969, 32.907837488000041 ], [ -117.25620994999997, 32.911345005000044 ], [ -117.257296912999948, 32.913366586000052 ], [ -117.257600601999968, 32.913857700000051 ], [ -117.25779917899996, 32.913963626000054 ], [ -117.257672879999973, 32.914214366000067 ], [ -117.257782013999986, 32.914764026000057 ], [ -117.258159154999987, 32.91566587300008 ], [ -117.258701980999945, 32.923225706000039 ], [ -117.258694455999944, 32.924546428000042 ], [ -117.259499686999959, 32.930506970000067 ], [ -117.259977925999976, 32.933144144000039 ], [ -117.26182205899994, 32.940433125000027 ], [ -117.261913862999961, 32.94126105600003 ], [ -117.261955292999971, 32.941641056000037 ], [ -117.261983578999946, 32.941894421000029 ], [ -117.262333556999977, 32.943062827000062 ], [ -117.262360482999952, 32.943151840000041 ], [ -117.262448311999947, 32.943443957000056 ], [ -117.262683312999968, 32.94422447200003 ], [ -117.262752966999983, 32.944385220000072 ], [ -117.26405666, 32.947425008000039 ], [ -117.264267333999953, 32.948179646000028 ], [ -117.264851209999961, 32.950270296000042 ], [ -117.264869613999963, 32.950336410000034 ], [ -117.265429780999966, 32.951485237000043 ], [ -117.265465193999944, 32.951556635000031 ], [ -117.265994729999989, 32.95273555600005 ], [ -117.266609440999957, 32.95491764500008 ], [ -117.26726231799995, 32.957232024000064 ], [ -117.267342182, 32.957719571000041 ], [ -117.267416242999957, 32.958173092000038 ], [ -117.267489782999974, 32.95862433800005 ], [ -117.267547472, 32.958980332000067 ], [ -117.267709740999976, 32.959978049000028 ], [ -117.268122822999942, 32.965943042000049 ], [ -117.26827340799997, 32.967131518000031 ], [ -117.268278255999974, 32.96717 ], [ -117.268576289999942, 32.969513051000035 ], [ -117.268580241999985, 32.96954474000006 ], [ -117.268614230999958, 32.969658834000029 ], [ -117.268675056999939, 32.969904694000036 ], [ -117.268859092999946, 32.970649101000049 ], [ -117.268876544999955, 32.97071967100004 ], [ -117.269092225999941, 32.971593816000052 ], [ -117.269354403999955, 32.972656899000071 ], [ -117.269377203999966, 32.972747971000047 ], [ -117.270116518999941, 32.975739243000078 ], [ -117.270233112999961, 32.976061940000079 ], [ -117.270667376999938, 32.977261226000053 ], [ -117.271031457, 32.97844152600004 ], [ -117.271083923, 32.978610482000079 ], [ -117.271162290999939, 32.978863902000057 ], [ -117.271363408999946, 32.97958208700004 ], [ -117.271375287999945, 32.979625394000038 ], [ -117.271490732999951, 32.980038059000037 ], [ -117.271543889999975, 32.980227303000049 ], [ -117.271553688999973, 32.980261512000027 ], [ -117.271587246999957, 32.980382337000037 ], [ -117.271936191999941, 32.98163170600003 ], [ -117.272041788999957, 32.981897632000027 ], [ -117.272142790999965, 32.982152092000035 ], [ -117.272404534999964, 32.98232617900004 ], [ -117.272508948999985, 32.982394002000035 ], [ -117.272457355999961, 32.984581426000034 ], [ -117.272455510999976, 32.984651108000037 ], [ -117.272535436999988, 32.985035132000064 ], [ -117.273397111999941, 32.989179818000025 ], [ -117.273991861999946, 32.991097663000062 ], [ -117.274003450999942, 32.991537058000063 ], [ -117.274030678999964, 32.991941161000057 ], [ -117.274046613999985, 32.992169202000071 ], [ -117.274315180999963, 32.993248329000039 ], [ -117.274348018999945, 32.993380373000036 ], [ -117.274367038999969, 32.993457767000052 ], [ -117.274421482999969, 32.993534541000031 ], [ -117.274635413999988, 32.993839209000043 ], [ -117.275019714999985, 32.995749619000037 ], [ -117.27507170399997, 32.996008577000055 ], [ -117.275347777999968, 32.996518654000056 ], [ -117.276351896, 32.998374308000052 ], [ -117.276402518999987, 32.998468909000053 ], [ -117.276445505999959, 32.998547407000046 ], [ -117.276976711999964, 32.99953058400007 ], [ -117.277226845999962, 32.999719885000047 ], [ -117.277602306999938, 33.000004973000046 ], [ -117.277747469999952, 33.001134685000068 ], [ -117.277721504999988, 33.001772654000035 ], [ -117.277686827999958, 33.002617273000055 ], [ -117.277762461999941, 33.004067871000075 ], [ -117.27782289299995, 33.00522744500006 ], [ -117.277995876999967, 33.006236906000026 ], [ -117.278201404999947, 33.007434661000048 ], [ -117.278329569999983, 33.008187747000079 ], [ -117.278374102999976, 33.008448612000052 ], [ -117.278707513999962, 33.01040394000006 ], [ -117.27871965199995, 33.010474266000074 ], [ -117.278791505999948, 33.010756642000047 ], [ -117.279149015999963, 33.012175192000029 ], [ -117.279740173, 33.013491957000042 ], [ -117.281022700999983, 33.015878026000053 ], [ -117.281422167999949, 33.016319501000055 ], [ -117.282269153999948, 33.01760525800006 ], [ -117.282564868999941, 33.018318782000051 ], [ -117.284467259999985, 33.021509767000055 ], [ -117.284647139999947, 33.021970400000043 ], [ -117.284678157999963, 33.02204834500003 ], [ -117.285589013999981, 33.024381293000033 ], [ -117.287332506999974, 33.027781004000076 ], [ -117.288185729999952, 33.029179549000048 ], [ -117.289066927999954, 33.031106012000066 ], [ -117.289698095999938, 33.032334561000027 ], [ -117.291039720999947, 33.034196634000068 ], [ -117.293304594999938, 33.035344869000028 ], [ -117.294188688999952, 33.035999851000042 ], [ -117.294878035999943, 33.036877705000052 ], [ -117.296100089999982, 33.041407962000051 ], [ -117.296698480999964, 33.04508813800004 ], [ -117.297771822999948, 33.048283713000046 ], [ -117.297812004999969, 33.048395836000054 ], [ -117.301444001999982, 33.057765105000044 ], [ -117.303947008999955, 33.063717913000062 ], [ -117.304435096999953, 33.064550501000042 ], [ -117.304836974999944, 33.065941789000078 ], [ -117.305494682999949, 33.066734883000038 ], [ -117.306317083999943, 33.068764354000052 ], [ -117.306944616999942, 33.070852416000037 ], [ -117.307767396999964, 33.072359756000026 ], [ -117.309813192999968, 33.078066492000062 ], [ -117.310712664, 33.082154295000066 ], [ -117.310820622, 33.082645373000048 ], [ -117.310847445999968, 33.082768135000038 ], [ -117.311238385999957, 33.084548271000074 ], [ -117.312088334999942, 33.08709662800004 ], [ -117.312275776999968, 33.087661113000024 ], [ -117.312339570999939, 33.087853086000052 ], [ -117.315459795999971, 33.095467970000072 ], [ -117.316282375999947, 33.096921252000072 ], [ -117.316743719999977, 33.098182456000075 ], [ -117.317137928999955, 33.098785654000039 ], [ -117.31865479399994, 33.102242238000031 ], [ -117.321028727999987, 33.108278970000072 ], [ -117.32307160299996, 33.112529288000076 ], [ -117.32366742, 33.114672124000037 ], [ -117.325117088999946, 33.117715972000042 ], [ -117.326205111999968, 33.120376433000047 ], [ -117.32854154499995, 33.124187724000024 ], [ -117.329845389999946, 33.125422101000026 ], [ -117.331069061, 33.126375978000056 ], [ -117.332580567999969, 33.128155469000035 ], [ -117.334288123999954, 33.129550023000036 ], [ -117.334846733999939, 33.13034523500005 ], [ -117.336560408999958, 33.133524818000069 ], [ -117.338176982, 33.137476439000068 ], [ -117.339661312999965, 33.14057576600004 ], [ -117.340774317999944, 33.142442794000033 ], [ -117.342719146999968, 33.14465606300007 ], [ -117.343191285999978, 33.145082698000067 ], [ -117.34336075899995, 33.145234462000076 ], [ -117.34355639599994, 33.145436934000031 ], [ -117.344527461999974, 33.146435461000067 ], [ -117.346697601999949, 33.149505198000043 ], [ -117.347387854999965, 33.150243343000056 ], [ -117.348211509999942, 33.151559231000078 ], [ -117.352107032, 33.156958122000049 ], [ -117.352457147999985, 33.157505215000072 ], [ -117.356039675999966, 33.161640634000037 ], [ -117.357291110999938, 33.163558858000044 ], [ -117.357983159999947, 33.164407321000056 ], [ -117.358051431999968, 33.164500453000073 ], [ -117.358094896999944, 33.164563197000064 ], [ -117.358577510999964, 33.165235586000051 ], [ -117.360088764999944, 33.16733890200004 ], [ -117.362589368999977, 33.170184865000067 ], [ -117.36443107499997, 33.172541724000041 ], [ -117.367322312999988, 33.17541434900005 ], [ -117.367982377999965, 33.176263567000035 ], [ -117.368047548, 33.176509601000078 ], [ -117.367893628, 33.176916747000064 ], [ -117.368055643, 33.177029884000035 ], [ -117.368252775999963, 33.176741736000054 ], [ -117.368569965999939, 33.176720120000027 ], [ -117.369592588999978, 33.17812370200005 ], [ -117.373802895999972, 33.182750837000071 ], [ -117.376897449999944, 33.186501275000069 ], [ -117.383773864999966, 33.194138867000049 ], [ -117.385353720999944, 33.19635758000004 ], [ -117.386965229999987, 33.197999269000036 ], [ -117.388414813999987, 33.199860942000043 ], [ -117.390685848999965, 33.202378703000079 ], [ -117.391116354999951, 33.202711023000063 ], [ -117.392334818999984, 33.204107556000054 ], [ -117.395852136999963, 33.20736129900007 ], [ -117.396246448999989, 33.207496153000079 ], [ -117.398533764999968, 33.207021019000024 ], [ -117.398637673999986, 33.207102237000072 ], [ -117.395392959999981, 33.207853725000064 ], [ -117.393851302999963, 33.207448695000039 ], [ -117.392207216999964, 33.20586187400005 ], [ -117.392073301999972, 33.205506954000043 ], [ -117.391844980999963, 33.205424608000044 ], [ -117.390462628999956, 33.204193965000059 ], [ -117.388271867999947, 33.205440822000071 ], [ -117.388505085999952, 33.20656549000006 ], [ -117.391192507999961, 33.206416947000037 ], [ -117.39336187899994, 33.208194080000055 ], [ -117.394027759999972, 33.21071801100004 ], [ -117.393669561999957, 33.211462575000041 ], [ -117.393346415999986, 33.21272639600005 ], [ -117.394169543999965, 33.213409566000053 ], [ -117.39540892399998, 33.211948569000072 ], [ -117.394882448999965, 33.211566909000055 ], [ -117.395143170999972, 33.211153298000056 ], [ -117.39580117099996, 33.211561156000073 ], [ -117.39684488599994, 33.210374895000029 ], [ -117.39631918699996, 33.209939258000077 ], [ -117.394939836999981, 33.209203959000035 ], [ -117.39470902, 33.208930191000036 ], [ -117.39480668799996, 33.208763547000046 ], [ -117.395660125999939, 33.209171234000053 ], [ -117.39662167399996, 33.208955838000065 ], [ -117.39667542799998, 33.209057299000051 ], [ -117.396499749999975, 33.209083125000063 ], [ -117.397168133999969, 33.209495946000061 ], [ -117.397956780999948, 33.210037988000067 ], [ -117.39887646699998, 33.210446396000066 ], [ -117.400514705999967, 33.21049335400005 ], [ -117.401958228999945, 33.21070706200004 ], [ -117.402319370999976, 33.210952939000038 ], [ -117.402585152999961, 33.211664921000079 ], [ -117.402848634999941, 33.211773594000078 ], [ -117.402721005999979, 33.212902221000036 ], [ -117.401346908999983, 33.213319617000025 ], [ -117.40111722499995, 33.213541077000059 ], [ -117.401283257999978, 33.213980719000062 ], [ -117.40049804399996, 33.214588990000038 ], [ -117.39968085199996, 33.215058515000067 ], [ -117.398662858999955, 33.214375579000034 ], [ -117.398334659999989, 33.214378762000024 ], [ -117.398400910999953, 33.214735124000072 ], [ -117.397584480999967, 33.215150651000044 ], [ -117.397288818, 33.215042764000032 ], [ -117.395915800999944, 33.215955309000037 ], [ -117.399535835, 33.21984158600003 ], [ -117.401399979999951, 33.218870145000039 ], [ -117.401956766999945, 33.218537406000053 ], [ -117.402086192999946, 33.218345182000064 ], [ -117.402019540999959, 33.218015812000033 ], [ -117.40149261, 33.217084969000041 ], [ -117.400635587999943, 33.216071699000054 ], [ -117.401387829999976, 33.215434931000061 ], [ -117.402598810999962, 33.215046188000031 ], [ -117.402697428999943, 33.215210443000046 ], [ -117.401977978, 33.215679894000061 ], [ -117.402471592999973, 33.216199590000031 ], [ -117.403255222999974, 33.215343652000058 ], [ -117.404330781999988, 33.213857158000053 ], [ -117.40460958999995, 33.209458228000074 ], [ -117.401626111999974, 33.20635935200005 ], [ -117.401941124999951, 33.206342058000075 ], [ -117.404870094999978, 33.209267410000052 ], [ -117.404759153999976, 33.21421409800007 ], [ -117.403712093999957, 33.215044658000068 ], [ -117.403387110999972, 33.215594936000059 ], [ -117.403980562999948, 33.216553532000034 ], [ -117.40500626, 33.218857329000059 ], [ -117.40714591699998, 33.221402677000071 ], [ -117.407840729999975, 33.222746211000072 ], [ -117.408234727999968, 33.223128602000031 ], [ -117.409286519999966, 33.223756723000065 ], [ -117.413108234999982, 33.228630836000036 ], [ -117.419170308, 33.23602081000007 ], [ -117.421837698, 33.23883954300004 ], [ -117.424638690999984, 33.242233687000066 ], [ -117.427933693999989, 33.246338732000027 ], [ -117.430669026999965, 33.250056184000073 ], [ -117.430824800999972, 33.250407556000027 ], [ -117.431083245999957, 33.250576722000062 ], [ -117.436324509999963, 33.257143613000039 ], [ -117.436836398999958, 33.257972380000069 ], [ -117.440344932999949, 33.26207548900004 ], [ -117.444361903999948, 33.26731096900005 ], [ -117.449996901999953, 33.27396256600008 ], [ -117.451318565999941, 33.275376756000071 ], [ -117.453469758999972, 33.278340631000049 ], [ -117.454570747, 33.279285741000024 ], [ -117.455440865999947, 33.280227266000054 ], [ -117.45898412799994, 33.284358510000061 ], [ -117.462588598999957, 33.288818782000078 ], [ -117.46555514299996, 33.29203725900004 ], [ -117.469094619999964, 33.296496723000075 ], [ -117.470163255999978, 33.297440273000063 ], [ -117.47251816499994, 33.300019072000055 ], [ -117.476160180999955, 33.304287122000062 ], [ -117.478384305999953, 33.306756458000052 ], [ -117.480291599999987, 33.308642170000041 ], [ -117.481450497999958, 33.31016588600005 ], [ -117.488331766999977, 33.317076403000044 ], [ -117.48923302999998, 33.318183433000058 ], [ -117.490270647999978, 33.319073685000035 ], [ -117.491722934999984, 33.320626130000051 ], [ -117.494603745999939, 33.323153690000026 ], [ -117.50000186799997, 33.328145223000035 ], [ -117.500278596999976, 33.328274560000068 ], [ -117.501123021999945, 33.329266448000055 ], [ -117.502751390999947, 33.330732064000074 ], [ -117.505516687999943, 33.333603169000071 ], [ -117.509616965999953, 33.337111914000047 ], [ -117.513169195999978, 33.339682377000031 ], [ -117.517467591999946, 33.343109636000065 ], [ -117.521149402, 33.345791427000051 ], [ -117.526525063999941, 33.349551947000066 ], [ -117.53288198599995, 33.353699995000056 ], [ -117.535585731999959, 33.355964543000027 ], [ -117.542071048999958, 33.360689581000031 ], [ -117.545591072999969, 33.363590938000073 ], [ -117.547091114999944, 33.364503401000036 ], [ -117.549440580999942, 33.365527540000073 ], [ -117.551559823, 33.366663057000039 ], [ -117.554532282999958, 33.36763574400004 ], [ -117.558510509999962, 33.369847866000043 ], [ -117.561808889999952, 33.370931510000048 ], [ -117.564646539999956, 33.372424778000038 ], [ -117.568395630999987, 33.375243319000049 ], [ -117.571033813999975, 33.378058048000071 ], [ -117.571784106999985, 33.378610945000048 ], [ -117.573579715, 33.37957884900004 ], [ -117.574460221999971, 33.379883077000045 ], [ -117.576911417999952, 33.380330429000026 ], [ -117.581548522, 33.381555528000035 ], [ -117.583639095999956, 33.382000463000054 ], [ -117.588737821999985, 33.382730018000075 ], [ -117.595945882999956, 33.384708543000045 ], [ -117.598938311999973, 33.38828780800003 ], [ -117.602819740999962, 33.396900901000038 ], [ -117.608337482999957, 33.404270619000044 ], [ -117.608677936, 33.404688398000076 ], [ -117.615969923999955, 33.41228822100004 ], [ -117.616865794999967, 33.413306434000049 ], [ -117.617709070999979, 33.414329104000046 ], [ -117.617914359999986, 33.414590158000067 ], [ -117.619172619999972, 33.416335466000078 ], [ -117.619858334999947, 33.417324257000075 ], [ -117.622141071999977, 33.416176432000043 ], [ -117.624260654999944, 33.418200009000032 ], [ -117.62228007799996, 33.420234432000029 ], [ -117.62501290299997, 33.422370207000029 ], [ -117.625012519999984, 33.422484996000037 ], [ -117.62791341999997, 33.424781093000036 ], [ -117.629675031999966, 33.427140215000065 ], [ -117.635858387999974, 33.432412786000043 ], [ -117.63788361099995, 33.434236227000042 ], [ -117.638802221, 33.434904118000077 ], [ -117.648187499999949, 33.441271650000033 ], [ -117.64902705999998, 33.441906786000061 ], [ -117.655941021, 33.447320391000062 ], [ -117.66491621199998, 33.451017204000038 ], [ -117.677772360999938, 33.458970914000076 ], [ -117.678500276999955, 33.459484002000067 ], [ -117.679235727, 33.459731773000044 ], [ -117.679740544999959, 33.459809780000057 ], [ -117.68060132, 33.459918861000062 ], [ -117.686581635999971, 33.460279618000072 ], [ -117.689696061999939, 33.453178149000053 ], [ -117.693845297999985, 33.454965906000041 ], [ -117.705299167999954, 33.458201209000038 ], [ -117.708482029999971, 33.457930023000074 ], [ -117.710773099, 33.457892997000044 ], [ -117.713065304999986, 33.45780419700003 ], [ -117.714468849999946, 33.457920496000042 ], [ -117.714830073999963, 33.458041746000049 ], [ -117.715493811999977, 33.458211949000031 ], [ -117.71641266499995, 33.458647438000071 ], [ -117.716569786999969, 33.459210205000034 ], [ -117.716570874999945, 33.459766304000027 ], [ -117.716208732999974, 33.464372580000031 ], [ -117.722134847999939, 33.473864792000029 ], [ -117.725806268999975, 33.481709479000074 ], [ -117.730007684999975, 33.482606862000068 ], [ -117.733684918999984, 33.483123821000049 ], [ -117.737526298999967, 33.487668391000057 ], [ -117.739379361999966, 33.49172300400005 ], [ -117.740061011999956, 33.493807416000038 ], [ -117.740869367999949, 33.495419952000077 ], [ -117.743897184, 33.498284070000068 ], [ -117.74647946999994, 33.499656855000069 ], [ -117.746696789999987, 33.500006036000059 ], [ -117.749417731, 33.504182980000053 ], [ -117.750010955999983, 33.504725982000025 ], [ -117.750011945999972, 33.504509903000042 ], [ -117.756659325999976, 33.510985464000044 ], [ -117.760735267999962, 33.512943668000048 ], [ -117.763845121999964, 33.517172866000067 ], [ -117.766670282999939, 33.521013973000038 ], [ -117.778271322999956, 33.530386359000033 ], [ -117.785690099999954, 33.539173758000061 ], [ -117.795811049999941, 33.542200998000055 ], [ -117.816559210999969, 33.549672429000054 ], [ -117.816594073999966, 33.549685149000027 ], [ -117.821882671999958, 33.552921634000029 ], [ -117.826591406999967, 33.558263408000073 ], [ -117.837026743999957, 33.563714091000065 ], [ -117.844448420999981, 33.570918033000055 ], [ -117.850283365999985, 33.574910188000047 ], [ -117.862635781, 33.582978446000027 ], [ -117.865745058999948, 33.584735612000031 ], [ -117.870298985999966, 33.588146775000041 ], [ -117.872342600999957, 33.589451981000025 ], [ -117.873494003999951, 33.590335099000072 ], [ -117.875012700999946, 33.591024079000078 ], [ -117.875011594999989, 33.588581228000066 ], [ -117.879879493999965, 33.587416669000049 ], [ -117.927453250999974, 33.604572159000043 ], [ -117.930762851999987, 33.605187750000027 ], [ -117.932192945999986, 33.607824475000029 ], [ -117.949795661999985, 33.621776252000075 ], [ -117.953905862999989, 33.625020054000061 ], [ -117.957526410999947, 33.627874464000058 ], [ -117.957715942999982, 33.628062336000028 ], [ -118.000012389999938, 33.653392104000034 ], [ -118.000012086999959, 33.648776319000035 ], [ -118.029586829999971, 33.671008939000046 ], [ -118.050719741999956, 33.689946758000076 ], [ -118.082698851999965, 33.720528158000036 ], [ -118.088275797999984, 33.725859749000051 ], [ -118.096856119, 33.723013130000027 ], [ -118.117868618999978, 33.741262606000078 ], [ -118.125112229999957, 33.743229328000041 ], [ -118.177211366999984, 33.757316378000041 ], [ -118.177086711999948, 33.736214229000041 ], [ -118.240323091, 33.736723718000064 ], [ -118.250603674, 33.736802985000054 ], [ -118.250754339999958, 33.708344626000041 ], [ -118.250797246, 33.700117785000032 ], [ -118.288975431999972, 33.698934627000028 ], [ -118.314278221999984, 33.708954363000032 ], [ -118.335139281999943, 33.717211157000065 ], [ -118.375011322999967, 33.735494138000035 ], [ -118.375012496999943, 33.739419530000077 ], [ -118.396904521999943, 33.735458236000056 ], [ -118.412216452999985, 33.73888276100007 ], [ -118.430949866, 33.778527227000041 ], [ -118.400341966999974, 33.804333919000044 ], [ -118.400329510999939, 33.804364983000028 ], [ -118.400162290999958, 33.804804647000026 ], [ -118.39585546099994, 33.816126975000032 ], [ -118.395798115, 33.816277971000034 ], [ -118.395153001999972, 33.835734296000055 ], [ -118.402247460999945, 33.841670368000052 ], [ -118.405148249999968, 33.860919218000049 ], [ -118.411738860999947, 33.875017875000026 ], [ -118.412063185999955, 33.875678579000066 ], [ -118.412335249999956, 33.876231483000026 ], [ -118.416545472999985, 33.884840604000033 ], [ -118.420504629, 33.89295831000004 ], [ -118.424762782999949, 33.901645570000028 ], [ -118.425778555999955, 33.903721527000073 ], [ -118.428616808999948, 33.909520440000051 ], [ -118.431891877999988, 33.916211609000072 ], [ -118.43337201099996, 33.91904346900003 ], [ -118.437394592999965, 33.926672152000037 ], [ -118.441397054, 33.934297731000072 ], [ -118.444591838999941, 33.940361822000057 ], [ -118.446226335999938, 33.943467286000043 ], [ -118.449791766999965, 33.949078817000043 ], [ -118.452154791999988, 33.952857560000041 ], [ -118.454575854999973, 33.956717239000056 ], [ -118.458689496999966, 33.954792932000032 ], [ -118.462036082999987, 33.959283511000024 ], [ -118.466258674999949, 33.964943685000037 ], [ -118.463598372999968, 33.966367897000055 ], [ -118.465292636999948, 33.968383072000051 ], [ -118.469374720999951, 33.973227205000057 ], [ -118.473635908999938, 33.978359340000054 ], [ -118.477195073999951, 33.982580394000024 ], [ -118.481133367999973, 33.987292769000078 ], [ -118.484681743999943, 33.991526751000038 ], [ -118.486131499999942, 33.993237653000051 ], [ -118.488175937, 33.995373533000077 ], [ -118.491652411999951, 33.998960577000048 ], [ -118.492654849999951, 34.000008611000055 ], [ -118.49261357599994, 34.000009348000049 ], [ -118.495639684999958, 34.003158601000052 ], [ -118.500012698999967, 34.007701722000036 ], [ -118.500012350999953, 34.009140848000072 ], [ -118.518507894999971, 34.022204606000059 ], [ -118.542968163999944, 34.033158308000054 ], [ -118.566234767999958, 34.034751199000027 ], [ -118.584676103, 34.03601074900007 ], [ -118.609516662999965, 34.034980850000068 ], [ -118.625013068999976, 34.035529810000071 ], [ -118.625011836999988, 34.035119845000054 ], [ -118.647497765999958, 34.03599603400005 ], [ -118.671488782999972, 34.036948224000071 ], [ -118.681520488, 34.029643577000058 ], [ -118.692797300999985, 34.031519679000041 ], [ -118.706134622999969, 34.02852058700006 ], [ -118.731844806999959, 34.032072989000028 ], [ -118.741887, 34.03166499200006 ], [ -118.747004254999979, 34.030632860000026 ], [ -118.750011570999959, 34.029324745000054 ], [ -118.754221882999957, 34.025008343000025 ], [ -118.784695775999978, 34.019571480000025 ], [ -118.792549294999958, 34.005812321000064 ], [ -118.800777862999951, 34.005222297000046 ], [ -118.80348642499996, 34.000021488000073 ], [ -118.807455841999968, 34.000019676000079 ], [ -118.812509923999983, 34.003809692000061 ], [ -118.827222072999973, 34.014994349000062 ], [ -118.841799051999942, 34.025992597000027 ], [ -118.847500535, 34.030271744000061 ], [ -118.86264379, 34.033794802000045 ], [ -118.875011752999967, 34.036884899000029 ], [ -118.893500729999971, 34.038216713000054 ], [ -118.912187783999968, 34.039608663000024 ], [ -118.927908221999985, 34.045953792000034 ], [ -118.928198116999965, 34.045965135000074 ], [ -118.928197903999944, 34.045939909000026 ], [ -118.92833614999995, 34.045942227000069 ], [ -118.92861260799998, 34.045940872000074 ], [ -118.928942044999985, 34.045928490000051 ], [ -118.929164531999959, 34.045914037000045 ], [ -118.92938888599997, 34.045893662000026 ], [ -118.929541074999975, 34.045876950000036 ], [ -118.929676735999976, 34.045859178000057 ], [ -118.929845458999978, 34.045836111000028 ], [ -118.930000805999953, 34.045811778000029 ], [ -118.93015563199998, 34.045785193000029 ], [ -118.930285374, 34.045760893000079 ], [ -118.930463459999942, 34.045725251000079 ], [ -118.930584898999939, 34.045698787000049 ], [ -118.93072091, 34.045667551000065 ], [ -118.93089454699998, 34.045625062000056 ], [ -118.931016945999943, 34.04559289000008 ], [ -118.931175286999974, 34.045549802000039 ], [ -118.931256036999969, 34.045528325000078 ], [ -118.931442686999958, 34.045485085000053 ], [ -118.93151138099995, 34.045471170000042 ], [ -118.931619912999963, 34.045451238000055 ], [ -118.93172545799996, 34.045434583000031 ], [ -118.931846012, 34.045418797000025 ], [ -118.931933537999953, 34.045405207000044 ], [ -118.931977060999941, 34.04539747900003 ], [ -118.932106595, 34.045370537000053 ], [ -118.932234253, 34.045337978000077 ], [ -118.93233958199994, 34.045306320000066 ], [ -118.932475905999979, 34.045258921000027 ], [ -118.932590046999962, 34.045219322000037 ], [ -118.932678098999986, 34.045181763000073 ], [ -118.932741890999978, 34.045150328000034 ], [ -118.932843639999987, 34.045091862000049 ], [ -118.932937367999955, 34.045027385000026 ], [ -118.933008823999955, 34.044969950000052 ], [ -118.933091049999973, 34.044892508000032 ], [ -118.933152874999962, 34.044824046000031 ], [ -118.933219724999958, 34.044752988000027 ], [ -118.933300952999957, 34.044674923000059 ], [ -118.933329126, 34.044649643000071 ], [ -118.933416320999982, 34.044576724000024 ], [ -118.93347756199995, 34.044529810000029 ], [ -118.933540376999986, 34.044484972000078 ], [ -118.933605028999978, 34.044441988000074 ], [ -118.933638005999967, 34.044421206000038 ], [ -118.93370529799995, 34.04438108800008 ], [ -118.933804935999945, 34.044319972000039 ], [ -118.934012414999984, 34.044162347000054 ], [ -118.934127695999962, 34.044069729000057 ], [ -118.934184760999983, 34.044027038000024 ], [ -118.934238481999955, 34.043992714000069 ], [ -118.934281156999987, 34.043971334000048 ], [ -118.934350508999955, 34.043946346000041 ], [ -118.934429956999963, 34.043924183000058 ], [ -118.934532050999962, 34.043901159000029 ], [ -118.934567593999986, 34.043895361000068 ], [ -118.934641343999942, 34.043885777000071 ], [ -118.934677674999989, 34.043878709000069 ], [ -118.934696676999977, 34.04386872300006 ], [ -118.934706411999969, 34.043841746000055 ], [ -118.934704794999959, 34.043812356000046 ], [ -118.934717084999988, 34.04377769000007 ], [ -118.934732119999978, 34.043764411000041 ], [ -118.934755457, 34.043770056000028 ], [ -118.934766335999939, 34.043786515000079 ], [ -118.934783364999987, 34.04380674500004 ], [ -118.93487614999998, 34.043824562000054 ], [ -118.93495265599995, 34.04383423400003 ], [ -118.93497691999994, 34.04383135300003 ], [ -118.93499922999996, 34.043819172000042 ], [ -118.935022482999955, 34.043805582000061 ], [ -118.935077212999943, 34.043794224000067 ], [ -118.935168928999985, 34.043779853000046 ], [ -118.935230655999987, 34.043779567000058 ], [ -118.935295235999945, 34.043783179000059 ], [ -118.935306922999985, 34.043783833000077 ], [ -118.935370445999979, 34.043787387000066 ], [ -118.935404381999945, 34.043785098000058 ], [ -118.935482644999979, 34.043779817000029 ], [ -118.935566321999943, 34.043776368000067 ], [ -118.935613366999974, 34.043774925000037 ], [ -118.93566509599998, 34.043769194000049 ], [ -118.93570522899995, 34.043774214000052 ], [ -118.935729316, 34.043773257000055 ], [ -118.935747811999988, 34.043762451000077 ], [ -118.935780422999983, 34.043732962000036 ], [ -118.935813459999963, 34.043703084000072 ], [ -118.935834578999959, 34.04368398400004 ], [ -118.93587410899994, 34.043693801000074 ], [ -118.935904108999978, 34.04370537300008 ], [ -118.935945864999951, 34.043699552000078 ], [ -118.935989628999948, 34.04368828500003 ], [ -118.936085792999961, 34.043669286000068 ], [ -118.936145464, 34.043664307000029 ], [ -118.936225268999976, 34.043660924000051 ], [ -118.936254055999939, 34.043657821000068 ], [ -118.936300830999983, 34.043652783000027 ], [ -118.936333741999988, 34.043649238000057 ], [ -118.936403662999965, 34.043643632000055 ], [ -118.936480777999975, 34.043634649000069 ], [ -118.936525010999958, 34.043623220000029 ], [ -118.936627754999961, 34.043595043000039 ], [ -118.936664896999957, 34.043583181000031 ], [ -118.936693231999982, 34.043560510000077 ], [ -118.936705223, 34.043558273000031 ], [ -118.936724874, 34.043571091000047 ], [ -118.936736371999984, 34.043571854000049 ], [ -118.936748767999973, 34.043552825000063 ], [ -118.936753888999988, 34.04352670600008 ], [ -118.936727581999946, 34.04340664700004 ], [ -118.936718436999968, 34.043364914000051 ], [ -118.936692625999967, 34.043234313000028 ], [ -118.936691484999983, 34.043224721000058 ], [ -118.936693002999959, 34.043192859000044 ], [ -118.936695333999978, 34.043143928000063 ], [ -118.936743945999979, 34.042974687000026 ], [ -118.936796577999985, 34.042955181000025 ], [ -118.936842559999945, 34.042946167000025 ], [ -118.93687508, 34.042943524000066 ], [ -118.936911104999979, 34.042950499000028 ], [ -118.936938051999959, 34.042964243000029 ], [ -118.937018309999985, 34.043005176000065 ], [ -118.937038595, 34.043047970000032 ], [ -118.937038381999969, 34.043076062000068 ], [ -118.937037980999946, 34.043128766000052 ], [ -118.937029651999978, 34.04317799100005 ], [ -118.937007645999984, 34.043226197000024 ], [ -118.936985321999941, 34.043255387000045 ], [ -118.936948596999969, 34.043303406000064 ], [ -118.936925734999988, 34.043337081000061 ], [ -118.936937807, 34.043354052000041 ], [ -118.93695013699994, 34.043358462000072 ], [ -118.937059805, 34.043391357000075 ], [ -118.937094372, 34.043385980000039 ], [ -118.937122144999989, 34.043353671000034 ], [ -118.937170730999981, 34.043280358000061 ], [ -118.937199035999981, 34.043264007000062 ], [ -118.937224016999949, 34.043280933000062 ], [ -118.937266031999968, 34.043300778000059 ], [ -118.93727544099994, 34.043347040000072 ], [ -118.937275522, 34.043349400000068 ], [ -118.937276700999973, 34.043383985000048 ], [ -118.937291572999982, 34.043420722000064 ], [ -118.937436147999961, 34.043537625000056 ], [ -118.937595147999957, 34.04350992600007 ], [ -118.937605427, 34.043487341000059 ], [ -118.937604541999974, 34.04345272300003 ], [ -118.937662228999955, 34.043338629000061 ], [ -118.937678497999968, 34.043306451000035 ], [ -118.937659566999969, 34.043254881000053 ], [ -118.937650467999958, 34.043217578000053 ], [ -118.937658687999942, 34.043185364000067 ], [ -118.937675891999959, 34.043162176000067 ], [ -118.937706356999968, 34.04315297900007 ], [ -118.937740287999986, 34.043170386000043 ], [ -118.937786907999964, 34.043335156000069 ], [ -118.937792824999974, 34.043356068000037 ], [ -118.937792872999978, 34.043364672000052 ], [ -118.93778072799995, 34.043388371000049 ], [ -118.937761729999977, 34.043407700000046 ], [ -118.937737836999986, 34.043431766000026 ], [ -118.937719482999967, 34.043464252000035 ], [ -118.937713025, 34.043497800000068 ], [ -118.937723908999942, 34.043520303000037 ], [ -118.937765831999968, 34.043546743000036 ], [ -118.937869302999957, 34.043580564000024 ], [ -118.938126519999969, 34.043644984000025 ], [ -118.938481954999986, 34.043739693000077 ], [ -118.939077507999968, 34.043904669000028 ], [ -118.939311835999945, 34.043967808000048 ], [ -118.939634848999958, 34.044050015000039 ], [ -118.939881079999964, 34.044117788000051 ], [ -118.941368843999953, 34.044418251000025 ], [ -118.941820703999952, 34.044509547000075 ], [ -118.942135032999943, 34.044579854000062 ], [ -118.943451558, 34.044788855000036 ], [ -118.944703049999987, 34.04500979900007 ], [ -118.940977133999979, 34.074835318000055 ], [ -118.921673680999959, 34.086281131000078 ], [ -118.903089643999976, 34.097756051000033 ], [ -118.897951106999983, 34.100924884000051 ], [ -118.897919716, 34.100944107000032 ], [ -118.875013034999938, 34.115096767000068 ], [ -118.872910471999944, 34.116679571000077 ], [ -118.903609837999966, 34.124472818000072 ], [ -118.903557885999987, 34.137845731000027 ], [ -118.898723933999975, 34.13779339000007 ], [ -118.896499934999952, 34.136805927000069 ], [ -118.89584598, 34.136515555000074 ], [ -118.895623187999945, 34.136535115000072 ], [ -118.894593750999945, 34.136625490000029 ], [ -118.89336106199994, 34.136733697000068 ], [ -118.893181498, 34.136749459000043 ], [ -118.893173578999949, 34.138259850000054 ], [ -118.893171575999986, 34.13864183700008 ], [ -118.88965455899995, 34.138639781000052 ], [ -118.889406036999958, 34.138639631000046 ], [ -118.888890680999964, 34.138775621000036 ], [ -118.88846177, 34.138774052000031 ], [ -118.887735312999951, 34.138771391000034 ], [ -118.887733706999938, 34.138984371000049 ], [ -118.885892154999965, 34.139812559000063 ], [ -118.885024091, 34.140634212000066 ], [ -118.882172351999941, 34.139999106000062 ], [ -118.882014034999941, 34.139967897000076 ], [ -118.881854041999986, 34.139943292000055 ], [ -118.881692773999987, 34.13992535400007 ], [ -118.88153062899994, 34.139914128000044 ], [ -118.881368013999975, 34.139909639000052 ], [ -118.881205331999979, 34.139911901000062 ], [ -118.881042985999954, 34.139920907000032 ], [ -118.880881385999942, 34.139936635000026 ], [ -118.880837114999963, 34.139942819000055 ], [ -118.88072092799996, 34.139959047000048 ], [ -118.880562013999963, 34.139988085000027 ], [ -118.880405039999971, 34.140023678000034 ], [ -118.880250397999987, 34.140065737000043 ], [ -118.88009846999995, 34.140114158000074 ], [ -118.880107859999953, 34.140132511000047 ], [ -118.878882849999968, 34.140595483000027 ], [ -118.878800066999986, 34.140633736000041 ], [ -118.878656497999941, 34.140707276000057 ], [ -118.878517039999963, 34.140786096000056 ], [ -118.878381976999947, 34.140870040000038 ], [ -118.878251576999958, 34.140958939000029 ], [ -118.878107076, 34.140786932000026 ], [ -118.877992601999949, 34.140817704000028 ], [ -118.877876206999986, 34.140843004000033 ], [ -118.877758265999944, 34.140862750000053 ], [ -118.877692573, 34.140871248000053 ], [ -118.877556718999983, 34.140883286000076 ], [ -118.877488308999943, 34.140885642000057 ], [ -118.877420213, 34.140887987000042 ], [ -118.87728362699994, 34.14088533100005 ], [ -118.877168200999961, 34.140876847000072 ], [ -118.876802754999972, 34.140815539000073 ], [ -118.876775961999954, 34.140809241000056 ], [ -118.876718273, 34.140796905000059 ], [ -118.876612670999975, 34.14076850400005 ], [ -118.876510115999963, 34.140733216000058 ], [ -118.876411256999972, 34.140691265000044 ], [ -118.876316718999988, 34.140642917000037 ], [ -118.876264894999963, 34.140612225000041 ], [ -118.876503758999945, 34.14088567500005 ], [ -118.876347023, 34.14095211800003 ], [ -118.876244671999984, 34.140995504000045 ], [ -118.876083005999988, 34.141064035000056 ], [ -118.875940339999943, 34.140907794000043 ], [ -118.87575953299995, 34.140709779000076 ], [ -118.875933485999951, 34.140406436000035 ], [ -118.87552845099998, 34.140144072000055 ], [ -118.875302538999961, 34.140031764000071 ], [ -118.875299171, 34.140713822000066 ], [ -118.875193317999958, 34.162142951000078 ], [ -118.875496339, 34.162163464000059 ], [ -118.912342578, 34.162101989000064 ], [ -118.91749352, 34.162134059000039 ], [ -118.920890676999989, 34.162136825000061 ], [ -118.92364611, 34.162150139000062 ], [ -118.923621186999981, 34.15653984100004 ], [ -118.923655054, 34.156555184000069 ], [ -118.923655619999977, 34.156201193000072 ], [ -118.923849443999984, 34.156137733000037 ], [ -118.92425224699997, 34.156206492000024 ], [ -118.924481002999983, 34.156416215000036 ], [ -118.92481096399996, 34.156474150000065 ], [ -118.92488861399994, 34.156521676000068 ], [ -118.925149998999984, 34.156681655000057 ], [ -118.925189099999955, 34.156705588000079 ], [ -118.925215752999975, 34.156721901000026 ], [ -118.925446890999979, 34.157053732000065 ], [ -118.92544847, 34.157055937000052 ], [ -118.925461636999955, 34.157070745000055 ], [ -118.925477694, 34.157083426000042 ], [ -118.925484603999962, 34.157087233000027 ], [ -118.925496155999951, 34.157093596000038 ], [ -118.925516462999951, 34.15710094800005 ], [ -118.925537997999982, 34.157105256000079 ], [ -118.925560103999942, 34.157106388000045 ], [ -118.925582110999983, 34.157104314000037 ], [ -118.925603351999939, 34.157099094000046 ], [ -118.925623177999967, 34.157090886000049 ], [ -118.925640987999941, 34.157079942000053 ], [ -118.925656241999945, 34.157066593000025 ], [ -118.925668477999977, 34.157051243000069 ], [ -118.925677319999977, 34.157034362000047 ], [ -118.925681546999954, 34.157021056000076 ], [ -118.92570273299998, 34.156930245000069 ], [ -118.925713791999954, 34.15688284600003 ], [ -118.926170525999964, 34.156374062000054 ], [ -118.926389913999969, 34.156292747000066 ], [ -118.926833054999975, 34.156128498000044 ], [ -118.927158141999939, 34.154146621000052 ], [ -118.927199544999951, 34.153896487000054 ], [ -118.927300117999948, 34.153883518000043 ], [ -118.928088723999963, 34.153781819000073 ], [ -118.928239126999983, 34.153792486000043 ], [ -118.92835873599995, 34.153800968000041 ], [ -118.928830877999985, 34.154007319000073 ], [ -118.929051814, 34.154137902000059 ], [ -118.929145649999953, 34.154202655000063 ], [ -118.929554389999964, 34.154484717000059 ], [ -118.930017460999977, 34.154474299000071 ], [ -118.930038489999959, 34.147802783000031 ], [ -118.962963431999981, 34.14753838300004 ], [ -118.963312913999971, 34.14753552600007 ], [ -118.964302305999979, 34.146164628000065 ], [ -118.965357689999962, 34.144107176000034 ], [ -118.965435613999944, 34.143128302000036 ], [ -118.966552896999985, 34.142021543000055 ], [ -118.967230859999972, 34.141339609000056 ], [ -118.967281991999982, 34.141299290000063 ], [ -118.967513069999939, 34.141070377000062 ], [ -118.967938593999975, 34.140648833000057 ], [ -118.968193484999972, 34.140474365000046 ], [ -118.969049053, 34.139905905000035 ], [ -118.969275029999949, 34.139755757000046 ], [ -118.969870491, 34.139560367000058 ], [ -118.971579103999943, 34.138999692000027 ], [ -118.9736256, 34.138125451000064 ], [ -118.974621135999939, 34.13813547500007 ], [ -118.974990682999987, 34.138139196000054 ], [ -118.975113814999986, 34.138042730000052 ], [ -118.97628427899997, 34.137125739000055 ], [ -118.977103291999981, 34.136851294000053 ], [ -118.977880875999972, 34.136590726000065 ], [ -118.978406838999945, 34.136201311000036 ], [ -118.978626880999968, 34.136038394000025 ], [ -118.978913768999973, 34.135825984000064 ], [ -118.979537740999945, 34.135390375000043 ], [ -118.980422150999971, 34.134772937000037 ], [ -118.980689329999962, 34.13461002400004 ], [ -118.982279648999963, 34.133640307000064 ], [ -118.98229734399996, 34.133629516000042 ], [ -118.982396842999947, 34.133568844000024 ], [ -118.982643032999988, 34.133418721000055 ], [ -118.982676062999985, 34.133421132000024 ], [ -118.982836327999962, 34.133432833000029 ], [ -118.982996506999939, 34.133444527000051 ], [ -118.983586611999954, 34.133487606000074 ], [ -118.983625377999942, 34.133490436000045 ], [ -118.983661717999951, 34.133460231000072 ], [ -118.984408208, 34.132839771000079 ], [ -118.98464729799997, 34.132641043000035 ], [ -118.971913950999976, 34.112619119000044 ], [ -118.97765579299994, 34.110271892000071 ], [ -118.991997840999943, 34.112849070000038 ], [ -119.000881497999956, 34.110077268000055 ], [ -119.003796836999982, 34.106926601000055 ], [ -118.991450218999944, 34.095125556000028 ], [ -119.006918386999985, 34.078399893000039 ], [ -119.006756081999981, 34.066016868000077 ], [ -119.019359612999949, 34.072862107000049 ], [ -119.029594842999984, 34.079141340000035 ], [ -119.032611347999989, 34.080828177000058 ], [ -119.034802558999957, 34.081968999000026 ], [ -119.034908278999978, 34.082001137000077 ], [ -119.035004785999945, 34.082030472000042 ], [ -119.035072231999948, 34.082063040000037 ], [ -119.036147106999977, 34.08258214500006 ], [ -119.036666184999945, 34.082832689000043 ], [ -119.036980901999982, 34.082966436000049 ], [ -119.03702796999994, 34.082985926000049 ], [ -119.037338848, 34.083133253000028 ], [ -119.038783903999956, 34.083693574000051 ], [ -119.038991598999985, 34.083749440000076 ], [ -119.03957590999994, 34.083906603000059 ], [ -119.039686343999961, 34.083927629000073 ], [ -119.040059256999939, 34.083998625000049 ], [ -119.040286783999989, 34.083969186000047 ], [ -119.040435460999959, 34.083973400000048 ], [ -119.041246534999971, 34.08412579700007 ], [ -119.041425755999967, 34.084195703000034 ], [ -119.041751313999953, 34.084303146000025 ], [ -119.042141852999976, 34.084412118000046 ], [ -119.042965973999969, 34.084550651000029 ], [ -119.044056429999955, 34.084593444000063 ], [ -119.044300466999971, 34.084563855000056 ], [ -119.04454068299998, 34.084567036000067 ], [ -119.044677047999983, 34.084568842000067 ], [ -119.044825485999979, 34.084553818000074 ], [ -119.045228815999963, 34.084595192000052 ], [ -119.045345622999946, 34.084619008000061 ], [ -119.047139649999963, 34.085072731000025 ], [ -119.047180396999977, 34.085083036000071 ], [ -119.047848905999956, 34.085189908000075 ], [ -119.04842462199997, 34.085203390000061 ], [ -119.048794512999962, 34.085213856000053 ], [ -119.048876383999982, 34.085213967000072 ], [ -119.049287915999969, 34.085108716000036 ], [ -119.049711587, 34.084918167000069 ], [ -119.04976352999995, 34.084846266000056 ], [ -119.050066077999986, 34.084741958000052 ], [ -119.050141137999958, 34.084669857000051 ], [ -119.050631196999973, 34.08450620800005 ], [ -119.050656961999948, 34.084453772000074 ], [ -119.050788126999976, 34.08437843300004 ], [ -119.050817296, 34.084334211000055 ], [ -119.050925530999962, 34.084249396000075 ], [ -119.050887946999978, 34.084174209000025 ], [ -119.050996409, 34.084132045000047 ], [ -119.051152554999987, 34.084204883000041 ], [ -119.051898543, 34.084364591000053 ], [ -119.051916655999946, 34.084365520000063 ], [ -119.051930766999988, 34.084368487000063 ], [ -119.052389443999971, 34.084403665000025 ], [ -119.052514486999939, 34.08440549200003 ], [ -119.052654515999961, 34.084403404000057 ], [ -119.052790779999953, 34.084470917000033 ], [ -119.052836185, 34.084404567000036 ], [ -119.052892843999985, 34.084445294000034 ], [ -119.052840800999945, 34.084508954000057 ], [ -119.053395801999955, 34.084781669000051 ], [ -119.053680713999938, 34.084850632000041 ], [ -119.053703612999982, 34.084859191000078 ], [ -119.054079248999983, 34.085001983000041 ], [ -119.054137752999964, 34.085024222000072 ], [ -119.054237812999986, 34.08505884300007 ], [ -119.054507004999948, 34.08515944800007 ], [ -119.055478855999979, 34.085486222000043 ], [ -119.055847816999972, 34.08558967700003 ], [ -119.056267661, 34.085707398000068 ], [ -119.056267723999952, 34.085707415000059 ], [ -119.056329880999954, 34.085660155000028 ], [ -119.056366207999986, 34.085659837000037 ], [ -119.056359199999974, 34.085708520000026 ], [ -119.056357098999968, 34.085723122000047 ], [ -119.05659494799994, 34.085726538000074 ], [ -119.056614474999947, 34.08571160300005 ], [ -119.056660370999964, 34.08567650100008 ], [ -119.05681214699996, 34.085664181000027 ], [ -119.056801936999989, 34.085713867000038 ], [ -119.056793477999975, 34.08575503000003 ], [ -119.057172914999967, 34.08572422900005 ], [ -119.057196830999942, 34.085787225000047 ], [ -119.057719422, 34.085845855000059 ], [ -119.058587661999979, 34.085813517000076 ], [ -119.058974565999961, 34.085751262000031 ], [ -119.059026910999989, 34.08574284000008 ], [ -119.059089151999956, 34.08574705500007 ], [ -119.05909997699996, 34.085748399000067 ], [ -119.059121932999972, 34.085751125000058 ], [ -119.059448077999946, 34.08568505900007 ], [ -119.060224292999976, 34.08542817600005 ], [ -119.060332053999957, 34.085331048000057 ], [ -119.060721151999985, 34.085280915000055 ], [ -119.060745244999964, 34.08535764800007 ], [ -119.060946067999964, 34.085306420000052 ], [ -119.061022407999985, 34.085335979000035 ], [ -119.061025152999946, 34.085291985000026 ], [ -119.061104166999939, 34.085272055000075 ], [ -119.061124889999974, 34.085343322000028 ], [ -119.061103409999987, 34.085472669000069 ], [ -119.06105738499997, 34.085489562000078 ], [ -119.061160457999961, 34.085543618000031 ], [ -119.061279555999988, 34.085559060000037 ], [ -119.061379814999952, 34.085651614000028 ], [ -119.061361746999978, 34.08573873000006 ], [ -119.061082622999947, 34.087084466000078 ], [ -119.061055732999989, 34.087214109000058 ], [ -119.061165509999967, 34.087278094000055 ], [ -119.061815239999987, 34.087656787000071 ], [ -119.060939212, 34.088183007000055 ], [ -119.064456722999978, 34.092236375000027 ], [ -119.064582388999952, 34.092383655000049 ], [ -119.064746886999956, 34.092565259000025 ], [ -119.064918226999964, 34.092742430000044 ], [ -119.065096239999946, 34.092914989000064 ], [ -119.065280740999981, 34.093082761000062 ], [ -119.065471549999984, 34.093245578000051 ], [ -119.065631436999979, 34.093374373000074 ], [ -119.067444375999969, 34.094684398000027 ], [ -119.065850975999979, 34.096790221000049 ], [ -119.064606514, 34.097377942000037 ], [ -119.06413110799997, 34.097381375000055 ], [ -119.063700966999988, 34.097384480000073 ], [ -119.063308021999944, 34.097387315000049 ], [ -119.062662313999965, 34.099083737000058 ], [ -119.062822576999963, 34.09996475500003 ], [ -119.064796495999985, 34.101596596000036 ], [ -119.063907315999984, 34.103630605000035 ], [ -119.064682881999943, 34.104782126000032 ], [ -119.064707948999967, 34.104790455000057 ], [ -119.064778370999989, 34.104808512000034 ], [ -119.064850865999972, 34.104819515000031 ], [ -119.064897717999941, 34.104822772000034 ], [ -119.065743199999986, 34.104894293000029 ], [ -119.065769540999952, 34.104894856000044 ], [ -119.066032620999977, 34.104898518000027 ], [ -119.066168951999941, 34.10489993300007 ], [ -119.066179810999984, 34.104900113000042 ], [ -119.066243394999958, 34.10490442400004 ], [ -119.066260023999973, 34.104905552000048 ], [ -119.066339059999962, 34.104918171000065 ], [ -119.066399874999945, 34.104933707000043 ], [ -119.066415993999954, 34.104937825000036 ], [ -119.06648992099997, 34.104964284000062 ], [ -119.06655997699994, 34.104997237000077 ], [ -119.066625338999984, 34.105036295000048 ], [ -119.06668523999997, 34.105081005000045 ], [ -119.066700057999981, 34.105093692000025 ], [ -119.066705892999948, 34.105099168000038 ], [ -119.066865587999985, 34.105249780000065 ], [ -119.066983600999947, 34.10536108000008 ], [ -119.067028229999949, 34.105403171000034 ], [ -119.06703602999994, 34.105410221000056 ], [ -119.067072275999976, 34.105436250000025 ], [ -119.067113653999968, 34.105456297000046 ], [ -119.067158757999948, 34.105469676000041 ], [ -119.067206046999956, 34.105475936000062 ], [ -119.067253914, 34.105474860000072 ], [ -119.067300727999964, 34.105466485000079 ], [ -119.067344894999962, 34.10545109800006 ], [ -119.067380450999963, 34.105432120000046 ], [ -119.067426887999943, 34.105400426000074 ], [ -119.067549607999979, 34.105322647000037 ], [ -119.067589796999982, 34.105305080000051 ], [ -119.067646302999947, 34.105287611000051 ], [ -119.067705266999951, 34.105277174000037 ], [ -119.067765428999962, 34.105273990000057 ], [ -119.067797239999948, 34.105276180000033 ], [ -119.067824768999969, 34.105278244000033 ], [ -119.067828213999974, 34.105278503000079 ], [ -119.067834101999949, 34.105279324000037 ], [ -119.067873712999983, 34.105286317000036 ], [ -119.067925727999977, 34.105295590000026 ], [ -119.068141198999967, 34.105334003000053 ], [ -119.068205507999949, 34.105346050000037 ], [ -119.068274157999952, 34.105351701000075 ], [ -119.068338042999983, 34.105350510000051 ], [ -119.068413258999954, 34.105345964000037 ], [ -119.068497623999974, 34.105340865000073 ], [ -119.068505240999968, 34.10534027500006 ], [ -119.06861097999996, 34.105336052000041 ], [ -119.068640390999974, 34.105336187000034 ], [ -119.068652223999948, 34.105336657000066 ], [ -119.068732745999966, 34.105344106000075 ], [ -119.068739262999941, 34.105345038000053 ], [ -119.068739930999982, 34.105345141000043 ], [ -119.068830938999952, 34.105362937000052 ], [ -119.068837386999974, 34.105364484000063 ], [ -119.069101086999979, 34.105423184000074 ], [ -119.069114638999963, 34.105425925000077 ], [ -119.069121124999981, 34.105427664000047 ], [ -119.069183980999981, 34.105444513000066 ], [ -119.069250051999973, 34.105470050000065 ], [ -119.069274628999949, 34.105482815000073 ], [ -119.069321750999961, 34.105508154000063 ], [ -119.069365983999944, 34.10553873300006 ], [ -119.069385927999974, 34.105555972000047 ], [ -119.069415540999955, 34.105581567000058 ], [ -119.06945839499997, 34.105629141000065 ], [ -119.069493895, 34.105680736000068 ], [ -119.069517964999989, 34.105727352000031 ], [ -119.069628223999985, 34.105977716000041 ], [ -119.069672133999973, 34.106087031000072 ], [ -119.069673911999985, 34.106091854000056 ], [ -119.069689112999981, 34.106157761000077 ], [ -119.069694676999973, 34.106205489000047 ], [ -119.069731607, 34.106580035000036 ], [ -119.069732531999989, 34.106590167000036 ], [ -119.069736839999962, 34.106680100000062 ], [ -119.069722344999946, 34.106751134000035 ], [ -119.06970133599998, 34.106812632000072 ], [ -119.069604702999982, 34.107080009000072 ], [ -119.069554413, 34.107229721000067 ], [ -119.069553830999951, 34.10723378800003 ], [ -119.069551172, 34.107285496000031 ], [ -119.069557187999976, 34.107337007000069 ], [ -119.06956024599998, 34.107345369000029 ], [ -119.069559941999955, 34.107346517000053 ], [ -119.069569781999974, 34.10738047600006 ], [ -119.069571764999978, 34.107387322000079 ], [ -119.069594618999986, 34.107435459000044 ], [ -119.069625301999963, 34.107480481000039 ], [ -119.069663220999985, 34.107521516000077 ], [ -119.069698086999949, 34.107550787000037 ], [ -119.069796455999949, 34.107616351000047 ], [ -119.069864434999943, 34.107660509000027 ], [ -119.069873799999982, 34.107666592000044 ], [ -119.069930791, 34.107703511000068 ], [ -119.069992717, 34.107752307000055 ], [ -119.070048171999986, 34.107806222000079 ], [ -119.070054406999986, 34.107813058000033 ], [ -119.070082228, 34.107846767000069 ], [ -119.070094764999965, 34.10786521600005 ], [ -119.070114510999986, 34.107894268000052 ], [ -119.070122011999956, 34.107905305000031 ], [ -119.07014993599995, 34.107959304000076 ], [ -119.070153954999967, 34.107967076000079 ], [ -119.070177680999961, 34.108031359000051 ], [ -119.070191582999939, 34.10808965700005 ], [ -119.070265224999957, 34.108505297000079 ], [ -119.070301777999987, 34.108721341000034 ], [ -119.070303119999949, 34.108743945000072 ], [ -119.070300656999962, 34.108805299000039 ], [ -119.070299628999976, 34.108810795000068 ], [ -119.07028932299994, 34.10886595900007 ], [ -119.07026928, 34.108925040000031 ], [ -119.07024082199996, 34.108981681000046 ], [ -119.070235278999974, 34.108990721000055 ], [ -119.070192417999976, 34.109050829000068 ], [ -119.07012102799996, 34.109121801000072 ], [ -119.070052810999982, 34.109168127000032 ], [ -119.070025945999987, 34.109183564000034 ], [ -119.069704046999959, 34.10935801200003 ], [ -119.069679923999956, 34.109369069000024 ], [ -119.069638817999987, 34.109394417000033 ], [ -119.069603625999946, 34.109425316000056 ], [ -119.069575420999968, 34.109460830000046 ], [ -119.069555055999956, 34.109499877000076 ], [ -119.069543152999984, 34.109541273000048 ], [ -119.069541362999985, 34.109553375000075 ], [ -119.069540438, 34.109579642000028 ], [ -119.069546303999971, 34.109621229000027 ], [ -119.069561004999969, 34.109661280000068 ], [ -119.069584067, 34.109698502000072 ], [ -119.06959733399998, 34.109712857000034 ], [ -119.069614746999946, 34.109731702000033 ], [ -119.06962643199995, 34.109741627000062 ], [ -119.069671171999971, 34.109770648000051 ], [ -119.069716777999986, 34.109798086000069 ], [ -119.06974119399996, 34.109811347000061 ], [ -119.069768616999966, 34.109826240000075 ], [ -119.069838123999943, 34.109866268000076 ], [ -119.069882965999966, 34.109892092000052 ], [ -119.069991185999982, 34.109954415000061 ], [ -119.070025985999962, 34.109979440000075 ], [ -119.070142398999963, 34.110060845000078 ], [ -119.070144352999989, 34.110062212000059 ], [ -119.070210108999959, 34.110111845000063 ], [ -119.070220418999952, 34.110119620000035 ], [ -119.070247203999941, 34.11013981900004 ], [ -119.070316498999944, 34.110199400000056 ], [ -119.07037928699998, 34.110263780000025 ], [ -119.070407945999989, 34.110299055000041 ], [ -119.070435089999989, 34.110332466000045 ], [ -119.070467860999941, 34.110379866000073 ], [ -119.070480264999958, 34.110395283000059 ], [ -119.070502515999976, 34.11043232600008 ], [ -119.070511497999973, 34.110454339000057 ], [ -119.070517738999968, 34.110464992000061 ], [ -119.070545119999963, 34.110521568000024 ], [ -119.070546110999942, 34.110524619000046 ], [ -119.070564263999984, 34.110580440000035 ], [ -119.070574901999976, 34.110640786000033 ], [ -119.070576885999969, 34.110701751000079 ], [ -119.070576494999955, 34.110709839000037 ], [ -119.070575046999977, 34.110723537000069 ], [ -119.070563713999945, 34.110778678000031 ], [ -119.070543827, 34.11083211600004 ], [ -119.070515723999961, 34.110882937000042 ], [ -119.070479886999976, 34.110930274000054 ], [ -119.070473702999948, 34.110937217000071 ], [ -119.070316079999941, 34.111098716000072 ], [ -119.070031957999959, 34.111389822000035 ], [ -119.069969484999945, 34.111456229000055 ], [ -119.069921883999939, 34.111514895000028 ], [ -119.069390219999946, 34.112285458000031 ], [ -119.069389416999968, 34.112286514000061 ], [ -119.069333564999965, 34.112352926000028 ], [ -119.069316705999938, 34.112369526000066 ], [ -119.069137890999968, 34.112515021000036 ], [ -119.068645192999952, 34.112772155000073 ], [ -119.068616571999939, 34.112784541000053 ], [ -119.068521318999956, 34.112820395000028 ], [ -119.068422790999989, 34.112849494000045 ], [ -119.068324782, 34.112871066000025 ], [ -119.068066831999943, 34.112921588000063 ], [ -119.068041736999987, 34.112927367000054 ], [ -119.067991848999952, 34.112944399000071 ], [ -119.067945891999955, 34.112967869000045 ], [ -119.067940803999988, 34.112971024000046 ], [ -119.06789979399997, 34.11299981500008 ], [ -119.067856974, 34.113038748000065 ], [ -119.06782108699997, 34.11308225700003 ], [ -119.067792829999973, 34.113129499000024 ], [ -119.06777275099995, 34.113179550000041 ], [ -119.067770647999964, 34.113186619000032 ], [ -119.067764599999975, 34.113222731000064 ], [ -119.067762122999966, 34.113280236000037 ], [ -119.067768330999968, 34.113337546000025 ], [ -119.067783123999959, 34.11339375700004 ], [ -119.067805325, 34.113446123000074 ], [ -119.06788611199994, 34.113608902000067 ], [ -119.067939652999939, 34.113716439000029 ], [ -119.067947725999943, 34.113731785000027 ], [ -119.067971225999941, 34.113789017000045 ], [ -119.067986260999987, 34.113848189000066 ], [ -119.067989716999989, 34.113871104000054 ], [ -119.067990208999959, 34.113875489000065 ], [ -119.06799211799995, 34.11393419500007 ], [ -119.067985338999961, 34.113992651000046 ], [ -119.067969972999947, 34.114049970000053 ], [ -119.067946254, 34.11410528600004 ], [ -119.067932682, 34.114129744000024 ], [ -119.06790603099995, 34.11416835700004 ], [ -119.067875305999962, 34.114206610000053 ], [ -119.067842508999945, 34.114239313000041 ], [ -119.067764341999975, 34.114308348000066 ], [ -119.067760509999971, 34.114311796000038 ], [ -119.067732398999965, 34.114343243000064 ], [ -119.067711947999953, 34.114378548000047 ], [ -119.06769989999998, 34.114416432000041 ], [ -119.06769669, 34.114455529000054 ], [ -119.067697781999982, 34.114470079000057 ], [ -119.067701608999982, 34.114491163000025 ], [ -119.067713910999942, 34.114525601000025 ], [ -119.067733217999944, 34.114557739000077 ], [ -119.067758938999987, 34.114586600000052 ], [ -119.067790295999941, 34.114611308000065 ], [ -119.06782633399996, 34.114631111000051 ], [ -119.067865959999949, 34.114645409000047 ], [ -119.067907967999986, 34.11465376600006 ], [ -119.067951082999969, 34.114655929000037 ], [ -119.067993995, 34.11465183100006 ], [ -119.068035398999939, 34.114641600000027 ], [ -119.068074037999963, 34.114625541000066 ], [ -119.068108738999967, 34.114604148000069 ], [ -119.068138443999942, 34.114578067000025 ], [ -119.068162253999958, 34.114548092000064 ], [ -119.068179442999963, 34.114515134000044 ], [ -119.068189490999941, 34.114480194000066 ], [ -119.068192176999958, 34.114451292000069 ], [ -119.068163426999945, 34.113980016000028 ], [ -119.068157373999952, 34.113880813000037 ], [ -119.068157037, 34.113873599000044 ], [ -119.068159975999947, 34.113826196000048 ], [ -119.068171791999987, 34.113779762000036 ], [ -119.068192197999963, 34.11373543600007 ], [ -119.06822068799994, 34.113694309000039 ], [ -119.068256563999967, 34.113657398000043 ], [ -119.068265901999951, 34.113649495000061 ], [ -119.068298827999968, 34.113625694000064 ], [ -119.068346599, 34.113599844000078 ], [ -119.068398643999956, 34.113580526000078 ], [ -119.068453681999983, 34.113568217000079 ], [ -119.06851035699998, 34.113563222000039 ], [ -119.068567274999964, 34.113565663000031 ], [ -119.068617665999966, 34.113574199000027 ], [ -119.06906571199994, 34.113678073000074 ], [ -119.069198704999963, 34.113710449000052 ], [ -119.069243785999959, 34.113722794000068 ], [ -119.069308069999977, 34.113742869000077 ], [ -119.069420597999965, 34.113784018000047 ], [ -119.069439593999959, 34.113791758000048 ], [ -119.069684380999945, 34.113897911000038 ], [ -119.069753236999986, 34.113928551000072 ], [ -119.069837158999974, 34.113973068000064 ], [ -119.069923312999947, 34.114027109000062 ], [ -119.069950451999944, 34.114046135000024 ], [ -119.069972170999961, 34.114062062000073 ], [ -119.070112321999943, 34.114164014000039 ], [ -119.070144911999989, 34.114189868000039 ], [ -119.070251290999977, 34.114274264000073 ], [ -119.070304293999982, 34.114323551000041 ], [ -119.070368264999956, 34.114393965000033 ], [ -119.070383527, 34.114412711000057 ], [ -119.070406283999944, 34.114444480000031 ], [ -119.070681332, 34.114828450000061 ], [ -119.070681696999941, 34.11482892500004 ], [ -119.070754442999942, 34.114917116000072 ], [ -119.070834180999952, 34.115001022000058 ], [ -119.07085103199995, 34.11501734400008 ], [ -119.070867246999967, 34.115033937000078 ], [ -119.070911993999971, 34.115071687000068 ], [ -119.070962505999944, 34.115104017000078 ], [ -119.070975975999943, 34.115111206000051 ], [ -119.070982838999953, 34.115114555000048 ], [ -119.071037183999977, 34.11513627000005 ], [ -119.071056205, 34.115141193000056 ], [ -119.071144201999971, 34.115157622000027 ], [ -119.071154313999955, 34.115158942000051 ], [ -119.071174313999961, 34.115159912000024 ], [ -119.071353690999956, 34.115155344000073 ], [ -119.071367792999979, 34.115154985000061 ], [ -119.071372416999964, 34.115154985000061 ], [ -119.071443447999968, 34.115158851000047 ], [ -119.071513372999959, 34.115169948000073 ], [ -119.071556159999943, 34.115180519000035 ], [ -119.071558803999949, 34.115181279000069 ], [ -119.07162584799994, 34.115204583000036 ], [ -119.071689024999955, 34.115234438000073 ], [ -119.07171767799997, 34.115250955000079 ], [ -119.071736216999966, 34.115262218000055 ], [ -119.071816442999989, 34.11530532200004 ], [ -119.071901111999978, 34.115342085000066 ], [ -119.071912611999949, 34.115346458000033 ], [ -119.071933796999986, 34.115354299000046 ], [ -119.072005960999945, 34.11537581400006 ], [ -119.072080602999961, 34.115390349000052 ], [ -119.072116779999988, 34.11539476300004 ], [ -119.072172481999985, 34.11539494200008 ], [ -119.072232210999971, 34.115388110000026 ], [ -119.072290107999947, 34.11537411900008 ], [ -119.072339542999941, 34.115355684000065 ], [ -119.072368089999941, 34.11534223700005 ], [ -119.072441086999959, 34.115307249000068 ], [ -119.072473307999985, 34.115290578000042 ], [ -119.07252488599994, 34.115257141000029 ], [ -119.072551563, 34.115235765000079 ], [ -119.072571984999968, 34.115217104000067 ], [ -119.072612103999973, 34.115172413000039 ], [ -119.07264470299998, 34.115123674000074 ], [ -119.07266920099994, 34.115071755000031 ], [ -119.07267769799995, 34.115046813000049 ], [ -119.072685160999981, 34.115017583000053 ], [ -119.072692294999968, 34.114962125000034 ], [ -119.072690480999938, 34.114906373000053 ], [ -119.072679747999985, 34.114851317000046 ], [ -119.072660285999973, 34.114797944000031 ], [ -119.072635695999963, 34.114752294000027 ], [ -119.072597697, 34.114691823000044 ], [ -119.072504564999974, 34.114543609000066 ], [ -119.072497165999948, 34.114531832000068 ], [ -119.072477371, 34.114500331000045 ], [ -119.072468970999978, 34.114486963000047 ], [ -119.072465708999971, 34.114481672000068 ], [ -119.072442725999963, 34.114435481000044 ], [ -119.072428074999948, 34.114386998000043 ], [ -119.072422067, 34.114337258000035 ], [ -119.072424829999989, 34.114287320000074 ], [ -119.072428668999976, 34.11426622700003 ], [ -119.072436374999938, 34.114237957000057 ], [ -119.072456378999959, 34.114190653000037 ], [ -119.072484451999969, 34.114146275000053 ], [ -119.072519995999983, 34.114105770000037 ], [ -119.072537391999958, 34.11409104300003 ], [ -119.072625116999973, 34.114030940000077 ], [ -119.072633945999939, 34.114025510000033 ], [ -119.072670565999942, 34.114002989000028 ], [ -119.072711958999946, 34.113978712000062 ], [ -119.072743968999987, 34.113958512000067 ], [ -119.072753859999978, 34.113951338000049 ], [ -119.072781691999978, 34.113925166000058 ], [ -119.072806079999964, 34.113891645000024 ], [ -119.072822396, 34.113854890000027 ], [ -119.072830055999987, 34.113816230000054 ], [ -119.072828778999963, 34.113777064000033 ], [ -119.072827815999972, 34.113771227000029 ], [ -119.072796548999975, 34.113641122000047 ], [ -119.072787232999985, 34.113602351000054 ], [ -119.072778754999945, 34.113570071000026 ], [ -119.072772588999953, 34.113518139000064 ], [ -119.072775366999963, 34.113466008000046 ], [ -119.072785348999957, 34.113420222000059 ], [ -119.07278678199998, 34.113415712000062 ], [ -119.07280678799998, 34.113368407000053 ], [ -119.072834859999944, 34.113324028000079 ], [ -119.072870402999968, 34.113283522000074 ], [ -119.072912654999982, 34.113247753000053 ], [ -119.072960719999969, 34.113217481000049 ], [ -119.072969017999981, 34.113213126000062 ], [ -119.073013572999969, 34.113193354000032 ], [ -119.073070084999983, 34.113175884000043 ], [ -119.073129052999946, 34.11316544400006 ], [ -119.073189217999982, 34.113162256000066 ], [ -119.073249302999955, 34.113166388000025 ], [ -119.073308022, 34.113177755000038 ], [ -119.073355998999943, 34.113192952000077 ], [ -119.07368082499994, 34.113315650000061 ], [ -119.07368331899994, 34.11331651900008 ], [ -119.073738990999971, 34.11334019800006 ], [ -119.07376095099994, 34.113352008000049 ], [ -119.073804098999972, 34.113380627000026 ], [ -119.07384553299994, 34.11341705500007 ], [ -119.073880147999944, 34.113458112000046 ], [ -119.073907207, 34.113502923000055 ], [ -119.073917795999989, 34.113526640000032 ], [ -119.073952279999958, 34.113624679000054 ], [ -119.074000315999967, 34.11376124700007 ], [ -119.074007170999948, 34.113781190000054 ], [ -119.074022140999944, 34.113814827000056 ], [ -119.074028986999963, 34.113827031000028 ], [ -119.074059563, 34.113870749000057 ], [ -119.074097305999942, 34.113910401000055 ], [ -119.074141452999982, 34.113945182000066 ], [ -119.074168852999946, 34.113962386000026 ], [ -119.074185538999984, 34.11397297700006 ], [ -119.074235199999976, 34.113998165000055 ], [ -119.074288902999967, 34.114016754000033 ], [ -119.074345388999973, 34.114028305000033 ], [ -119.074403331999974, 34.114032549000058 ], [ -119.074461374999942, 34.114029388000063 ], [ -119.074518157999989, 34.114018894000026 ], [ -119.074572349999983, 34.114001312000028 ], [ -119.074622677999969, 34.113977058000046 ], [ -119.074667966, 34.113946696000028 ], [ -119.074687065999967, 34.11392926700006 ], [ -119.07470715, 34.113910941000029 ], [ -119.07473321599997, 34.11387938300004 ], [ -119.074943508, 34.11358834400005 ], [ -119.074946502999978, 34.113584198000069 ], [ -119.074950347999959, 34.113578964000055 ], [ -119.074985713999979, 34.113538657000049 ], [ -119.075027758999965, 34.113503062000063 ], [ -119.075075589999983, 34.113472939000076 ], [ -119.075118857999939, 34.113452593000034 ], [ -119.075191030999974, 34.113423255000043 ], [ -119.075327092999942, 34.113369885000054 ], [ -119.075406134, 34.113334718000033 ], [ -119.075474830999951, 34.113298195000027 ], [ -119.075516788999948, 34.113271212000029 ], [ -119.076189528999976, 34.112807627000052 ], [ -119.076612625999985, 34.112630259000071 ], [ -119.07661122899998, 34.112521937000054 ], [ -119.076779296999973, 34.112520483000026 ], [ -119.076751641999977, 34.110597688000041 ], [ -119.077643558999966, 34.110588449000034 ], [ -119.077655025999945, 34.111382150000054 ], [ -119.077733171999967, 34.111373337000032 ], [ -119.077790670999946, 34.111375797000051 ], [ -119.077812489999985, 34.111378728000034 ], [ -119.078422349999983, 34.111465892000069 ], [ -119.078425407999987, 34.111466180000036 ], [ -119.078475745, 34.11146692300008 ], [ -119.078525429999956, 34.111460179000062 ], [ -119.078572869999959, 34.111446164000029 ], [ -119.078616539999985, 34.111425328000053 ], [ -119.07865503499994, 34.11139834100004 ], [ -119.078687115999969, 34.111366070000031 ], [ -119.078711754999972, 34.111329555000054 ], [ -119.078728160999958, 34.111289964000036 ], [ -119.078735801999983, 34.111248576000037 ], [ -119.078736142999958, 34.111224940000056 ], [ -119.078719339999964, 34.111002605000067 ], [ -119.078714878999961, 34.110944769000071 ], [ -119.078704434999963, 34.110807416000057 ], [ -119.078630423999982, 34.109784647000026 ], [ -119.078625729999942, 34.109719769000037 ], [ -119.078628083999945, 34.109698888000025 ], [ -119.07864, 34.109650674000079 ], [ -119.078660623999951, 34.109604539000031 ], [ -119.078678035999985, 34.109578599000031 ], [ -119.078725213999974, 34.109524552000039 ], [ -119.078728758999944, 34.109520490000079 ], [ -119.07882299399995, 34.109459051000044 ], [ -119.078871063999941, 34.109439806000069 ], [ -119.078927677999957, 34.109425482000063 ], [ -119.078986257999986, 34.109418511000058 ], [ -119.079013129999964, 34.109418762000075 ], [ -119.079103807999957, 34.109427118000042 ], [ -119.079160022999986, 34.109442494000064 ], [ -119.079186385999947, 34.109453658000064 ], [ -119.079212757, 34.109464827000068 ], [ -119.079260775999956, 34.109493594000071 ], [ -119.079302949999942, 34.109528118000071 ], [ -119.079310041999975, 34.109536038000044 ], [ -119.079365984, 34.109611099000062 ], [ -119.079627903999949, 34.110361024000042 ], [ -119.080007710999951, 34.110996517000046 ], [ -119.080203017999963, 34.111329358000035 ], [ -119.080228015999978, 34.111371960000042 ], [ -119.080257482999968, 34.111406973000044 ], [ -119.080295512999953, 34.111439517000065 ], [ -119.080339464999952, 34.111466410000048 ], [ -119.080441609, 34.11150064800006 ], [ -119.080452657999956, 34.111504352000054 ], [ -119.080476053999973, 34.111504633000038 ], [ -119.080548793, 34.111505505000025 ], [ -119.080602347999957, 34.111496824000028 ], [ -119.08060657599998, 34.11149580600005 ], [ -119.080614189999949, 34.111493763000055 ], [ -119.080681548999962, 34.111471836000078 ], [ -119.080725097999959, 34.111410726000031 ], [ -119.080665059999944, 34.111319394000077 ], [ -119.080553407999957, 34.111138100000062 ], [ -119.08044960899997, 34.110953605000077 ], [ -119.08037776599997, 34.110814829000049 ], [ -119.080314603999966, 34.110685010000054 ], [ -119.080188317999955, 34.11038919300006 ], [ -119.08008377699997, 34.110242867000068 ], [ -119.079999355999973, 34.11011320700004 ], [ -119.079981552999982, 34.110085860000027 ], [ -119.079887109999959, 34.109925512000075 ], [ -119.079800610999939, 34.109762094000075 ], [ -119.079751696999949, 34.109658410000065 ], [ -119.079634922999958, 34.109405819000074 ], [ -119.079576949999989, 34.109197321000067 ], [ -119.079556109999942, 34.109129179000035 ], [ -119.079534235999972, 34.109047792000069 ], [ -119.079492565999942, 34.108892740000044 ], [ -119.079205980999973, 34.107808189000025 ], [ -119.079124049999962, 34.107369539000047 ], [ -119.079123012999958, 34.106938056000047 ], [ -119.079150444, 34.106754481000053 ], [ -119.079165691999947, 34.106652436000047 ], [ -119.079358385999967, 34.106070356000032 ], [ -119.080723803999945, 34.102317024000058 ], [ -119.080723818999957, 34.102316973000029 ], [ -119.080862670999977, 34.102020569000047 ], [ -119.08091010399994, 34.101929717000075 ], [ -119.08091322699994, 34.101924066000038 ], [ -119.080916311999943, 34.101779736000026 ], [ -119.080916311999943, 34.101779683000075 ], [ -119.08091307799998, 34.10165809800003 ], [ -119.080913074999955, 34.101658045000079 ], [ -119.080906699999957, 34.101574650000032 ], [ -119.080906695999943, 34.10157459900006 ], [ -119.080888903999949, 34.101433293000071 ], [ -119.080862766999985, 34.101294677000055 ], [ -119.080572864999965, 34.10084551500006 ], [ -119.080109425999979, 34.100506314000029 ], [ -119.079445542999963, 34.10002045300007 ], [ -119.077048728999955, 34.098266270000067 ], [ -119.071795332999955, 34.095445733000076 ], [ -119.070377867, 34.094980402000033 ], [ -119.069742239999982, 34.094658923000054 ], [ -119.066303708999953, 34.092117935000033 ], [ -119.064776124, 34.090438309000035 ], [ -119.066526873999976, 34.088496675000044 ], [ -119.073779765999973, 34.092028679000066 ], [ -119.075673035999955, 34.092940876000057 ], [ -119.080960321999953, 34.095249356000068 ], [ -119.085081186999957, 34.096642246000044 ], [ -119.088960555999961, 34.097898970000074 ], [ -119.093442321999987, 34.099384865000047 ], [ -119.098020164, 34.099692134000065 ], [ -119.102605930999971, 34.098025612000072 ], [ -119.106505455999979, 34.095765054000026 ], [ -119.110042323999949, 34.095264864000058 ], [ -119.115741325999977, 34.096006628000055 ], [ -119.123866712999984, 34.098174064000034 ], [ -119.132565363999959, 34.102661436000062 ], [ -119.146831157999941, 34.110510346000069 ], [ -119.153669522999962, 34.11498350200003 ], [ -119.165158177999956, 34.121691215000055 ], [ -119.178259041, 34.130928340000025 ], [ -119.182197722999945, 34.133670148000078 ], [ -119.18675041399996, 34.136501774000067 ], [ -119.188458702999981, 34.137563776000036 ], [ -119.188954996999939, 34.137872300000026 ], [ -119.190407626999956, 34.138573339000061 ], [ -119.194438573999946, 34.140548066000065 ], [ -119.199454594999963, 34.143009771000038 ], [ -119.200356993999947, 34.143533952000041 ], [ -119.201059913999984, 34.143740155000046 ], [ -119.201145329999974, 34.143765212000062 ], [ -119.201507916999958, 34.143871575000048 ], [ -119.201790635999942, 34.144001501000048 ], [ -119.202017707999971, 34.144105852000052 ], [ -119.202414415999954, 34.14424142300004 ], [ -119.202601776999984, 34.14426257100007 ], [ -119.202781588999983, 34.144234231000041 ], [ -119.202836385999944, 34.144216976000052 ], [ -119.202985988999956, 34.144173995000074 ], [ -119.203177403999973, 34.14415529300004 ], [ -119.203288791999967, 34.144172649000041 ], [ -119.20346748299994, 34.144244725000078 ], [ -119.203768304999983, 34.144334051000044 ], [ -119.204087405999985, 34.144372283000052 ], [ -119.20590249299994, 34.144616298000074 ], [ -119.205973885, 34.144626201000051 ], [ -119.20641074699995, 34.144682523000029 ], [ -119.206848859, 34.144731681000053 ], [ -119.207288050999978, 34.144773654000062 ], [ -119.207457903999966, 34.144787073000032 ], [ -119.207612241, 34.144794541000067 ], [ -119.207632034999961, 34.144796911000071 ], [ -119.207728152999948, 34.144808424000075 ], [ -119.207891789999962, 34.144819501000029 ], [ -119.208114615999989, 34.14482961300007 ], [ -119.208316509999975, 34.14483474900004 ], [ -119.208413424999947, 34.144837801000051 ], [ -119.208557906999943, 34.144836224000073 ], [ -119.208702005999953, 34.14482732700003 ], [ -119.208845184999973, 34.144811141000048 ], [ -119.208877552999979, 34.144806450000033 ], [ -119.208925251999972, 34.144798488000049 ], [ -119.209011646999954, 34.144778313000074 ], [ -119.209095247999983, 34.144751194000037 ], [ -119.209117581999976, 34.144741757000077 ], [ -119.209175247999951, 34.144717392000075 ], [ -119.209250880999946, 34.144677232000049 ], [ -119.20929080999997, 34.144652269000062 ], [ -119.209313165999959, 34.144637901000067 ], [ -119.209317374999955, 34.144635196000024 ], [ -119.20937250299994, 34.144606969000051 ], [ -119.209431819999963, 34.144585397000071 ], [ -119.209494169999971, 34.144570896000062 ], [ -119.209558341, 34.144563753000057 ], [ -119.209623083999986, 34.14456410300005 ], [ -119.209678551999957, 34.144570448000024 ], [ -119.209812246999945, 34.14458757400007 ], [ -119.209819661999973, 34.144588721000048 ], [ -119.209836941, 34.144589569000061 ], [ -119.209854133999954, 34.144587908000062 ], [ -119.209870719999969, 34.144583789000023 ], [ -119.209886193999978, 34.144577340000069 ], [ -119.209900083999969, 34.144568754000034 ], [ -119.20991197099994, 34.144558292000056 ], [ -119.209921492999968, 34.144546274000049 ], [ -119.209928360999982, 34.144533065000076 ], [ -119.20993236299995, 34.144519062000029 ], [ -119.209933381999974, 34.14450469600007 ], [ -119.209933321, 34.144503317000044 ], [ -119.209956815999988, 34.144482132000064 ], [ -119.209998162999966, 34.144453773000066 ], [ -119.210044558999982, 34.144431458000042 ], [ -119.210094738999942, 34.144415797000079 ], [ -119.210129224999946, 34.144409328000052 ], [ -119.210029057999975, 34.14383715300005 ], [ -119.212094978999971, 34.142878594000024 ], [ -119.21216229199996, 34.14301123000007 ], [ -119.210371351999981, 34.143809416000067 ], [ -119.210165769999946, 34.143901037000035 ], [ -119.210269305999986, 34.144604309000044 ], [ -119.210280343999955, 34.144654443000036 ], [ -119.210285229999954, 34.144676640000057 ], [ -119.210368746999961, 34.144758560000071 ], [ -119.210512756999947, 34.14483905000003 ], [ -119.21072445599998, 34.144903722000038 ], [ -119.210879136999949, 34.144931068000062 ], [ -119.210716308999963, 34.145210819000056 ], [ -119.21062498799995, 34.145367715000077 ], [ -119.210521003999986, 34.145452452000029 ], [ -119.210262173, 34.145666068000025 ], [ -119.210235789999956, 34.14569749900005 ], [ -119.210219109999969, 34.145891838000068 ], [ -119.21011152899996, 34.146090125000057 ], [ -119.209923671999945, 34.146301494000056 ], [ -119.209782865999955, 34.146511752000038 ], [ -119.20977136, 34.146519698000077 ], [ -119.209539711, 34.14667968200007 ], [ -119.209515686999964, 34.146764141000062 ], [ -119.20959832799997, 34.14682601800007 ], [ -119.208806291999963, 34.147658952000029 ], [ -119.202866694999955, 34.147664758000076 ], [ -119.202841199999966, 34.14750876100004 ], [ -119.202565621999952, 34.147515251000073 ], [ -119.201487963999966, 34.148262396000064 ], [ -119.201455013999976, 34.148285239000074 ], [ -119.201414943999964, 34.148688862000029 ], [ -119.201464087999966, 34.148749227000053 ], [ -119.206186210999988, 34.148744238000063 ], [ -119.206195287999947, 34.151573969000026 ], [ -119.208146495999983, 34.151583875000028 ], [ -119.208158742999956, 34.153645754000024 ], [ -119.208159250999984, 34.153731200000038 ], [ -119.209476932999962, 34.153705698000067 ], [ -119.209460751999984, 34.153034947000037 ], [ -119.209796843999982, 34.153027014000031 ], [ -119.210306929999945, 34.153976928000077 ], [ -119.210452329999953, 34.15390079000008 ], [ -119.210555639999939, 34.153971056000046 ], [ -119.210661472999959, 34.153918222000073 ], [ -119.211036791999959, 34.153680056000042 ], [ -119.211143769999978, 34.153660752000064 ], [ -119.211141096999938, 34.153582515000039 ], [ -119.211083882999958, 34.153483196000025 ], [ -119.211000929999955, 34.153418043000045 ], [ -119.210898764999968, 34.153381306000028 ], [ -119.210688861, 34.153341520000026 ], [ -119.210594180999976, 34.153326977000063 ], [ -119.210019510999985, 34.152652634000049 ], [ -119.210051184999941, 34.149050135000039 ], [ -119.210173305999945, 34.149054763000038 ], [ -119.210233047999964, 34.149057027000026 ], [ -119.210229865999963, 34.149049620000028 ], [ -119.210190301999944, 34.14891186400007 ], [ -119.210192268999947, 34.14872568100003 ], [ -119.210196192999945, 34.148699949000047 ], [ -119.210215562999963, 34.148630893000075 ], [ -119.210243371, 34.148563860000024 ], [ -119.210279320999973, 34.148499559000072 ], [ -119.21031325499996, 34.148451111000043 ], [ -119.211491879999983, 34.147114563000059 ], [ -119.211998275999974, 34.147169714000029 ], [ -119.212669562999963, 34.146538646000067 ], [ -119.212398762999953, 34.146330573000057 ], [ -119.212891271999979, 34.145708377000062 ], [ -119.213666053999987, 34.145809378000024 ], [ -119.214252640999973, 34.145914823000055 ], [ -119.214401153999972, 34.145927030000053 ], [ -119.214675370999942, 34.145949568000049 ], [ -119.21493602399994, 34.145965776000025 ], [ -119.214999861999956, 34.145937323000055 ], [ -119.215022830999942, 34.145927086000029 ], [ -119.215148046999957, 34.145871277000026 ], [ -119.215467622999938, 34.145881197000051 ], [ -119.215542686999981, 34.145715831000075 ], [ -119.215624244999958, 34.145445448000032 ], [ -119.215827070999978, 34.145180585000048 ], [ -119.216126513999939, 34.145085413000061 ], [ -119.216155704999949, 34.144542429000069 ], [ -119.216197412999975, 34.143766630000073 ], [ -119.216354108999951, 34.143775507000043 ], [ -119.216278128999988, 34.144356160000029 ], [ -119.216554877999954, 34.144440359000043 ], [ -119.217126908999944, 34.145128855000053 ], [ -119.217160698999976, 34.145146941000064 ], [ -119.21759971299997, 34.145381924000048 ], [ -119.217533159999959, 34.145500948000063 ], [ -119.217333065999981, 34.145400678000044 ], [ -119.216973653999958, 34.14522056800007 ], [ -119.216820645999974, 34.145240428000079 ], [ -119.216714107999962, 34.145302214000026 ], [ -119.216603618999955, 34.145464223000033 ], [ -119.216573929999981, 34.145628515000055 ], [ -119.216558191999979, 34.145905731000028 ], [ -119.216552127999989, 34.146023323000065 ], [ -119.216578172999959, 34.146194687000047 ], [ -119.216629422999972, 34.146365452000055 ], [ -119.216705592999972, 34.146527239000079 ], [ -119.216829142999984, 34.146694445000037 ], [ -119.21696172999998, 34.146995614000048 ], [ -119.217020021999986, 34.147093033000033 ], [ -119.217302997, 34.147608059000049 ], [ -119.217592799999977, 34.148050248000061 ], [ -119.218885438999962, 34.150022512000078 ], [ -119.219467013999974, 34.151059839000027 ], [ -119.219828953999979, 34.151534395000056 ], [ -119.219972956999982, 34.151687687000049 ], [ -119.22021768999997, 34.152014251000026 ], [ -119.220738958999959, 34.152638226000079 ], [ -119.221218086999954, 34.153208943000038 ], [ -119.22157145999995, 34.153629859000034 ], [ -119.222623101999943, 34.154599986000051 ], [ -119.222831417999942, 34.154711599000052 ], [ -119.222985568999945, 34.154887935000033 ], [ -119.223530959999948, 34.15518645700007 ], [ -119.223645568, 34.155249187000038 ], [ -119.224642508999978, 34.156069412000079 ], [ -119.224713469999983, 34.156113192000078 ], [ -119.225377227999957, 34.156522705000043 ], [ -119.225662289999946, 34.156625011000074 ], [ -119.225877479999951, 34.156745737000051 ], [ -119.22592908699994, 34.156804160000036 ], [ -119.227501271999984, 34.155925775000071 ], [ -119.227595475999976, 34.156024209000066 ], [ -119.226001720999989, 34.15692778600004 ], [ -119.224482682999962, 34.157795239000052 ], [ -119.224679248999962, 34.157986791000042 ], [ -119.222830610999949, 34.159042 ], [ -119.222805259999973, 34.161319727000034 ], [ -119.222337281999955, 34.16131611000003 ], [ -119.222330696999961, 34.161865693000038 ], [ -119.222876948999954, 34.161869873000057 ], [ -119.222738964999962, 34.172425496000074 ], [ -119.223191527999973, 34.172835557000042 ], [ -119.223195135999958, 34.172973412000033 ], [ -119.22317155099995, 34.174901184000078 ], [ -119.223526747999983, 34.175590228000033 ], [ -119.22386910299997, 34.175592204000054 ], [ -119.224022758999979, 34.175593090000064 ], [ -119.224046083999951, 34.173697575000062 ], [ -119.224066150999988, 34.172066769000025 ], [ -119.224110490999976, 34.168463073000055 ], [ -119.224290119999978, 34.168059264000078 ], [ -119.22453662199996, 34.167505125000048 ], [ -119.225996704999943, 34.167286681000064 ], [ -119.226289891999954, 34.167845064000062 ], [ -119.22662067899995, 34.168475046000026 ], [ -119.22660854999998, 34.16847944500006 ], [ -119.227245087999961, 34.169726452000077 ], [ -119.227240101999939, 34.170125256000063 ], [ -119.227239851999968, 34.170145262000062 ], [ -119.227235302999986, 34.170173765000072 ], [ -119.227226168999948, 34.170198510000034 ], [ -119.227214224999955, 34.170219271000065 ], [ -119.227198920999967, 34.170238449000067 ], [ -119.227175523999961, 34.170259630000032 ], [ -119.227150966999943, 34.170275544000049 ], [ -119.227123714999948, 34.170288071000073 ], [ -119.227094440999963, 34.17029689900005 ], [ -119.227039667999975, 34.170302848000063 ], [ -119.226519088999964, 34.17029842900007 ], [ -119.226433467, 34.175277455000071 ], [ -119.227345924999952, 34.175302746000057 ], [ -119.227425199999971, 34.175307513000064 ], [ -119.227477830999987, 34.175321546000077 ], [ -119.227513118, 34.175339722000047 ], [ -119.227550939999958, 34.175367980000033 ], [ -119.227574574999949, 34.175399768000034 ], [ -119.227588236999964, 34.175432350000051 ], [ -119.227593293999973, 34.175469435000025 ], [ -119.227588762999972, 34.175591692000069 ], [ -119.228249712999968, 34.175596635000034 ], [ -119.22828113199995, 34.174978571000054 ], [ -119.230240103999961, 34.174972579000041 ], [ -119.230240967999976, 34.173039889000052 ], [ -119.23024116299996, 34.172602386000051 ], [ -119.229954051999982, 34.172597225000061 ], [ -119.228282466999985, 34.172567155000024 ], [ -119.228288046999978, 34.172416869000074 ], [ -119.228317404, 34.171626209000067 ], [ -119.229532712999969, 34.171614678000026 ], [ -119.22953304899994, 34.170417223000072 ], [ -119.229533378999975, 34.16924449000004 ], [ -119.228505238999958, 34.169236824000052 ], [ -119.228251257999943, 34.169234929000027 ], [ -119.228189184999962, 34.169107333000056 ], [ -119.227797329999987, 34.168301821000057 ], [ -119.227735475999964, 34.168174670000042 ], [ -119.227816924999956, 34.168143262000058 ], [ -119.228313257999957, 34.16795187300005 ], [ -119.227932339999938, 34.16720934500006 ], [ -119.227933118999943, 34.16720304200004 ], [ -119.226943389999974, 34.165253319000044 ], [ -119.226695017999987, 34.165273432000049 ], [ -119.226168301999962, 34.165440343000057 ], [ -119.226108374999967, 34.165320937000047 ], [ -119.225732387999983, 34.164571756000043 ], [ -119.226485718, 34.164288277000026 ], [ -119.225772631999973, 34.162920321000058 ], [ -119.225337628999966, 34.163071067000033 ], [ -119.224357993999945, 34.161108042000023 ], [ -119.224242379999964, 34.16035017300004 ], [ -119.224206680999941, 34.160116167000069 ], [ -119.224613038999962, 34.159191382000074 ], [ -119.224730141999942, 34.158924876000071 ], [ -119.224961010999948, 34.15879288800005 ], [ -119.225072290999947, 34.158894530000055 ], [ -119.225170709999986, 34.158984425000028 ], [ -119.226259170999981, 34.158358073000045 ], [ -119.226775186999987, 34.158061127000053 ], [ -119.22840214699994, 34.157137591000037 ], [ -119.228475754999977, 34.157223928000064 ], [ -119.226833798999962, 34.158129813000073 ], [ -119.226813581999977, 34.158166576000042 ], [ -119.226783298999976, 34.15826996100003 ], [ -119.226750878999951, 34.158375382000031 ], [ -119.226726336999945, 34.158482111000069 ], [ -119.226716774999943, 34.158589486000039 ], [ -119.22671605, 34.158697153000048 ], [ -119.226735713999972, 34.15880433600006 ], [ -119.226752630999954, 34.158911083000078 ], [ -119.226772910999955, 34.159016748000056 ], [ -119.226784967999947, 34.159048320000068 ], [ -119.226812515999939, 34.159120458000075 ], [ -119.226855205999982, 34.15922211000003 ], [ -119.226906139999983, 34.159321103000025 ], [ -119.226965084999961, 34.159416977000035 ], [ -119.227031759999988, 34.159509283000034 ], [ -119.227058624, 34.159541300000058 ], [ -119.227244184999961, 34.159694352000031 ], [ -119.227297366999949, 34.15972096400003 ], [ -119.227836578, 34.159828368000035 ], [ -119.227885023999988, 34.159827216000053 ], [ -119.22792130199997, 34.159826355000064 ], [ -119.228023063999956, 34.159816715000034 ], [ -119.228064083999982, 34.159810751000066 ], [ -119.228115640999988, 34.159802544000058 ], [ -119.228199993999965, 34.159795097000028 ], [ -119.228284820999988, 34.159794899000076 ], [ -119.228369222999959, 34.159801951000077 ], [ -119.228452307999987, 34.159816182000043 ], [ -119.228533188999961, 34.159837437000078 ], [ -119.228611012999977, 34.15986549400003 ], [ -119.228684955999938, 34.159900054000047 ], [ -119.22875423, 34.159940751000079 ], [ -119.228824294, 34.159987005000062 ], [ -119.228874546999975, 34.160035110000024 ], [ -119.228880739999965, 34.160041040000067 ], [ -119.228933198, 34.160094904000061 ], [ -119.228977070999974, 34.160155257000042 ], [ -119.229013245999965, 34.160219039000026 ], [ -119.229041342999949, 34.160285577000025 ], [ -119.229061058999946, 34.160354161000043 ], [ -119.22907209899995, 34.160423141000024 ], [ -119.229067725999982, 34.160500881000075 ], [ -119.229067687999986, 34.160627982000051 ], [ -119.229076457999952, 34.16075487300003 ], [ -119.229094009, 34.160881133000032 ], [ -119.229120279999961, 34.161006342000064 ], [ -119.229155185999957, 34.16113008700006 ], [ -119.229192504999958, 34.161236280000026 ], [ -119.228262678999954, 34.161485601000038 ], [ -119.228244380999968, 34.161528976000056 ], [ -119.228434247999985, 34.162013513000034 ], [ -119.228605568999967, 34.162325364000026 ], [ -119.228736134999963, 34.162551703000076 ], [ -119.228971785999988, 34.162892094000028 ], [ -119.229040386999941, 34.162991188000035 ], [ -119.229215557999964, 34.163315211000054 ], [ -119.229393220999953, 34.163643836000062 ], [ -119.22958413899994, 34.163996975000032 ], [ -119.22990459, 34.164430672000037 ], [ -119.230740530999981, 34.165969369000038 ], [ -119.231058081999947, 34.166464132000044 ], [ -119.231384478999985, 34.166923112000063 ], [ -119.231728102999966, 34.16750421900008 ], [ -119.23200712, 34.16796088600006 ], [ -119.232413819999977, 34.168626516000074 ], [ -119.233757344999958, 34.170825324000077 ], [ -119.233936906999986, 34.171119158000067 ], [ -119.234419241999944, 34.171908431000077 ], [ -119.236912493999967, 34.175988004000033 ], [ -119.239497580999966, 34.180852132000041 ], [ -119.240400966999971, 34.182551790000048 ], [ -119.240583233999985, 34.182483436000041 ], [ -119.240653496999983, 34.18263606000005 ], [ -119.241482466999969, 34.184436663000042 ], [ -119.241598711999984, 34.184395946000052 ], [ -119.241918511999984, 34.184998672000063 ], [ -119.242139537999947, 34.18551898000004 ], [ -119.242473950999965, 34.186103220000064 ], [ -119.242885312999988, 34.186746912000046 ], [ -119.243272679999961, 34.18751820500006 ], [ -119.243654258, 34.188320626000063 ], [ -119.24390310299998, 34.188846657000056 ], [ -119.244683367999983, 34.190293459000031 ], [ -119.245686717999945, 34.19229464600005 ], [ -119.245507939, 34.192365476000077 ], [ -119.245790229999955, 34.192887280000036 ], [ -119.245935183999961, 34.19315522100004 ], [ -119.246091760999946, 34.193093107000038 ], [ -119.246585555999957, 34.19408945400005 ], [ -119.247131449999983, 34.195155042000067 ], [ -119.247446522999951, 34.195767876000048 ], [ -119.248320141999955, 34.197322850000035 ], [ -119.24845751099997, 34.197567350000043 ], [ -119.24828146699997, 34.197637084000064 ], [ -119.248256200999947, 34.197842365000042 ], [ -119.24265447099998, 34.197823683000024 ], [ -119.242871971999989, 34.198224136000078 ], [ -119.245906788999946, 34.203811256000051 ], [ -119.245907690999957, 34.20381291700005 ], [ -119.245962332999966, 34.20381556500007 ], [ -119.249817544999985, 34.203843834000054 ], [ -119.250054709999972, 34.204013864000046 ], [ -119.250211405999949, 34.204126203000044 ], [ -119.250456754999959, 34.204033338000045 ], [ -119.250560383, 34.204038357000059 ], [ -119.251102235999952, 34.205027018000067 ], [ -119.251284840999972, 34.20495791500008 ], [ -119.25208712899996, 34.204654302000051 ], [ -119.252391092999972, 34.204392126000073 ], [ -119.253448043999981, 34.206339379000042 ], [ -119.254095746999951, 34.207513406000032 ], [ -119.254638472999943, 34.208540199000026 ], [ -119.255277628999977, 34.20984493900005 ], [ -119.255277650999972, 34.20984498200005 ], [ -119.25544118, 34.210185486000057 ], [ -119.255785217999971, 34.210852474000035 ], [ -119.256064103999961, 34.211393146000034 ], [ -119.256623755999954, 34.212614251000048 ], [ -119.257235074, 34.214012393000075 ], [ -119.25747482099996, 34.214586807000046 ], [ -119.257930570999974, 34.215797811000073 ], [ -119.258451227999956, 34.217392926000059 ], [ -119.258679386999972, 34.217981626000039 ], [ -119.25902382299995, 34.218786091000027 ], [ -119.259939544999952, 34.220748449000041 ], [ -119.260547748999954, 34.222022912000057 ], [ -119.260644590999959, 34.222548258000074 ], [ -119.261256789999948, 34.224116730000048 ], [ -119.261541379999983, 34.224750622000045 ], [ -119.261827610999944, 34.225342116000036 ], [ -119.261969827999962, 34.225657352000042 ], [ -119.262346139999977, 34.226655122000068 ], [ -119.263628082999958, 34.23021465000005 ], [ -119.263980404999984, 34.231195066000055 ], [ -119.264612922999959, 34.233285108000075 ], [ -119.264871187999972, 34.234254806000024 ], [ -119.265399010999943, 34.235920631000056 ], [ -119.261768814999982, 34.236067776000027 ], [ -119.256892512999968, 34.236293639000053 ], [ -119.256662213999959, 34.230163123000068 ], [ -119.256529928999953, 34.230166559000054 ], [ -119.256450399999949, 34.228041932000053 ], [ -119.256352246999938, 34.225419669000075 ], [ -119.256319033999944, 34.224532246000024 ], [ -119.256319723, 34.224531940000077 ], [ -119.256307634999985, 34.224308696000037 ], [ -119.256285931999969, 34.224061757000072 ], [ -119.256261549999977, 34.223864332000062 ], [ -119.256063757999982, 34.222899033000033 ], [ -119.258551055999988, 34.222195680000027 ], [ -119.25924953599997, 34.222041409000042 ], [ -119.256196537999983, 34.214321831000063 ], [ -119.255718122999951, 34.213111995000077 ], [ -119.255365188999974, 34.213130708000051 ], [ -119.255361317, 34.213698412000042 ], [ -119.255584738999971, 34.215302640000061 ], [ -119.255996322999977, 34.216447512000059 ], [ -119.256040464999955, 34.216570295000054 ], [ -119.255850669999973, 34.216489685000056 ], [ -119.252993315999959, 34.215276041000038 ], [ -119.251953951999951, 34.212364549000029 ], [ -119.250732894999942, 34.212694644000067 ], [ -119.25045952, 34.212191500000074 ], [ -119.252866160999986, 34.211540781000053 ], [ -119.252842197999939, 34.210053638000034 ], [ -119.253251516999967, 34.209335347000035 ], [ -119.253790751999986, 34.209339586000056 ], [ -119.253490985999974, 34.208788807000076 ], [ -119.252684636999959, 34.208781739000074 ], [ -119.242822419999982, 34.208694826000055 ], [ -119.242823951999981, 34.208553582000036 ], [ -119.242865177999988, 34.204750884000077 ], [ -119.242488629999968, 34.204652666000072 ], [ -119.239859003999982, 34.203999345000057 ], [ -119.23977346199996, 34.203974730000027 ], [ -119.239690763999988, 34.203944132000061 ], [ -119.239611515999968, 34.203907776000051 ], [ -119.239536293999947, 34.203865927000038 ], [ -119.239465651999978, 34.203818891000026 ], [ -119.239458029, 34.203812857000059 ], [ -119.239400104999959, 34.203767012000071 ], [ -119.239340132999985, 34.203710671000067 ], [ -119.239286172999982, 34.203650278000055 ], [ -119.23923862099997, 34.203586275000077 ], [ -119.239197823999973, 34.203519131000064 ], [ -119.239164081999945, 34.203449338000041 ], [ -119.239137638999978, 34.203377403000047 ], [ -119.239118689999941, 34.203303854000069 ], [ -119.239107371999978, 34.203229229000044 ], [ -119.239103771999964, 34.203154074000054 ], [ -119.239107399999966, 34.20076152300004 ], [ -119.239110087999961, 34.200483427000052 ], [ -119.239094355999953, 34.20016122100003 ], [ -119.239072742999952, 34.20006513800007 ], [ -119.239043421999952, 34.199970475000043 ], [ -119.239039075999983, 34.199959543000034 ], [ -119.239006525999969, 34.199877660000027 ], [ -119.238962219999962, 34.199787111000035 ], [ -119.238910703999977, 34.199699234000036 ], [ -119.238852209999948, 34.199614427000029 ], [ -119.238787, 34.19953307000003 ], [ -119.238715370999955, 34.199455533000048 ], [ -119.238637642999947, 34.199382160000027 ], [ -119.23863430199998, 34.199379404000069 ], [ -119.238554166999961, 34.199313286000063 ], [ -119.238465319999989, 34.199249219000023 ], [ -119.238371500999961, 34.199190248000036 ], [ -119.237369099999967, 34.198630267000055 ], [ -119.236986261999959, 34.198416395000038 ], [ -119.236911199999952, 34.198370366000063 ], [ -119.236823432999984, 34.198303356000054 ], [ -119.236777127999972, 34.198262765000038 ], [ -119.23671915999995, 34.198202030000061 ], [ -119.236667856999986, 34.198137288000055 ], [ -119.236623612999949, 34.198069043000032 ], [ -119.236617824999939, 34.198057857000038 ], [ -119.236586772999942, 34.197997827000052 ], [ -119.236557626999968, 34.197924192000073 ], [ -119.236536396999952, 34.197848710000073 ], [ -119.234440168999981, 34.197833253000056 ], [ -119.225467900999945, 34.197766658000035 ], [ -119.225407811999958, 34.203195903000051 ], [ -119.220893753999974, 34.203116255000054 ], [ -119.21755213199998, 34.203113118000033 ], [ -119.217404716999965, 34.203114021000033 ], [ -119.21734566799995, 34.208443480000028 ], [ -119.215163138999969, 34.208426929000041 ], [ -119.215222383999958, 34.20309257200006 ], [ -119.216730502999951, 34.203103723000027 ], [ -119.216731681999988, 34.202054360000034 ], [ -119.217585424999982, 34.202063305000024 ], [ -119.220826199999976, 34.202084534000051 ], [ -119.220872457999974, 34.200865004000036 ], [ -119.214543947999971, 34.200819406000051 ], [ -119.21454261599996, 34.201687801000048 ], [ -119.206243130999951, 34.201623869000059 ], [ -119.206227752999951, 34.203025136000065 ], [ -119.201396636999959, 34.202988511000058 ], [ -119.201366758999939, 34.20565411900003 ], [ -119.19918555199996, 34.205637576000072 ], [ -119.199224533999939, 34.201617717000033 ], [ -119.197770963999972, 34.201618713000073 ], [ -119.197754446999966, 34.202802194000071 ], [ -119.196737663999954, 34.202831682000067 ], [ -119.196736524999949, 34.202952989000039 ], [ -119.195346097999959, 34.202942348000079 ], [ -119.195298348, 34.207147883000061 ], [ -119.196009606999951, 34.207153378000044 ], [ -119.196032837999951, 34.208280264000052 ], [ -119.208075096999949, 34.208372835000034 ], [ -119.208051359999956, 34.212354168000047 ], [ -119.207987123999942, 34.214346765000073 ], [ -119.207881422999947, 34.215080413000067 ], [ -119.207310450999955, 34.217306647000044 ], [ -119.207337459999962, 34.219238605000044 ], [ -119.212213885999972, 34.219280326000046 ], [ -119.212184029999946, 34.214512545000048 ], [ -119.216550269999971, 34.214526206000073 ], [ -119.216497315999959, 34.21929364500005 ], [ -119.220825726999976, 34.219306933000041 ], [ -119.220735225999988, 34.226653828000053 ], [ -119.220480099999975, 34.227517418000048 ], [ -119.220214171999942, 34.22805132700006 ], [ -119.219669749, 34.228742971000031 ], [ -119.219107875999953, 34.229221194000047 ], [ -119.217781041999956, 34.230146327000057 ], [ -119.216724643999953, 34.231155345000047 ], [ -119.21616910399996, 34.232217964000029 ], [ -119.215863242999944, 34.232423862000076 ], [ -119.215855071999954, 34.232922237000025 ], [ -119.211910323999973, 34.233037291000073 ], [ -119.211902618999943, 34.233711335000066 ], [ -119.211038197, 34.233771671000056 ], [ -119.206602768999971, 34.233893413000033 ], [ -119.204825503999984, 34.234003234000056 ], [ -119.204812555999979, 34.23451990600006 ], [ -119.199607245999971, 34.234472611000058 ], [ -119.199314973999947, 34.234712442000045 ], [ -119.19810836, 34.234992929000043 ], [ -119.194485802999964, 34.23576548300008 ], [ -119.194389701999967, 34.235839530000078 ], [ -119.194345406999958, 34.23589723300006 ], [ -119.194313400999988, 34.235931753000045 ], [ -119.19429385799998, 34.23595062000004 ], [ -119.194235662999972, 34.235999066000034 ], [ -119.194171500999971, 34.236042002000033 ], [ -119.194170060999966, 34.236042859000065 ], [ -119.194102126999951, 34.236078924000026 ], [ -119.194054114999972, 34.236099692000039 ], [ -119.192744521999941, 34.236550608000073 ], [ -119.192616648999945, 34.236594546000049 ], [ -119.192546980999964, 34.236626890000025 ], [ -119.192333768999958, 34.236725873000069 ], [ -119.192114984999989, 34.236827445000074 ], [ -119.191964780999967, 34.236893919000067 ], [ -119.191792406, 34.236977799000044 ], [ -119.191624598999965, 34.23706784500007 ], [ -119.191461681999954, 34.23716388400004 ], [ -119.191303962999939, 34.237265733000072 ], [ -119.191151741999988, 34.237373198000057 ], [ -119.191005310999969, 34.237486076000039 ], [ -119.190864945999976, 34.237604150000038 ], [ -119.190730916999939, 34.237727198000073 ], [ -119.190603475999978, 34.237854983000034 ], [ -119.190572436999958, 34.237887897000064 ], [ -119.190572703999976, 34.237888961000067 ], [ -119.189879662999942, 34.238635583000075 ], [ -119.189055846999963, 34.23952323900005 ], [ -119.188862980999943, 34.239747386000033 ], [ -119.188772738999944, 34.239867218000029 ], [ -119.188635065999961, 34.240061107000031 ], [ -119.188558040999965, 34.240176165000037 ], [ -119.188444713999957, 34.240544860000057 ], [ -119.188440983999953, 34.240556575000028 ], [ -119.188417518, 34.240617809000071 ], [ -119.18841277599995, 34.240628365000077 ], [ -119.188376233999975, 34.240697504000025 ], [ -119.188331709999943, 34.240763335000054 ], [ -119.188279628999965, 34.240825226000027 ], [ -119.188220494999939, 34.240882579000072 ], [ -119.188154874999952, 34.240934842000058 ], [ -119.18808340399994, 34.24098151100003 ], [ -119.188006769999959, 34.241022139000052 ], [ -119.187938043999964, 34.241051656000025 ], [ -119.187931640999977, 34.24107235300005 ], [ -119.187892446999967, 34.241181772000061 ], [ -119.18786554999997, 34.241245011000046 ], [ -119.187801680999939, 34.241371746000027 ], [ -119.187822360999974, 34.241379158000029 ], [ -119.187476849999939, 34.242047350000064 ], [ -119.187234328999978, 34.24196022700005 ], [ -119.187223628999959, 34.241972270000076 ], [ -119.187189220999983, 34.24200546600008 ], [ -119.187188319999962, 34.242006242000059 ], [ -119.187181024999973, 34.242012362000025 ], [ -119.187132246999965, 34.24204725900006 ], [ -119.187078200999963, 34.242076316000066 ], [ -119.187065075999953, 34.242082136000079 ], [ -119.18704655199997, 34.242101270000035 ], [ -119.186965786999963, 34.242177509000044 ], [ -119.18687867899996, 34.242248769000071 ], [ -119.186792422999986, 34.242310213000053 ], [ -119.186260889999971, 34.242664008000077 ], [ -119.178945653999961, 34.248547071000075 ], [ -119.178806965999968, 34.248658508000062 ], [ -119.175595817999977, 34.251224144000048 ], [ -119.16542382199998, 34.258408822000035 ], [ -119.16175469999996, 34.260990007000032 ], [ -119.158779079999988, 34.259330867000074 ], [ -119.159546886999976, 34.258817402000034 ], [ -119.160480445999951, 34.258193076000055 ], [ -119.161045874999957, 34.257814932000031 ], [ -119.161631968, 34.257579292000059 ], [ -119.162423265999962, 34.257261143000051 ], [ -119.163210604999961, 34.256744301000026 ], [ -119.16330917, 34.256800462000058 ], [ -119.163353418999975, 34.256825674000027 ], [ -119.163357460999976, 34.256823022000049 ], [ -119.164086770999972, 34.25634431800006 ], [ -119.164255926999942, 34.256236018000038 ], [ -119.164392054999951, 34.256160301000079 ], [ -119.165312014999984, 34.25564822900003 ], [ -119.165678108999941, 34.255438607000031 ], [ -119.166569332999984, 34.254914006000035 ], [ -119.167478117999963, 34.253989484000044 ], [ -119.165595421999967, 34.252925953000045 ], [ -119.161112008999964, 34.250393039000073 ], [ -119.162024122, 34.249210721000054 ], [ -119.161678341999959, 34.249016556000072 ], [ -119.161974252999983, 34.24843689100004 ], [ -119.160958694999977, 34.247930303000032 ], [ -119.165452750999975, 34.241992079000056 ], [ -119.166669872999989, 34.240361133000079 ], [ -119.168068252999944, 34.238487199000076 ], [ -119.169280545, 34.236885271000062 ], [ -119.169326254999987, 34.236824866000063 ], [ -119.169675773999984, 34.236362315000065 ], [ -119.169871474999979, 34.236200065000048 ], [ -119.170836304999966, 34.234924196000065 ], [ -119.170782549999956, 34.234896157000037 ], [ -119.17026618999995, 34.234626819000027 ], [ -119.168583536999961, 34.233749099000079 ], [ -119.168666948999942, 34.23366548000007 ], [ -119.168881381999938, 34.233450513000037 ], [ -119.169464524999967, 34.232865909000054 ], [ -119.169318440999973, 34.232789529000058 ], [ -119.168726244999959, 34.232479899000055 ], [ -119.168939709999961, 34.232196639000051 ], [ -119.170298410999976, 34.230393628000058 ], [ -119.169999045999987, 34.230187719000071 ], [ -119.170248240999967, 34.229938061000041 ], [ -119.169873753, 34.229680341000062 ], [ -119.169434612999964, 34.22941103900007 ], [ -119.168910273, 34.229089486000078 ], [ -119.168442242999959, 34.228802461000043 ], [ -119.167974943, 34.22927102400007 ], [ -119.167974877999939, 34.229271089000065 ], [ -119.167965518999949, 34.229264643000079 ], [ -119.167439143999957, 34.228902163000043 ], [ -119.167625898999972, 34.22870563500004 ], [ -119.167753514999958, 34.228571341000077 ], [ -119.168105167999954, 34.228201282000043 ], [ -119.167551347999961, 34.22789944200008 ], [ -119.167283540999961, 34.227805606000061 ], [ -119.167167578999965, 34.227768877000074 ], [ -119.167056740999953, 34.227736219000064 ], [ -119.166927151999971, 34.227700256000048 ], [ -119.166818446999969, 34.227673757000048 ], [ -119.166588685999955, 34.227617748000057 ], [ -119.166393286999948, 34.227570115000049 ], [ -119.166269243999977, 34.227694451000048 ], [ -119.165608978999956, 34.228356261000044 ], [ -119.165239424, 34.22810202900007 ], [ -119.165028561999975, 34.228313600000035 ], [ -119.165015618999973, 34.228304792000074 ], [ -119.163326861999963, 34.229997234000052 ], [ -119.162731634999943, 34.229587504000051 ], [ -119.162205762999974, 34.229225511000038 ], [ -119.162812229999986, 34.228617722000024 ], [ -119.160940255999947, 34.228161842000077 ], [ -119.160402311999974, 34.228030831000069 ], [ -119.160351183999978, 34.228018379000048 ], [ -119.160057017999975, 34.22863366100006 ], [ -119.159695724999949, 34.22938933000006 ], [ -119.158431703999952, 34.22852049800008 ], [ -119.158010053999988, 34.228230667000048 ], [ -119.157762606999938, 34.228696066000055 ], [ -119.155943352999941, 34.232117520000031 ], [ -119.154696377, 34.234462636000046 ], [ -119.154436103999956, 34.234367208000037 ], [ -119.154304831, 34.234279398000069 ], [ -119.153492107999966, 34.233735750000051 ], [ -119.154315495999981, 34.232059076000041 ], [ -119.154224823999982, 34.231764772000076 ], [ -119.154408623999984, 34.231437008000057 ], [ -119.155762443999947, 34.231913213000041 ], [ -119.15640697799995, 34.230701502000045 ], [ -119.155853663999949, 34.230507138000064 ], [ -119.150505220999946, 34.228628196000045 ], [ -119.150074553999957, 34.229060895000032 ], [ -119.148527996999974, 34.230614689000049 ], [ -119.148201926999945, 34.230391014000077 ], [ -119.144999874999939, 34.228194375000044 ], [ -119.144910250999942, 34.228132888000061 ], [ -119.144319027, 34.227727278000032 ], [ -119.144861673999969, 34.227182155000037 ], [ -119.142270976999953, 34.225402596000038 ], [ -119.142264472999955, 34.225409133000028 ], [ -119.141111369999976, 34.224617645000023 ], [ -119.140886487999978, 34.22462912900005 ], [ -119.140880908999975, 34.224629413000059 ], [ -119.140644513999973, 34.224820128000033 ], [ -119.140500784999972, 34.224936086000071 ], [ -119.140452679999953, 34.224974895000059 ], [ -119.140357087999973, 34.225031451000063 ], [ -119.140291261999948, 34.225070395000046 ], [ -119.140229593999948, 34.225112884000055 ], [ -119.140164886999969, 34.22516035700005 ], [ -119.140114690999951, 34.225200857000061 ], [ -119.140061874999958, 34.225243471000056 ], [ -119.139812912999957, 34.225444345000028 ], [ -119.139684370999987, 34.225356826000052 ], [ -119.139684308999961, 34.225356891000047 ], [ -119.13963296299994, 34.22532173500008 ], [ -119.139480244999959, 34.225217171000054 ], [ -119.139714806999962, 34.22498153500004 ], [ -119.139636792999966, 34.224921744000028 ], [ -119.139504324999962, 34.224801146000061 ], [ -119.139234974999965, 34.224613784000042 ], [ -119.139105967999967, 34.224524046000056 ], [ -119.138951289999966, 34.224416450000035 ], [ -119.138673553, 34.224223251000069 ], [ -119.138799980999977, 34.224095555000076 ], [ -119.138993292999942, 34.223915042000044 ], [ -119.139556677999963, 34.224302198000032 ], [ -119.139444865999963, 34.224423413000068 ], [ -119.139458857999955, 34.224502327000039 ], [ -119.139887164999948, 34.224796489000028 ], [ -119.139893894999943, 34.224801111000033 ], [ -119.14050279099996, 34.224189799000044 ], [ -119.140514011, 34.224178535000078 ], [ -119.140458366999951, 34.224103935000073 ], [ -119.140406803999952, 34.224027338000042 ], [ -119.140367743999946, 34.223962675000053 ], [ -119.140302005999956, 34.223913846000073 ], [ -119.140148967999949, 34.223901820000037 ], [ -119.139992745999962, 34.223897841000053 ], [ -119.139993341999968, 34.223889592000035 ], [ -119.140036816999952, 34.223288096000033 ], [ -119.140037077999978, 34.223284485000079 ], [ -119.139953994999985, 34.223111137000046 ], [ -119.139948060999984, 34.223107819000063 ], [ -119.139843904999964, 34.223049555000046 ], [ -119.139730498999938, 34.22299233800004 ], [ -119.139610012999981, 34.222938192000072 ], [ -119.139493881999954, 34.222891891000074 ], [ -119.139358896999966, 34.222844836000036 ], [ -119.13927707299996, 34.222819762000029 ], [ -119.139270032999946, 34.222817605000046 ], [ -119.13905084299995, 34.222806800000058 ], [ -119.13905079999995, 34.222807370000055 ], [ -119.13899131, 34.223629129000074 ], [ -119.13898592399994, 34.223628873000052 ], [ -119.138831818999961, 34.223621552000054 ], [ -119.138755764999985, 34.223617938000075 ], [ -119.138746229, 34.223600506000025 ], [ -119.138777282999968, 34.223154414000078 ], [ -119.138765862999946, 34.223135521000074 ], [ -119.138737631999959, 34.22308711200003 ], [ -119.138715043, 34.223056037000049 ], [ -119.138684165999962, 34.223019269000076 ], [ -119.138649465999947, 34.22298382300005 ], [ -119.138647181999943, 34.222981491000041 ], [ -119.138638734999972, 34.222987467000053 ], [ -119.138637698999958, 34.222988201000078 ], [ -119.13860047999998, 34.222954961000028 ], [ -119.138583038999968, 34.222940141000038 ], [ -119.138546251999969, 34.222911755000041 ], [ -119.138534866999976, 34.222904085000039 ], [ -119.138533647999964, 34.22290329100008 ], [ -119.13852318, 34.222896482000067 ], [ -119.138511330999961, 34.222889051000038 ], [ -119.138504036999961, 34.22288463700005 ], [ -119.138412072, 34.222836355000027 ], [ -119.138306076, 34.222795874000042 ], [ -119.138242839999975, 34.223592588000031 ], [ -119.137984660999962, 34.223576426000079 ], [ -119.13801996899997, 34.223311540000054 ], [ -119.13777289799998, 34.223293970000043 ], [ -119.137812302999976, 34.222748993000039 ], [ -119.137134870999944, 34.222724018000065 ], [ -119.137075638999988, 34.223534656000027 ], [ -119.136556492999944, 34.223508884000069 ], [ -119.136358805999976, 34.223697030000039 ], [ -119.13574072199998, 34.223285808000071 ], [ -119.135003935999976, 34.224021823000044 ], [ -119.134211762999939, 34.223476148000032 ], [ -119.134254638999948, 34.223433088000036 ], [ -119.134256613, 34.22333812800008 ], [ -119.134344714999941, 34.223397156000033 ], [ -119.135001018999958, 34.223428062000039 ], [ -119.1350541, 34.222663479000062 ], [ -119.133773903999952, 34.22259992000005 ], [ -119.131855791999953, 34.222507427000039 ], [ -119.131804545999955, 34.223276498000075 ], [ -119.13142221399994, 34.223257470000078 ], [ -119.131485301999987, 34.222468593000031 ], [ -119.130692157999988, 34.222480690000054 ], [ -119.130086464999977, 34.222551697000029 ], [ -119.126996990999942, 34.223381904000064 ], [ -119.126631657999951, 34.223377437000067 ], [ -119.126581850999969, 34.222934771000041 ], [ -119.125685127999986, 34.22255356900007 ], [ -119.124104544999966, 34.222363048000034 ], [ -119.119688763999989, 34.222310483000058 ], [ -119.119952078999972, 34.221796491000077 ], [ -119.119962401999942, 34.220996574000026 ], [ -119.120133234999969, 34.220997170000032 ], [ -119.120200525999962, 34.217258977000029 ], [ -119.124560908999968, 34.217276423000044 ], [ -119.124819753999986, 34.196686090000071 ], [ -119.159504043999959, 34.196884977000025 ], [ -119.159598084999971, 34.190377110000043 ], [ -119.15954020099997, 34.187121674000025 ], [ -119.158278282999959, 34.187027932000035 ], [ -119.158296383, 34.185942626000042 ], [ -119.159553647999985, 34.186076139000079 ], [ -119.159594998999978, 34.182856535000042 ], [ -119.148269365999965, 34.18264328600003 ], [ -119.148389727, 34.173835179000037 ], [ -119.147013428999969, 34.173831396000026 ], [ -119.147080567999978, 34.167524197000034 ], [ -119.145640945999958, 34.166706495000028 ], [ -119.144157058999951, 34.165962561000072 ], [ -119.144058643, 34.165931819000036 ], [ -119.143915463999974, 34.16592071000008 ], [ -119.143843711999978, 34.165925982000033 ], [ -119.143773245999967, 34.165938405000077 ], [ -119.143705096999952, 34.165957798000079 ], [ -119.143640255999969, 34.165983878000077 ], [ -119.143618893999985, 34.165994746000024 ], [ -119.143601420999971, 34.166003636000028 ], [ -119.143419709999989, 34.166104207000046 ], [ -119.143028413999957, 34.166320773000052 ], [ -119.142337052999949, 34.166626152000049 ], [ -119.142319975999953, 34.166600322000079 ], [ -119.142304145999958, 34.166576374000044 ], [ -119.142269115999966, 34.16651470100004 ], [ -119.142048059999979, 34.166125520000037 ], [ -119.142040684, 34.166082502000052 ], [ -119.142040677999944, 34.166082451000079 ], [ -119.142033663999939, 34.166002287000026 ], [ -119.14203366199996, 34.166002235000065 ], [ -119.142035318999945, 34.165921872000069 ], [ -119.142035322999959, 34.165921820000051 ], [ -119.142039820999969, 34.165878579000037 ], [ -119.142039827999952, 34.165878527000075 ], [ -119.142045638999946, 34.165841902000068 ], [ -119.142045649999943, 34.165841850000049 ], [ -119.142064542999947, 34.165763024000057 ], [ -119.142064556999969, 34.165762973000028 ], [ -119.142089336999959, 34.165692088000071 ], [ -119.142390042999978, 34.16523722900007 ], [ -119.142390057999989, 34.165237177000051 ], [ -119.142395406999981, 34.165221939000048 ], [ -119.142395422, 34.16522188700003 ], [ -119.142410816999984, 34.16516166100007 ], [ -119.142410827, 34.165161609000052 ], [ -119.142417543999954, 34.165100290000055 ], [ -119.14241754699998, 34.165100237000047 ], [ -119.142417093999939, 34.165058185000078 ], [ -119.14241709099997, 34.165058134000049 ], [ -119.142415492999987, 34.165038689000028 ], [ -119.142415489999962, 34.165038638000055 ], [ -119.142410254999959, 34.165002986000047 ], [ -119.142404687999942, 34.164977669000052 ], [ -119.142385283999943, 34.164918195000041 ], [ -119.142379281999979, 34.164904027000034 ], [ -119.142357550999975, 34.16486104300003 ], [ -119.142344833999971, 34.164841782000053 ], [ -119.14233112, 34.164833274000046 ], [ -119.142228831999944, 34.164711387000068 ], [ -119.140176523999969, 34.163496563000024 ], [ -119.140044383999964, 34.163669580000033 ], [ -119.140039501999979, 34.166228851000028 ], [ -119.136188367999978, 34.166200325000034 ], [ -119.13621016899998, 34.16162402100008 ], [ -119.136365722999983, 34.161544682000056 ], [ -119.140131782999958, 34.161597721000078 ], [ -119.139964607999957, 34.162244699000041 ], [ -119.140354683999988, 34.162481071000059 ], [ -119.140168332999963, 34.16269352300003 ], [ -119.142705873999944, 34.164231501000074 ], [ -119.143288883999958, 34.164754340000059 ], [ -119.143862556999977, 34.164449697000066 ], [ -119.143876229999989, 34.161683845000027 ], [ -119.144459476999941, 34.161687700000073 ], [ -119.144524141999966, 34.159399407000024 ], [ -119.146724528999982, 34.159406797000031 ], [ -119.146719019999978, 34.159936631000051 ], [ -119.14895553599996, 34.15995156300005 ], [ -119.149011994999967, 34.154529208000042 ], [ -119.157678536, 34.154566401000068 ], [ -119.15772381499994, 34.154663324000069 ], [ -119.166003803999956, 34.154719019000026 ], [ -119.166448479999985, 34.154545436000035 ], [ -119.166538723999963, 34.143210859000078 ], [ -119.167438030999961, 34.143217279000055 ], [ -119.167469744999948, 34.140193274000069 ], [ -119.166809716999978, 34.140188264000074 ], [ -119.166722030999949, 34.140088767000066 ], [ -119.166565969999965, 34.140084493000074 ], [ -119.166630685999962, 34.132810508000034 ], [ -119.160644802999968, 34.132774702000063 ], [ -119.161670527999945, 34.129343300000073 ], [ -119.161787908999941, 34.126324932000045 ], [ -119.161857524999959, 34.125794775000031 ], [ -119.161761623999951, 34.125519539000038 ], [ -119.160051779999947, 34.125507301000027 ], [ -119.156223206, 34.123125405000053 ], [ -119.155032353999957, 34.124278361000052 ], [ -119.139040293, 34.114334883000026 ], [ -119.131292130999952, 34.114402939000058 ], [ -119.126723277999986, 34.118431722000025 ], [ -119.126812790999963, 34.125255229000061 ], [ -119.118923852999956, 34.125192368000057 ], [ -119.113955253999961, 34.129530683000041 ], [ -119.113764249999974, 34.147040237000056 ], [ -119.111165449999987, 34.147033864000036 ], [ -119.107598390999954, 34.143709758000057 ], [ -119.107147171999941, 34.144077540000069 ], [ -119.105283246999988, 34.145107780000046 ], [ -119.105307336999942, 34.141635665000024 ], [ -119.105178551999984, 34.141581751000047 ], [ -119.104431526999974, 34.140919121000024 ], [ -119.103903356999979, 34.140390444000047 ], [ -119.099645457999941, 34.135121712000057 ], [ -119.098369127999945, 34.133613612000033 ], [ -119.098057379999943, 34.133783504000064 ], [ -119.097178013999951, 34.134262973000034 ], [ -119.097157382999967, 34.134289194000075 ], [ -119.096986637999976, 34.134506197000064 ], [ -119.096986626999978, 34.134506248000037 ], [ -119.096891381999967, 34.134833783000033 ], [ -119.09689137099997, 34.134833834000062 ], [ -119.096754135999959, 34.134763735000035 ], [ -119.096661451999978, 34.134716393000076 ], [ -119.096661465999944, 34.134716341000058 ], [ -119.096839892999981, 34.134248273000026 ], [ -119.096997897999984, 34.134011451000049 ], [ -119.096997903999977, 34.13401139900003 ], [ -119.096999356999959, 34.133870470000033 ], [ -119.096772561999956, 34.133587115000068 ], [ -119.096772567999949, 34.13358706300005 ], [ -119.096775741999977, 34.133199607000051 ], [ -119.096974030999945, 34.133008147000055 ], [ -119.097185292999939, 34.13280416200007 ], [ -119.097319991999939, 34.132617874000061 ], [ -119.097319991999939, 34.132617830000072 ], [ -119.097281432999978, 34.132346579000057 ], [ -119.097275403999959, 34.13230417300008 ], [ -119.096694131, 34.13141978200008 ], [ -119.094603977999952, 34.128804289000072 ], [ -119.094095923999987, 34.128168506000065 ], [ -119.092835671999978, 34.126591363000045 ], [ -119.091714750999984, 34.125188724000054 ], [ -119.091554063, 34.125005256000065 ], [ -119.09112781999994, 34.124518581000075 ], [ -119.090907064999953, 34.124263480000025 ], [ -119.090278743999988, 34.123503873000061 ], [ -119.090266916999951, 34.123491985000044 ], [ -119.090126998999949, 34.123359590000064 ], [ -119.090122445999953, 34.123354982000023 ], [ -119.090074323999943, 34.123297268000044 ], [ -119.088513205999959, 34.121209814000053 ], [ -119.085253978999958, 34.117310299000053 ], [ -119.085219160999941, 34.117278019000025 ], [ -119.085192679999977, 34.11724558800006 ], [ -119.085187183999949, 34.117248373000052 ], [ -119.08474509399997, 34.117472376000023 ], [ -119.083910536999952, 34.117852296000024 ], [ -119.083783821999987, 34.117922305000036 ], [ -119.083278375999953, 34.11728927200005 ], [ -119.083233087999986, 34.117222154000046 ], [ -119.083192606999944, 34.117147837000061 ], [ -119.083160177999957, 34.117070836000039 ], [ -119.083136059999958, 34.116991752000047 ], [ -119.08312043899997, 34.116911257000027 ], [ -119.083120432999976, 34.116911207000044 ], [ -119.083113436999952, 34.116829877000043 ], [ -119.083113434999973, 34.116829824000035 ], [ -119.08311511, 34.11674830100003 ], [ -119.083115112999963, 34.116748248000079 ], [ -119.083125441999982, 34.11666716600007 ], [ -119.083125452, 34.116667114000052 ], [ -119.083144356999981, 34.116587110000069 ], [ -119.083144372999982, 34.11658705900004 ], [ -119.083171706999963, 34.116508757000076 ], [ -119.083171725999989, 34.116508707000037 ], [ -119.083180518999939, 34.116487948000042 ], [ -119.083180541, 34.116487899000049 ], [ -119.08338480599997, 34.116075491000061 ], [ -119.083384828999954, 34.116075444000046 ], [ -119.083398543999976, 34.11605269000006 ], [ -119.083398566999961, 34.116052643000046 ], [ -119.083434740999962, 34.115981722000072 ], [ -119.083434762999957, 34.115981674000068 ], [ -119.083462667, 34.115908214000058 ], [ -119.083462683999983, 34.115908163000029 ], [ -119.083482067999967, 34.115832830000045 ], [ -119.083482078999964, 34.115832778000026 ], [ -119.083492763999971, 34.115756255000065 ], [ -119.083492767999985, 34.115756202000057 ], [ -119.083494658999939, 34.115679180000029 ], [ -119.083447759999956, 34.115451929000074 ], [ -119.082539495, 34.114012862000038 ], [ -119.080645381999943, 34.111629570000048 ], [ -119.080645069999946, 34.111629543000049 ], [ -119.080502195999941, 34.111643590000028 ], [ -119.080476380999983, 34.111643456000024 ], [ -119.080410829999948, 34.111635773000046 ], [ -119.080347095999969, 34.111620894000055 ], [ -119.080286313999977, 34.111599080000076 ], [ -119.080229569999972, 34.111570724000046 ], [ -119.080177876, 34.111536329000046 ], [ -119.080132156, 34.111496510000052 ], [ -119.080093223999938, 34.111451978000048 ], [ -119.080085731999986, 34.111441753000065 ], [ -119.08003232599998, 34.111353129000065 ], [ -119.079782771999987, 34.110939010000038 ], [ -119.079658350999978, 34.110731838000049 ], [ -119.079504392999979, 34.110473712000044 ], [ -119.079489963999947, 34.110446287000059 ], [ -119.079447819999984, 34.110354201000064 ], [ -119.079414066999959, 34.110259753000037 ], [ -119.079406418999952, 34.110233921000031 ], [ -119.079235433999941, 34.109721885000056 ], [ -119.079232030999947, 34.109703272000047 ], [ -119.079220943999985, 34.109672250000074 ], [ -119.079203549999988, 34.109643300000073 ], [ -119.079180375999954, 34.10961730300005 ], [ -119.079152126999986, 34.109595049000063 ], [ -119.079119661999982, 34.109577212000033 ], [ -119.079083966999974, 34.109564335000073 ], [ -119.07904612599998, 34.109556810000072 ], [ -119.079007286999968, 34.109554865000064 ], [ -119.078968633999978, 34.109558560000039 ], [ -119.078931337999961, 34.109567780000077 ], [ -119.078896535999945, 34.109582249000027 ], [ -119.078865278999956, 34.109601523000038 ], [ -119.078838524, 34.109625020000067 ], [ -119.078817081999944, 34.10965202400007 ], [ -119.078801599999963, 34.109681716000068 ], [ -119.078792553999961, 34.109713193000061 ], [ -119.078790402999971, 34.109731336000038 ], [ -119.078870027999983, 34.110806540000056 ], [ -119.078880473999959, 34.11094389200008 ], [ -119.078900665, 34.111210801000027 ], [ -119.078901130999952, 34.111249787000077 ], [ -119.078894145999982, 34.111301214000036 ], [ -119.07887862299998, 34.111351331000037 ], [ -119.078854865999972, 34.11139916500008 ], [ -119.07882333799995, 34.111443784000073 ], [ -119.078784649999989, 34.111484318000066 ], [ -119.07873955599996, 34.111519979000036 ], [ -119.078717185999949, 34.111533279000071 ], [ -119.078688933999956, 34.111550074000036 ], [ -119.078633770999943, 34.111574016000077 ], [ -119.078575135, 34.111591338000039 ], [ -119.078514173999963, 34.111601703000076 ], [ -119.078452071999948, 34.111604912000075 ], [ -119.078390036999963, 34.111600900000042 ], [ -119.078200898999967, 34.111573880000037 ], [ -119.078200251999988, 34.111573788000044 ], [ -119.077811685999961, 34.111516395000024 ], [ -119.077760943999976, 34.111511533000055 ], [ -119.077723109999965, 34.111511924000069 ], [ -119.077716969, 34.11151252500008 ], [ -119.077710664, 34.111513302000048 ], [ -119.07768023899996, 34.111519402000056 ], [ -119.077674202999958, 34.111521101000051 ], [ -119.077670573999967, 34.111522205000028 ], [ -119.077657304999946, 34.111526790000028 ], [ -119.077657602999977, 34.111547463000079 ], [ -119.077677367999968, 34.112923013000056 ], [ -119.076838727, 34.11293422600005 ], [ -119.07684231099995, 34.113180360000058 ], [ -119.076195633999987, 34.113185605000069 ], [ -119.076192190999961, 34.112982364000061 ], [ -119.076107411999942, 34.113043091000065 ], [ -119.075972127999989, 34.113134726000055 ], [ -119.075622461999956, 34.113376816000027 ], [ -119.075566300999981, 34.113412706000076 ], [ -119.07549109699994, 34.113452541000072 ], [ -119.075454484999966, 34.113468983000075 ], [ -119.075383271999954, 34.113497959000028 ], [ -119.075271296999972, 34.113543521000054 ], [ -119.075191408999956, 34.113576027000079 ], [ -119.075190573999976, 34.113576366000075 ], [ -119.075151148999964, 34.113596503000053 ], [ -119.075117015999979, 34.113622482000039 ], [ -119.075089411999954, 34.113653364000072 ], [ -119.075088143999949, 34.113655125000037 ], [ -119.074824274999969, 34.11400810300006 ], [ -119.074784879, 34.114043826000056 ], [ -119.074731467, 34.114081267000074 ], [ -119.074672735999968, 34.114112721000026 ], [ -119.074609649999957, 34.114137669000058 ], [ -119.074543248999987, 34.114155702000062 ], [ -119.074485172999971, 34.114164860000074 ], [ -119.074484182999981, 34.114164778000031 ], [ -119.074474617999954, 34.11416652500003 ], [ -119.074414192999939, 34.114169501000049 ], [ -119.074404886999957, 34.114169959000037 ], [ -119.074341818999983, 34.114166651000062 ], [ -119.074296961999949, 34.114159983000036 ], [ -119.074226675999967, 34.114143488000025 ], [ -119.074159294999959, 34.114120068000034 ], [ -119.074095797999973, 34.114090065000028 ], [ -119.074037112999974, 34.114053913000078 ], [ -119.073984095999947, 34.114012142000036 ], [ -119.073937517, 34.113965359000076 ], [ -119.073932916, 34.113960052000039 ], [ -119.073901490999958, 34.113920162000056 ], [ -119.073869253999987, 34.113866968000025 ], [ -119.073845286999983, 34.113810834000049 ], [ -119.073840901999972, 34.113797328000032 ], [ -119.073768331999986, 34.113590127000066 ], [ -119.073762420999969, 34.113572243000078 ], [ -119.073743465999939, 34.113535759000058 ], [ -119.073716553999986, 34.113502918000052 ], [ -119.073682653999981, 34.113474907000068 ], [ -119.073652273, 34.113457133000054 ], [ -119.073267680999948, 34.113311354000075 ], [ -119.073259988999951, 34.11330921800004 ], [ -119.073213926999983, 34.113301013000068 ], [ -119.07316683099998, 34.113300211000023 ], [ -119.073120402999962, 34.11330683500006 ], [ -119.073076320999974, 34.11332064700008 ], [ -119.073036178999985, 34.113341149000064 ], [ -119.073001425999962, 34.113367599000071 ], [ -119.072973320999949, 34.113399041000037 ], [ -119.072952876999977, 34.113434339000037 ], [ -119.072940832999961, 34.113472218000027 ], [ -119.072937549999949, 34.113507834000075 ], [ -119.072977470999945, 34.113688196000055 ], [ -119.072987739999974, 34.113734589000046 ], [ -119.072993749999966, 34.113767864000067 ], [ -119.072995381999988, 34.113817991000076 ], [ -119.072988220999946, 34.113867782000057 ], [ -119.072972420999974, 34.113916176000032 ], [ -119.072948317999987, 34.113962140000069 ], [ -119.072916425999949, 34.114004695000062 ], [ -119.07291110999995, 34.114010619000055 ], [ -119.072900002999972, 34.114021273000048 ], [ -119.072877411999968, 34.114042942000026 ], [ -119.072832091999942, 34.114076079000029 ], [ -119.072766668999975, 34.114115238000068 ], [ -119.072683578999943, 34.114164788000039 ], [ -119.072651020999956, 34.114189847000034 ], [ -119.072622914999954, 34.114221288000067 ], [ -119.072602471999971, 34.114256587000057 ], [ -119.072590425999977, 34.114294467000036 ], [ -119.072587219999946, 34.114333556000076 ], [ -119.072592964999956, 34.114372444000026 ], [ -119.072597439999981, 34.11438395700003 ], [ -119.072608126999967, 34.114410948000057 ], [ -119.072635677999983, 34.114454937000062 ], [ -119.072764811999946, 34.114661115000047 ], [ -119.072797998999988, 34.114714065000044 ], [ -119.072825621, 34.114773334000063 ], [ -119.072844939999982, 34.114834837000046 ], [ -119.072855704999938, 34.114897768000048 ], [ -119.072851118999949, 34.115024636000044 ], [ -119.072809380999956, 34.115152287000058 ], [ -119.072780254999941, 34.115205125000045 ], [ -119.072740691999968, 34.115259511000033 ], [ -119.072693930999947, 34.115309792000062 ], [ -119.072645382999951, 34.115351624000027 ], [ -119.072587425999984, 34.115389795000056 ], [ -119.072503409999968, 34.115437019000069 ], [ -119.072416866999959, 34.115477098000042 ], [ -119.072385926999971, 34.115489761000049 ], [ -119.072319450999942, 34.115510943000061 ], [ -119.072250352999959, 34.11552516900008 ], [ -119.072179673999983, 34.115532227000074 ], [ -119.072108489999948, 34.115532006000024 ], [ -119.072044940999945, 34.115525595000065 ], [ -119.071987826999987, 34.115513924000027 ], [ -119.071896907999985, 34.115489334000074 ], [ -119.07180905499996, 34.115457966000065 ], [ -119.071724997, 34.115420086000029 ], [ -119.071712744999957, 34.115413854000053 ], [ -119.071656967999957, 34.115385090000075 ], [ -119.071587607999959, 34.115343799000073 ], [ -119.071549077999975, 34.115326248000031 ], [ -119.071492972999977, 34.115307892000033 ], [ -119.071434250999971, 34.115296526000066 ], [ -119.071397306, 34.115293115000043 ], [ -119.071305845999973, 34.115294082000048 ], [ -119.071168695999972, 34.115297228000031 ], [ -119.071150609999961, 34.11529648000004 ], [ -119.071098555999981, 34.115290954000045 ], [ -119.071079995, 34.115288983000028 ], [ -119.071011024999962, 34.115274328000055 ], [ -119.070935586999951, 34.115244332000032 ], [ -119.070874795999941, 34.115220160000035 ], [ -119.070824204999951, 34.115190136000024 ], [ -119.070771775999958, 34.115150082000071 ], [ -119.070752345999949, 34.115132433000042 ], [ -119.070726940999975, 34.115108339000074 ], [ -119.07063924299996, 34.115018186000043 ], [ -119.070581768999944, 34.114952249000055 ], [ -119.070508487999973, 34.114852400000075 ], [ -119.070386091999978, 34.114685627000028 ], [ -119.070256388999951, 34.114502152000057 ], [ -119.070247385999949, 34.11449071100003 ], [ -119.070186800999977, 34.114421532000051 ], [ -119.070119289, 34.11435694100004 ], [ -119.070045352999955, 34.114297416000056 ], [ -119.070000738999966, 34.114266056000076 ], [ -119.069963522999956, 34.114238513000032 ], [ -119.06992301799994, 34.114208535000046 ], [ -119.069899600999975, 34.114192204000062 ], [ -119.069743122999967, 34.114087465000068 ], [ -119.069700813999987, 34.114064441000039 ], [ -119.069580756999983, 34.114006161000077 ], [ -119.069475145999945, 34.113961594000045 ], [ -119.069450911999979, 34.113950484000043 ], [ -119.069334253999955, 34.113902075000055 ], [ -119.069213931999968, 34.113860326000065 ], [ -119.069162760999973, 34.113844918000041 ], [ -119.068846364999956, 34.113769866000041 ], [ -119.068556523999973, 34.113703297000029 ], [ -119.068551629999945, 34.113702641000032 ], [ -119.068516452999972, 34.113700876000053 ], [ -119.06848144199995, 34.113704219000056 ], [ -119.068447661, 34.11371256700005 ], [ -119.068416136999986, 34.113725668000029 ], [ -119.068387826, 34.113743123000063 ], [ -119.06836359, 34.113764402000072 ], [ -119.068344163999939, 34.113788859000067 ], [ -119.068330139999944, 34.113815748000036 ], [ -119.068321940999965, 34.113844257000039 ], [ -119.068319819999942, 34.113873514000034 ], [ -119.068323838999959, 34.113902634000056 ], [ -119.06832439599998, 34.113904828000045 ], [ -119.068354084999953, 34.114387522000072 ], [ -119.068355926999971, 34.114404861000025 ], [ -119.068357071999969, 34.114464230000067 ], [ -119.068356029999961, 34.114483773000075 ], [ -119.068344406999984, 34.11453481500007 ], [ -119.068324169, 34.114583960000061 ], [ -119.068295729999988, 34.114630211000076 ], [ -119.068289192999941, 34.114638915000057 ], [ -119.068277954999985, 34.114652386000046 ], [ -119.068238940999947, 34.114690632000077 ], [ -119.068193648999966, 34.114723748000074 ], [ -119.068143040999985, 34.114751023000053 ], [ -119.068088197999941, 34.11477188200007 ], [ -119.068030286999942, 34.114785875000052 ], [ -119.067970544, 34.11479270600006 ], [ -119.067910241999982, 34.114792230000035 ], [ -119.067891229999987, 34.114790551000056 ], [ -119.06785068, 34.114784457000042 ], [ -119.06779312599997, 34.114769558000035 ], [ -119.067738794999968, 34.114747847000046 ], [ -119.067688842999985, 34.114719790000038 ], [ -119.067644335999944, 34.114685980000047 ], [ -119.067606220999949, 34.114647142000024 ], [ -119.067575310999985, 34.114604102000044 ], [ -119.067555339999956, 34.114565224000046 ], [ -119.06755226699994, 34.114557783000066 ], [ -119.06753757499996, 34.114509155000064 ], [ -119.067531552999981, 34.11445926600004 ], [ -119.067534325999986, 34.114409180000052 ], [ -119.067536944999972, 34.114393904000053 ], [ -119.067545844, 34.114359950000051 ], [ -119.067565856999977, 34.114312633000054 ], [ -119.067568156999982, 34.11430899800007 ], [ -119.067593940999984, 34.114268242000037 ], [ -119.067629494999949, 34.114227729000049 ], [ -119.067639401999941, 34.114218366000046 ], [ -119.06772527399994, 34.114142284000025 ], [ -119.067748758, 34.114117951000026 ], [ -119.067780297999946, 34.114075872000058 ], [ -119.067799140999966, 34.114041600000064 ], [ -119.067804136999939, 34.114030417000038 ], [ -119.067819757999985, 34.113982582000062 ], [ -119.067826838999963, 34.113933366000026 ], [ -119.067825229, 34.113883817000044 ], [ -119.067814960999954, 34.113834993000069 ], [ -119.067807663999986, 34.113816623000048 ], [ -119.067778510999972, 34.113757316000033 ], [ -119.067747579999946, 34.113694390000035 ], [ -119.067688057999987, 34.113569540000071 ], [ -119.067643407, 34.113479415000029 ], [ -119.067642984999964, 34.113478477000058 ], [ -119.067618794999987, 34.113414029000069 ], [ -119.067603276999989, 34.113347760000067 ], [ -119.067596617, 34.113280473000032 ], [ -119.067598896999982, 34.113212985000075 ], [ -119.067599564999966, 34.113206705000039 ], [ -119.067609882999989, 34.113154973000064 ], [ -119.06762010999995, 34.113125500000024 ], [ -119.067629464, 34.113098542000046 ], [ -119.067657232999977, 34.113044540000033 ], [ -119.06769277099994, 34.112993786000061 ], [ -119.067732043999968, 34.112950448000049 ], [ -119.067762507999987, 34.112920297000073 ], [ -119.067812926999977, 34.112880091000079 ], [ -119.067869113999961, 34.11284557700003 ], [ -119.067930145, 34.112817324000048 ], [ -119.068045152999957, 34.11278475000006 ], [ -119.068222285, 34.112750087000052 ], [ -119.068279670999971, 34.11273880300007 ], [ -119.068293834999963, 34.11273617300003 ], [ -119.068389318999948, 34.112714159000063 ], [ -119.068465045999972, 34.112691122000058 ], [ -119.06847870699994, 34.112686362000034 ], [ -119.068567764999955, 34.112650819000066 ], [ -119.068647497999962, 34.112611686000037 ], [ -119.068940926999971, 34.112460964000036 ], [ -119.068980115999977, 34.112440610000078 ], [ -119.069053136999969, 34.112396215000047 ], [ -119.069120664999957, 34.112346168000045 ], [ -119.069133318999945, 34.112335633000043 ], [ -119.069156142999987, 34.112315336000052 ], [ -119.069214174999956, 34.112256488000071 ], [ -119.069265220999966, 34.112193317000049 ], [ -119.069297782999968, 34.11214483100008 ], [ -119.069642146999968, 34.111643475000051 ], [ -119.069717912999977, 34.111533165000026 ], [ -119.069720133999965, 34.111529692000033 ], [ -119.069733959999951, 34.11150994500008 ], [ -119.069912666, 34.111294310000062 ], [ -119.070026257999984, 34.111177965000024 ], [ -119.070184910999956, 34.111015466000026 ], [ -119.070226016999982, 34.110973365000063 ], [ -119.070317513999953, 34.110879649000026 ], [ -119.070319725, 34.110877383000059 ], [ -119.07036809899995, 34.110819936000041 ], [ -119.070388285999968, 34.110785723000049 ], [ -119.070401960999959, 34.110748314000034 ], [ -119.070404621999955, 34.110741034000057 ], [ -119.070409526999981, 34.110710782000069 ], [ -119.070412128999976, 34.110694745000046 ], [ -119.070412122, 34.110663620000025 ], [ -119.070410746999983, 34.110649484000078 ], [ -119.070400502999973, 34.110602744000062 ], [ -119.070392514, 34.110580789000039 ], [ -119.070359889999963, 34.110508882000033 ], [ -119.070318713999939, 34.110438957000042 ], [ -119.07031348299995, 34.110431150000068 ], [ -119.070312251999951, 34.110429587000056 ], [ -119.070254445999979, 34.110354920000077 ], [ -119.070200839, 34.110298574000069 ], [ -119.070134346999964, 34.110239862000071 ], [ -119.070061712999973, 34.110186421000037 ], [ -119.070057026999962, 34.110183296000059 ], [ -119.069902722999984, 34.110072702000025 ], [ -119.069632182999953, 34.109914359000072 ], [ -119.069531758999972, 34.109855583000069 ], [ -119.069467829999951, 34.109798222000052 ], [ -119.069449438999982, 34.109778322000068 ], [ -119.069418758999973, 34.109733308000045 ], [ -119.069395909999969, 34.109685181000032 ], [ -119.069381334999946, 34.10963487600003 ], [ -119.069376921999947, 34.109606303000078 ], [ -119.069376543999965, 34.109600913000065 ], [ -119.069375316999981, 34.109583353000062 ], [ -119.069377976999988, 34.109531657000048 ], [ -119.069389261999959, 34.10948077200004 ], [ -119.069395996999958, 34.109463980000044 ], [ -119.069408948999978, 34.109431688000029 ], [ -119.069436657999972, 34.109385362000069 ], [ -119.069445476999988, 34.109373406000032 ], [ -119.069471932999988, 34.10934270000007 ], [ -119.069515339999953, 34.109303228000044 ], [ -119.069564929999956, 34.109269167000036 ], [ -119.069746473999942, 34.109171003000029 ], [ -119.069935680999947, 34.109068428000057 ], [ -119.06994365099996, 34.109064015000058 ], [ -119.069993410999984, 34.109031247000075 ], [ -119.070037058999958, 34.108992923000073 ], [ -119.070073703999981, 34.108949821000067 ], [ -119.070089910999968, 34.108925530000079 ], [ -119.070091478999984, 34.108922930000062 ], [ -119.07011523999995, 34.108875097000066 ], [ -119.070130766999966, 34.108824979000076 ], [ -119.070137335999959, 34.108776663000071 ], [ -119.070137032, 34.108769724000069 ], [ -119.070134505999988, 34.108711860000028 ], [ -119.070057627999972, 34.108276859000057 ], [ -119.070026390999942, 34.108101409000028 ], [ -119.070021201999964, 34.108078703000047 ], [ -119.070006235999983, 34.10803431100004 ], [ -119.06999056799998, 34.107996691000039 ], [ -119.069957388999967, 34.107942243000025 ], [ -119.069939123999973, 34.107915699000046 ], [ -119.069896444, 34.107868317000055 ], [ -119.069847085, 34.107825656000045 ], [ -119.069812658999979, 34.107801346000031 ], [ -119.069619695999961, 34.107675556000061 ], [ -119.069605039999942, 34.107665644000065 ], [ -119.069551033999971, 34.107623088000025 ], [ -119.069503590999943, 34.107575429000065 ], [ -119.069472666999957, 34.107536657000026 ], [ -119.069463711999958, 34.107523797000056 ], [ -119.069431614999985, 34.107468518000076 ], [ -119.069407762999958, 34.107410425000069 ], [ -119.069392500999982, 34.10735036300008 ], [ -119.069386054999939, 34.107289210000033 ], [ -119.069388517999982, 34.107227857000055 ], [ -119.069391546999952, 34.107211644000074 ], [ -119.069430981999972, 34.107078302000048 ], [ -119.069560266999986, 34.106723652000028 ], [ -119.069563387999949, 34.106711491000056 ], [ -119.06957054999998, 34.106661701000064 ], [ -119.069570754999972, 34.106634410000026 ], [ -119.069543326999963, 34.10635201100007 ], [ -119.06954086099995, 34.106332973000065 ], [ -119.069540325, 34.106328834000067 ], [ -119.069529175999946, 34.106209345000025 ], [ -119.069526846999963, 34.106186636000075 ], [ -119.069516589999978, 34.106135420000044 ], [ -119.069493625999939, 34.106069833000049 ], [ -119.069473678999941, 34.106026230000055 ], [ -119.069391122999946, 34.10584142700003 ], [ -119.069339097999944, 34.10573091100008 ], [ -119.069329483, 34.10571677400003 ], [ -119.069294873, 34.105675715000075 ], [ -119.069253444999958, 34.105639285000052 ], [ -119.069206082, 34.105608262000032 ], [ -119.069153794999977, 34.105583306000028 ], [ -119.069097695999972, 34.105564948000051 ], [ -119.0690818, 34.105561121000051 ], [ -119.068986033999977, 34.105539786000065 ], [ -119.068760042999941, 34.105489437000074 ], [ -119.06875372099995, 34.105488063000053 ], [ -119.068683628999963, 34.105476936000059 ], [ -119.068612425999959, 34.105473059000076 ], [ -119.068568651999954, 34.105474298000047 ], [ -119.068397338999944, 34.105484591000049 ], [ -119.068317909999962, 34.10548936400005 ], [ -119.068306076999988, 34.105489727000077 ], [ -119.068232970999986, 34.105487696000068 ], [ -119.068160690999946, 34.105478350000055 ], [ -119.068141315999981, 34.105474558000026 ], [ -119.067864303999954, 34.105424989000028 ], [ -119.067786516999945, 34.105412682000065 ], [ -119.067744835999974, 34.105411630000049 ], [ -119.067697478999946, 34.105418385000064 ], [ -119.067652516999942, 34.105432473000064 ], [ -119.067612834999977, 34.105452597000067 ], [ -119.067610367999976, 34.105454253000062 ], [ -119.067520191999961, 34.105514901000049 ], [ -119.06750083999998, 34.105528971000069 ], [ -119.067481089999944, 34.105540710000071 ], [ -119.067448714999955, 34.105559953000068 ], [ -119.067391913, 34.105584601000032 ], [ -119.067390183999976, 34.105585198000028 ], [ -119.067377651999948, 34.105589535000036 ], [ -119.067375940999966, 34.105590077000045 ], [ -119.067374783999981, 34.105590444000029 ], [ -119.067370921999952, 34.105591669000034 ], [ -119.067311386999961, 34.105606057000045 ], [ -119.067275543, 34.105610155000079 ], [ -119.067249967999942, 34.105613079000079 ], [ -119.067187974999968, 34.105612588000042 ], [ -119.067186362999962, 34.105612377000057 ], [ -119.067126727999948, 34.105604595000045 ], [ -119.067067533999989, 34.105589269000063 ], [ -119.067011650999973, 34.105566936000059 ], [ -119.066978971999959, 34.105548577000036 ], [ -119.066960273999939, 34.105538073000048 ], [ -119.06691449899995, 34.105503295000062 ], [ -119.06690425, 34.105493954000053 ], [ -119.06657996399997, 34.105188018000035 ], [ -119.066550709999945, 34.10516401600006 ], [ -119.066507415999979, 34.105134812000074 ], [ -119.066494359999979, 34.105128351000076 ], [ -119.066401436999968, 34.105082371000037 ], [ -119.066370505999942, 34.105070415000057 ], [ -119.066302759999985, 34.105052252000064 ], [ -119.066232843999956, 34.105041152000069 ], [ -119.066166878, 34.105037318000029 ], [ -119.066088187999981, 34.105036600000062 ], [ -119.065755231999958, 34.105032640000047 ], [ -119.065681773, 34.10502727100004 ], [ -119.065343268, 34.104998640000076 ], [ -119.064803124999969, 34.104952242000024 ], [ -119.065034794999974, 34.105300904000046 ], [ -119.065230860999975, 34.105378452000025 ], [ -119.065644825999982, 34.105548070000054 ], [ -119.06588110499996, 34.105645252000045 ], [ -119.065936250999982, 34.105674228000055 ], [ -119.065991532999988, 34.105711520000057 ], [ -119.066040889999954, 34.105754183000045 ], [ -119.06618010699998, 34.105916717000071 ], [ -119.066533049999975, 34.10633606500005 ], [ -119.066543433, 34.106348758000024 ], [ -119.066578443999958, 34.106399645000067 ], [ -119.066605671, 34.106453725000051 ], [ -119.066619399999979, 34.106494442000042 ], [ -119.066624704999981, 34.106510177000075 ], [ -119.066641723999965, 34.106602681000027 ], [ -119.066687334, 34.106857945000058 ], [ -119.066690530999949, 34.106872417000034 ], [ -119.066705018999983, 34.106909700000074 ], [ -119.066727724999964, 34.106944027000054 ], [ -119.066757830999961, 34.10697415900006 ], [ -119.066777769999987, 34.106988949000026 ], [ -119.066835347, 34.107017720000044 ], [ -119.066897209, 34.107039929000052 ], [ -119.066923832999976, 34.107047095000041 ], [ -119.066938023999967, 34.107050899000058 ], [ -119.067002232, 34.107072835000054 ], [ -119.067062540999984, 34.107101422000028 ], [ -119.067093229999955, 34.107119523000051 ], [ -119.067113181999957, 34.107133740000052 ], [ -119.067154608999942, 34.107170170000074 ], [ -119.067189218999943, 34.107211229000029 ], [ -119.067216272999985, 34.107256042000074 ], [ -119.067235194999967, 34.107303653000031 ], [ -119.067245578999973, 34.107353052000065 ], [ -119.067247207999969, 34.107403178000027 ], [ -119.067240046, 34.107452969000065 ], [ -119.067224243999988, 34.107501360000072 ], [ -119.067200137999976, 34.107547324000052 ], [ -119.067168246, 34.107589879000045 ], [ -119.067137891999948, 34.107620571000041 ], [ -119.067129243999943, 34.107628114000079 ], [ -119.067083965999984, 34.107661222000047 ], [ -119.067037872999947, 34.107686408000063 ], [ -119.067037523999943, 34.107686570000055 ], [ -119.067033371999969, 34.107688492000079 ], [ -119.066978545999973, 34.107709344000057 ], [ -119.066920653999944, 34.107723333000024 ], [ -119.066905194999947, 34.107725815000038 ], [ -119.066860929999962, 34.107730163000042 ], [ -119.066809698999975, 34.107729757000072 ], [ -119.06680064699998, 34.107729685000038 ], [ -119.066742831999989, 34.107722140000078 ], [ -119.066741090999983, 34.107721913000034 ], [ -119.066683527999942, 34.107707009000023 ], [ -119.066629188999968, 34.107685294000078 ], [ -119.066599274999987, 34.107669560000033 ], [ -119.06631237299996, 34.107475586000078 ], [ -119.066303424999944, 34.107468021000045 ], [ -119.066257321999956, 34.10742291300005 ], [ -119.066218228999958, 34.107373434000067 ], [ -119.066201108999962, 34.107346621000033 ], [ -119.066137259999948, 34.107229112000027 ], [ -119.066118271, 34.107230345000062 ], [ -119.066011823999986, 34.10723726100008 ], [ -119.066004387999953, 34.10735509400007 ], [ -119.066017318999968, 34.107749442000056 ], [ -119.066034277999961, 34.109330872000044 ], [ -119.066036022, 34.109491314000024 ], [ -119.065391084999987, 34.109504842000035 ], [ -119.062664889999951, 34.111151432000042 ], [ -119.061964960999944, 34.111574159000043 ], [ -119.061803375999943, 34.112165360000063 ], [ -119.06159833199996, 34.112915555000029 ], [ -119.059125880999943, 34.113087833000066 ], [ -119.055613067999957, 34.114925971000048 ], [ -119.054127908999988, 34.114555990000042 ], [ -119.053203409999981, 34.115062923000039 ], [ -119.051524789999974, 34.116110604000028 ], [ -119.051374453, 34.116204013000072 ], [ -119.051284677999945, 34.116259792000051 ], [ -119.050005273999943, 34.115867940000044 ], [ -119.049104714999942, 34.115592108000044 ], [ -119.044993123999973, 34.117650859000037 ], [ -119.04347891499998, 34.118408987000066 ], [ -119.043446428999971, 34.118425252000065 ], [ -119.042772104, 34.120057961000043 ], [ -119.040887382, 34.120747133000066 ], [ -119.041806442999984, 34.122443348000047 ], [ -119.041456481999944, 34.123262535000038 ], [ -119.04261470199998, 34.125849972000026 ], [ -119.041356191999967, 34.126770340000064 ], [ -119.040703563999955, 34.127247602000068 ], [ -119.039086673999975, 34.128429980000078 ], [ -119.038415225, 34.130274237000037 ], [ -119.037174752999988, 34.130939264000062 ], [ -119.036755950999975, 34.130935568000041 ], [ -119.036161758, 34.130930321000051 ], [ -119.035952117999955, 34.131132019000063 ], [ -119.034248459999958, 34.132771089000073 ], [ -119.029373938999981, 34.134104273000048 ], [ -119.026233769999976, 34.136741608000079 ], [ -119.021356229999981, 34.139527355000041 ], [ -119.021776464999959, 34.139692169000057 ], [ -119.023257600999955, 34.140273045000072 ], [ -119.026152894999939, 34.140780201000041 ], [ -119.032418378999978, 34.141824958000029 ], [ -119.033370385999945, 34.141354196000066 ], [ -119.034235363999983, 34.14092645900007 ], [ -119.034248630999969, 34.140925915000025 ], [ -119.034721037999986, 34.140906547000043 ], [ -119.03681609399996, 34.140820627000039 ], [ -119.038970407999955, 34.141374331000065 ], [ -119.04095935099997, 34.141352407000056 ], [ -119.041510618999951, 34.141696306000028 ], [ -119.041590263999979, 34.142151477000027 ], [ -119.041601304999972, 34.143015644000059 ], [ -119.04160621799997, 34.143400115000077 ], [ -119.041891495999948, 34.143483265000043 ], [ -119.042182493999974, 34.14322278800006 ], [ -119.042355230999988, 34.143068164000056 ], [ -119.042988284999979, 34.14284654000005 ], [ -119.043674976999966, 34.141594251000072 ], [ -119.046210475999942, 34.141110329000071 ], [ -119.047044469999946, 34.140951140000027 ], [ -119.047968692999973, 34.14077472200006 ], [ -119.048102262999976, 34.140874803000031 ], [ -119.049309014999949, 34.14177898500003 ], [ -119.049407516999963, 34.141852788000051 ], [ -119.051347830999987, 34.141740954000056 ], [ -119.053018671999951, 34.142047069000057 ], [ -119.053207189999966, 34.142034589000048 ], [ -119.053879336999955, 34.141990088000057 ], [ -119.05459504099997, 34.141587691000041 ], [ -119.054982626999958, 34.141369772000075 ], [ -119.055102205999958, 34.141302538000048 ], [ -119.05612591299996, 34.141622566000024 ], [ -119.056808152999963, 34.141835840000056 ], [ -119.05846259499998, 34.143129790000046 ], [ -119.058656044999964, 34.143132797000078 ], [ -119.058685200999946, 34.143254334000062 ], [ -119.056600316999948, 34.144121168000027 ], [ -119.056246635999969, 34.144380432000048 ], [ -119.055873717999987, 34.144653967000067 ], [ -119.051253667999958, 34.148989108000023 ], [ -119.051241599999969, 34.14899936300003 ], [ -119.051184085999978, 34.149041727000053 ], [ -119.051121042999966, 34.149078254000074 ], [ -119.051053327999966, 34.14910844700006 ], [ -119.050981853999986, 34.149131902000079 ], [ -119.050907586999983, 34.149148299000046 ], [ -119.05083153399994, 34.149157417000026 ], [ -119.05079124699995, 34.149159246000067 ], [ -119.050647128999969, 34.149162105000073 ], [ -119.050106766999988, 34.14917282600004 ], [ -119.049906156999953, 34.149176805000025 ], [ -119.04950000499997, 34.149184860000048 ], [ -119.047625662999963, 34.149222018000046 ], [ -119.047586754999941, 34.149224599000036 ], [ -119.047499349999953, 34.149235694000026 ], [ -119.047413705999986, 34.149253969000029 ], [ -119.047330675999945, 34.149279242000034 ], [ -119.047268857999939, 34.149304113000028 ], [ -119.047251084999971, 34.149311264000062 ], [ -119.047175724999988, 34.149349714000039 ], [ -119.047105346999956, 34.149394211000072 ], [ -119.047064725999974, 34.149424482000029 ], [ -119.044582911999953, 34.151070337000078 ], [ -119.038221200999942, 34.153296429000079 ], [ -119.038158660999954, 34.153486090000058 ], [ -119.037172344999988, 34.156477177000056 ], [ -119.035635138999965, 34.156472183000062 ], [ -119.035626200999957, 34.158949409000058 ], [ -119.039109572999962, 34.159810374000074 ], [ -119.039860988999976, 34.157932370000026 ], [ -119.040443139999979, 34.157824695000045 ], [ -119.040578851999953, 34.15785829500004 ], [ -119.04156865899995, 34.157756151000058 ], [ -119.041694560999986, 34.157787831000064 ], [ -119.044003507999946, 34.158368811000059 ], [ -119.046039211999982, 34.15888099600005 ], [ -119.049356242999977, 34.159715334000055 ], [ -119.049365001999945, 34.159688852000045 ], [ -119.049428840999951, 34.159704957000031 ], [ -119.049420081, 34.15973139700003 ], [ -119.051864406, 34.160346176000076 ], [ -119.051897126999961, 34.16035408700003 ], [ -119.052012523999963, 34.160377047000054 ], [ -119.052129663999949, 34.160392774000059 ], [ -119.05224789, 34.160401180000065 ], [ -119.052366540999969, 34.160402218000058 ], [ -119.052484952999976, 34.160395882000046 ], [ -119.052494338999963, 34.160395062000077 ], [ -119.052602465999939, 34.160382209000034 ], [ -119.052718417999984, 34.160361271000056 ], [ -119.052832162999948, 34.160333191000063 ], [ -119.052943066999944, 34.160298123000075 ], [ -119.053048344, 34.160257186000024 ], [ -119.05311057199998, 34.160227191000047 ], [ -119.053348555999946, 34.16010718800004 ], [ -119.053423806999945, 34.160067445000038 ], [ -119.053500967, 34.160025853000036 ], [ -119.053638909999961, 34.159958313000061 ], [ -119.053781086999948, 34.159897135000051 ], [ -119.053808456999946, 34.15988628100007 ], [ -119.05384924699996, 34.159872075000067 ], [ -119.053964619999988, 34.159837261000064 ], [ -119.054082688, 34.159809379000023 ], [ -119.054202847999989, 34.159788569000057 ], [ -119.054324487999963, 34.159774938000055 ], [ -119.054446987999938, 34.159768556000074 ], [ -119.054508939999948, 34.159768098000029 ], [ -119.055645406999986, 34.159777039000062 ], [ -119.055645474999949, 34.159749558000044 ], [ -119.055819228999951, 34.159750787000064 ], [ -119.056000169999948, 34.159751034000067 ], [ -119.056041143999948, 34.159749891000047 ], [ -119.056190209999954, 34.159741085000064 ], [ -119.056338397, 34.159725019000064 ], [ -119.056485193999947, 34.159701754000025 ], [ -119.056613804999984, 34.159675159000074 ], [ -119.056774178999945, 34.159634680000067 ], [ -119.056784111999946, 34.159603290000064 ], [ -119.057604537999964, 34.159389931000078 ], [ -119.057874731999959, 34.159319664000066 ], [ -119.057883753999988, 34.159317557000065 ], [ -119.05800504399997, 34.159293269000045 ], [ -119.058128078999971, 34.159276075000037 ], [ -119.058252254999957, 34.159266056000035 ], [ -119.058376969999983, 34.159263263000071 ], [ -119.058395452999946, 34.159263466000027 ], [ -119.058501614999955, 34.159267709000062 ], [ -119.058625584999959, 34.159279372000071 ], [ -119.058707414999958, 34.159291107000058 ], [ -119.058809423999946, 34.159212533000073 ], [ -119.059083898999972, 34.159001114000034 ], [ -119.059307261999948, 34.159021307000046 ], [ -119.059676306999961, 34.159054667000078 ], [ -119.059984555999961, 34.159477400000071 ], [ -119.059962889999952, 34.160154285000033 ], [ -119.059964617, 34.16015752900006 ], [ -119.06001114299994, 34.160254381000072 ], [ -119.060049334999974, 34.160353719000057 ], [ -119.060079001999952, 34.160455048000074 ], [ -119.060099997999941, 34.16055786700008 ], [ -119.060112216999983, 34.160661659000027 ], [ -119.060115597, 34.160765910000066 ], [ -119.06011536799997, 34.16078033000008 ], [ -119.060145991999946, 34.162560835000079 ], [ -119.06009688599994, 34.162598966000076 ], [ -119.060154, 34.163108812000075 ], [ -119.06018514699997, 34.163106406000054 ], [ -119.060248297999976, 34.163296025000079 ], [ -119.060369904999959, 34.163532964000069 ], [ -119.060442934999969, 34.163635724000073 ], [ -119.060617069999978, 34.163854031000028 ], [ -119.061041200999966, 34.164068734000068 ], [ -119.060888527999964, 34.164368588000059 ], [ -119.060355391999963, 34.165527482000073 ], [ -119.060330208999972, 34.165549939000073 ], [ -119.060317919999989, 34.165553898000041 ], [ -119.060236784999972, 34.165580042000045 ], [ -119.060235301999967, 34.165581658000065 ], [ -119.06012703, 34.165693692000048 ], [ -119.060012120999943, 34.165801062000071 ], [ -119.059979920999979, 34.165829282000061 ], [ -119.059756335999964, 34.166016210000066 ], [ -119.059738813999957, 34.166001851000033 ], [ -119.05948196199995, 34.166230776000077 ], [ -119.059432085999958, 34.166270565000048 ], [ -119.059356538999964, 34.16632209200003 ], [ -119.059275666999952, 34.166367696000066 ], [ -119.059229946999949, 34.166389755000068 ], [ -119.059169299999951, 34.166421626000044 ], [ -119.059084773999984, 34.16647332000008 ], [ -119.059005749, 34.166530711000064 ], [ -119.058969858999944, 34.166560233000041 ], [ -119.048464895999984, 34.175940110000056 ], [ -119.048490497999978, 34.175959918000046 ], [ -119.048301419999973, 34.176128730000073 ], [ -119.048164428999939, 34.176251041000057 ], [ -119.048040562999972, 34.176361630000031 ], [ -119.047938843999987, 34.176450044000035 ], [ -119.04781156699994, 34.176552744000048 ], [ -119.047669717999952, 34.176657454000065 ], [ -119.047665704999986, 34.176660279000032 ], [ -119.047602472999984, 34.176704576000077 ], [ -119.04745533199997, 34.176800823000065 ], [ -119.046327486999985, 34.177385989000072 ], [ -119.044944732999966, 34.178641741000035 ], [ -119.044860849999964, 34.178781786000059 ], [ -119.044784898999978, 34.178924924000057 ], [ -119.044717041999945, 34.179070843000034 ], [ -119.044672910999964, 34.179178404000027 ], [ -119.044657426999947, 34.179219228000079 ], [ -119.044635734999986, 34.179279729000029 ], [ -119.044378396999946, 34.18008001100003 ], [ -119.044059636999975, 34.180364564000058 ], [ -119.041875388999983, 34.182314484000074 ], [ -119.041825269999947, 34.182340562000036 ], [ -119.04177741999996, 34.182365815000026 ], [ -119.041729982, 34.182391584000072 ], [ -119.04168295, 34.182417867000026 ], [ -119.041636333999975, 34.182444658000065 ], [ -119.04159014399994, 34.182471959000054 ], [ -119.04154439499996, 34.182499758000063 ], [ -119.041499085999988, 34.182528053000055 ], [ -119.041454218999945, 34.182556840000075 ], [ -119.041409813999962, 34.18258611300007 ], [ -119.041365875999986, 34.182615865000059 ], [ -119.041326324999943, 34.182643375000055 ], [ -119.041322410999953, 34.182646094000063 ], [ -119.04127942599996, 34.182676794000031 ], [ -119.041236926999943, 34.182707957000048 ], [ -119.041194920999942, 34.182739583000057 ], [ -119.041153426, 34.182771661000061 ], [ -119.041112434999945, 34.182804191000059 ], [ -119.041071957999975, 34.182837163000045 ], [ -119.041032002999941, 34.182870571000024 ], [ -119.040992583, 34.182904416000042 ], [ -119.040953696999964, 34.182938682000042 ], [ -119.040516980999939, 34.183328500000073 ], [ -119.040491807999956, 34.18335096900006 ], [ -119.04051418499995, 34.183368278000046 ], [ -119.039287764999983, 34.184462932000031 ], [ -119.039234344999954, 34.18442178600003 ], [ -119.038749503999952, 34.18485443000003 ], [ -119.038774122999939, 34.184873112000048 ], [ -119.035164470999973, 34.188094428000056 ], [ -119.033744338999952, 34.18926024600006 ], [ -119.030000088999941, 34.192751272000066 ], [ -119.034186074, 34.205160828000032 ], [ -119.04591034699996, 34.205529176000027 ], [ -119.045720855999946, 34.212683474000073 ], [ -119.069942526999967, 34.213136063000036 ], [ -119.069964093999943, 34.206161904000055 ], [ -119.070083783999962, 34.205887199000074 ], [ -119.070401867999976, 34.20576931100004 ], [ -119.073671134999984, 34.205773899000064 ], [ -119.073742456, 34.196727366000061 ], [ -119.076004421, 34.196745360000079 ], [ -119.075910415999942, 34.205776986000046 ], [ -119.087189010999964, 34.205791872000077 ], [ -119.087193351999986, 34.208824651000043 ], [ -119.088282831999948, 34.209729114000027 ], [ -119.105935327999987, 34.209875845000056 ], [ -119.10592272599996, 34.210912723000035 ], [ -119.104150073999961, 34.210897900000077 ], [ -119.104035894, 34.210954297000058 ], [ -119.103917755999987, 34.211004751000075 ], [ -119.103796104999958, 34.211049074000073 ], [ -119.103671401999975, 34.21108709300006 ], [ -119.103565275, 34.21111342100005 ], [ -119.103544119999981, 34.21111866900003 ], [ -119.103414741, 34.211143678000042 ], [ -119.103283755999939, 34.211162030000025 ], [ -119.103151659, 34.211173651000024 ], [ -119.103018951999957, 34.211178500000074 ], [ -119.102886134999949, 34.211176557000044 ], [ -119.102753716999985, 34.211167830000079 ], [ -119.102049300999965, 34.210962284000061 ], [ -119.101619742999958, 34.210836938000057 ], [ -119.101174269999944, 34.210900155000047 ], [ -119.100806735, 34.210952310000039 ], [ -119.078689060999977, 34.210764555000026 ], [ -119.078674596999974, 34.209639656000036 ], [ -119.07567150899996, 34.209666250000055 ], [ -119.075760904, 34.215658632000043 ], [ -119.082130458999984, 34.215632485000071 ], [ -119.095919273, 34.215831753000032 ], [ -119.09595670799996, 34.220733903000053 ], [ -119.095382623999967, 34.22064281300004 ], [ -119.090752301999942, 34.220398277000072 ], [ -119.090810031999979, 34.221051311000053 ], [ -119.091633049999984, 34.221090860000061 ], [ -119.091784556, 34.221230806000051 ], [ -119.099752003999981, 34.221957731000032 ], [ -119.097596115999977, 34.22524879000008 ], [ -119.102357539999957, 34.228523522000046 ], [ -119.102366814999982, 34.229820958000062 ], [ -119.101880957, 34.230503556000031 ], [ -119.101609140999983, 34.230885432000036 ], [ -119.101049836999948, 34.231877335000036 ], [ -119.09957252199996, 34.232850007000025 ], [ -119.098100718999945, 34.233458060000032 ], [ -119.097554668999976, 34.233166916000073 ], [ -119.097075771, 34.233715134000079 ], [ -119.095984281999961, 34.234930017000067 ], [ -119.09238914499997, 34.234695250000073 ], [ -119.091288576999943, 34.235423020000042 ], [ -119.091202081999938, 34.235735274000035 ], [ -119.091069820999962, 34.235711579000053 ], [ -119.09025177999996, 34.236950243000024 ], [ -119.091304270999956, 34.237650157000076 ], [ -119.093789496999989, 34.239367885000036 ], [ -119.097610786999951, 34.242017051000062 ], [ -119.098591284999941, 34.241504507000059 ], [ -119.098894310999981, 34.241716853000071 ] ], [ [ -119.138803265999968, 34.222794989000079 ], [ -119.138555796999981, 34.222782709000057 ], [ -119.138553789999946, 34.222808827000051 ], [ -119.138801611999952, 34.22282176300007 ], [ -119.138803265999968, 34.222794989000079 ] ], [ [ -119.173781967999957, 34.149888262000047 ], [ -119.173121785999967, 34.149886903000038 ], [ -119.173119785999972, 34.150072512000065 ], [ -119.173778266999989, 34.150076613000067 ], [ -119.173781967999957, 34.149888262000047 ] ], [ [ -119.144629584999961, 34.165451604000054 ], [ -119.145831704999978, 34.166285271000049 ], [ -119.145883104999939, 34.166206205000037 ], [ -119.145188197999971, 34.165195003000065 ], [ -119.145084728999961, 34.165152676000048 ], [ -119.144618047999984, 34.165407678000065 ], [ -119.144629584999961, 34.165451604000054 ] ], [ [ -119.066523916999984, 34.106877934000067 ], [ -119.066466335999962, 34.106542884000078 ], [ -119.066421553999987, 34.106449497000028 ], [ -119.065939040999979, 34.10586885400005 ], [ -119.06584440599994, 34.105781699000033 ], [ -119.065175154999963, 34.10550882900003 ], [ -119.06586531499994, 34.106531872000062 ], [ -119.066212862999976, 34.106875234000029 ], [ -119.066523916999984, 34.106877934000067 ] ], [ [ -117.197799801999963, 33.557212273000061 ], [ -117.197830554999939, 33.557294735000028 ], [ -117.197871664, 33.557262911000066 ], [ -117.198106624, 33.55707592300007 ], [ -117.198564456999975, 33.55674188200004 ], [ -117.198854424, 33.55654622600008 ], [ -117.198125007999977, 33.555850294000038 ], [ -117.198073241999964, 33.555800600000055 ], [ -117.197984669, 33.555908956000053 ], [ -117.197960917999978, 33.556022612000049 ], [ -117.197901275, 33.556260605000034 ], [ -117.197835002999966, 33.556507288000034 ], [ -117.197833221999986, 33.55680426400005 ], [ -117.197798348999981, 33.557063674000062 ], [ -117.197799801999963, 33.557212273000061 ] ], [ [ -119.12636606999996, 34.200868555000056 ], [ -119.125214170999982, 34.200861750000058 ], [ -119.125208431999965, 34.201356330000067 ], [ -119.124861124999939, 34.201354320000064 ], [ -119.124856418999968, 34.201763648000053 ], [ -119.12635520799995, 34.201775288000078 ], [ -119.12636606999996, 34.200868555000056 ] ], [ [ -117.296909502999938, 33.454779322000036 ], [ -117.296909436999954, 33.454790572000036 ], [ -117.29689233, 33.455408698000042 ], [ -117.296944672999985, 33.455408863000059 ], [ -117.297155007999947, 33.455405067000072 ], [ -117.29715807599996, 33.455562751000059 ], [ -117.297159302999944, 33.455625823000048 ], [ -117.297216262999939, 33.455637455000044 ], [ -117.297654019999982, 33.455727425000077 ], [ -117.297718452999959, 33.453335758000037 ], [ -117.297723038999948, 33.45317392700008 ], [ -117.296645860999945, 33.453275006000069 ], [ -117.296646348999957, 33.454728916000079 ], [ -117.296719221999979, 33.454743533000055 ], [ -117.296909502999938, 33.454779322000036 ] ], [ [ -119.172957352999958, 34.149796452000032 ], [ -119.172014313999966, 34.149794940000049 ], [ -119.170889978, 34.150582869000061 ], [ -119.170875527999954, 34.151325764000035 ], [ -119.172934468999983, 34.151338106000026 ], [ -119.172957352999958, 34.149796452000032 ] ], [ [ -119.216733319999946, 34.200326376000078 ], [ -119.216734561999942, 34.199283242000035 ], [ -119.212354630999982, 34.199246645000073 ], [ -119.212343112999974, 34.200296742000035 ], [ -119.216733319999946, 34.200326376000078 ] ], [ [ -119.177265800999976, 34.155284534000032 ], [ -119.177270995999947, 34.154783814000041 ], [ -119.175167611999939, 34.154770349000046 ], [ -119.175140872999975, 34.157393158000048 ], [ -119.177545157999987, 34.157413724000037 ], [ -119.177507903999981, 34.157271227000024 ], [ -119.176886284999966, 34.157264072000032 ], [ -119.176864099999989, 34.157251916000064 ], [ -119.17685260199994, 34.157233659000042 ], [ -119.176867862999984, 34.155283329000042 ], [ -119.177265800999976, 34.155284534000032 ] ], [ [ -116.932129714999974, 32.825988266000024 ], [ -116.932091050999986, 32.824661137000078 ], [ -116.931694867999965, 32.824648609000064 ], [ -116.931684460999975, 32.824137353000026 ], [ -116.929089611999984, 32.824110058000031 ], [ -116.929172947999973, 32.826031108000052 ], [ -116.930214563999982, 32.825996312000029 ], [ -116.932129714999974, 32.825988266000024 ] ], [ [ -119.147187079999981, 34.161706063000054 ], [ -119.147171637999975, 34.163200470000049 ], [ -119.146260360999975, 34.163194133000047 ], [ -119.146249418999957, 34.164263967000068 ], [ -119.146997291, 34.163901183000064 ], [ -119.147123865999959, 34.164081474000056 ], [ -119.147123381999961, 34.16414556400008 ], [ -119.148504336999963, 34.16347505300007 ], [ -119.148471202999986, 34.163427857000045 ], [ -119.150671472999989, 34.162360331000059 ], [ -119.150571508999974, 34.162218037000059 ], [ -119.150575658999969, 34.161728682000046 ], [ -119.147187079999981, 34.161706063000054 ] ], [ [ -119.175196656999958, 34.152251877000026 ], [ -119.173134313999981, 34.152239052000027 ], [ -119.173096413999986, 34.152238817000068 ], [ -119.17309579099998, 34.152296518000071 ], [ -119.17086494299997, 34.152282687000024 ], [ -119.170850132999988, 34.153621774000044 ], [ -119.172086676999982, 34.153629438000053 ], [ -119.172082026999988, 34.154572663000067 ], [ -119.173884430999976, 34.154596817000026 ], [ -119.173920969, 34.153670164000062 ], [ -119.175181226999939, 34.153664720000052 ], [ -119.175196656999958, 34.152251877000026 ] ], [ [ -116.844113222999965, 32.702318006000041 ], [ -116.844586141999969, 32.701092647000053 ], [ -116.838323241999944, 32.701123647000031 ], [ -116.838337062999983, 32.703160423000043 ], [ -116.840262905999964, 32.703149651000047 ], [ -116.844113222999965, 32.702318006000041 ] ], [ [ -117.024578591999955, 33.106808468000054 ], [ -117.024561954999967, 33.10539768600006 ], [ -117.020257905, 33.105396948000077 ], [ -117.020302897999954, 33.108983103000071 ], [ -117.020747029999939, 33.108983176000038 ], [ -117.024578591999955, 33.106808468000054 ] ], [ [ -117.145996437999941, 33.352646149000066 ], [ -117.145800795999946, 33.352564881000035 ], [ -117.145507184999985, 33.352674759000024 ], [ -117.145276910999939, 33.352400571000032 ], [ -117.139212943999951, 33.352592820000041 ], [ -117.13911077399996, 33.35259698200008 ], [ -117.139138125999978, 33.358140898000045 ], [ -117.145996437999941, 33.352646149000066 ] ], [ [ -117.283977853999943, 33.46281953600004 ], [ -117.284108663999973, 33.462861598000075 ], [ -117.283733741999981, 33.457474368000078 ], [ -117.283722859999955, 33.457242055000052 ], [ -117.279778928999974, 33.457250836000071 ], [ -117.279562049, 33.457252049000033 ], [ -117.279755721999948, 33.461453834000054 ], [ -117.279993684999965, 33.461530118000042 ], [ -117.283977853999943, 33.46281953600004 ] ], [ [ -117.028720001999943, 33.09809443100005 ], [ -117.028708438999956, 33.097550178000063 ], [ -117.028650354999968, 33.097477267000045 ], [ -117.028647058, 33.094660930000032 ], [ -117.026974248999977, 33.094914452000069 ], [ -117.025341620999939, 33.094913661000078 ], [ -117.025348432999976, 33.095684835000043 ], [ -117.025430686999982, 33.095741511000028 ], [ -117.025517610999941, 33.095793008000044 ], [ -117.025608749999947, 33.095839056000045 ], [ -117.025703621, 33.095879412000045 ], [ -117.025801723999962, 33.095913861000042 ], [ -117.025902541, 33.09594222100003 ], [ -117.025984728999958, 33.095962949000068 ], [ -117.026068843999951, 33.095977191000031 ], [ -117.026154162999944, 33.095984824000027 ], [ -117.026239953999948, 33.095985782000071 ], [ -117.026325483, 33.095980057000077 ], [ -117.026410016999989, 33.095967698000038 ], [ -117.02650964999998, 33.095957716000044 ], [ -117.026676116999965, 33.095941037000046 ], [ -117.026722120999978, 33.095941536000055 ], [ -117.026781175999986, 33.09594917700008 ], [ -117.026838939999948, 33.095962035000071 ], [ -117.026894759999948, 33.095979969000041 ], [ -117.026948012, 33.096002773000066 ], [ -117.026998098999968, 33.096030196000072 ], [ -117.027049619999957, 33.096065912000029 ], [ -117.026908739999953, 33.09606529000007 ], [ -117.024198389, 33.096053286000028 ], [ -117.024129078999977, 33.095077329000048 ], [ -117.02062316599995, 33.093777789000058 ], [ -117.020746828999961, 33.094823063000035 ], [ -117.020954696999979, 33.097734432000038 ], [ -117.021108726999955, 33.097586184000079 ], [ -117.021186909999983, 33.09751411600007 ], [ -117.02127031699996, 33.097446324000032 ], [ -117.02135862199998, 33.097383076000028 ], [ -117.021451469999988, 33.097324623000077 ], [ -117.021548498999948, 33.097271194000029 ], [ -117.021649324999942, 33.097223002000078 ], [ -117.021753546999946, 33.097180238000078 ], [ -117.021860756999956, 33.097143069000026 ], [ -117.02197052799994, 33.097111644000051 ], [ -117.022082427999976, 33.097086085000058 ], [ -117.022194170999967, 33.097063739000077 ], [ -117.022307378999983, 33.097047437000072 ], [ -117.022421591999944, 33.09703724600007 ], [ -117.02264913199997, 33.097044792000077 ], [ -117.022876251999946, 33.097058670000024 ], [ -117.023102699999981, 33.097078866000061 ], [ -117.023328232999972, 33.097105355000053 ], [ -117.023511730999985, 33.097132144000057 ], [ -117.02355259999996, 33.097138111000049 ], [ -117.023775555999975, 33.097177097000042 ], [ -117.023996858999965, 33.097222269000042 ], [ -117.02421626499995, 33.097273580000035 ], [ -117.024280546999989, 33.097290560000033 ], [ -117.024433533999968, 33.097330971000076 ], [ -117.024648428999967, 33.097394382000061 ], [ -117.025061831999949, 33.097566768000036 ], [ -117.025898453999957, 33.097908823000068 ], [ -117.026081043999966, 33.097976997000046 ], [ -117.02619257899994, 33.098031073000072 ], [ -117.026289392999956, 33.09808969900007 ], [ -117.02640261, 33.098175372000071 ], [ -117.028720001999943, 33.09809443100005 ] ], [ [ -119.232851746, 34.180862340000033 ], [ -119.232788138999979, 34.180758431000072 ], [ -119.232584117999977, 34.180509685000061 ], [ -119.231573530999981, 34.180962238000063 ], [ -119.231496293999953, 34.180841512000029 ], [ -119.231277070999965, 34.18093970700005 ], [ -119.231357900999967, 34.181060182000067 ], [ -119.230831683999952, 34.181299201000058 ], [ -119.230805495999959, 34.18124930700003 ], [ -119.230582007999942, 34.181349902000079 ], [ -119.230613576999986, 34.181398269000056 ], [ -119.229663001999938, 34.181842851000056 ], [ -119.229098140999952, 34.180977501000029 ], [ -119.227289279, 34.181779647000042 ], [ -119.227155951999976, 34.18177391100005 ], [ -119.22680601999997, 34.182353608000028 ], [ -119.227502883999989, 34.182359424000026 ], [ -119.228566714999943, 34.181880742000033 ], [ -119.229100491999986, 34.182705860000056 ], [ -119.228343063999944, 34.183046842000067 ], [ -119.228282943999943, 34.183073906000061 ], [ -119.228242859999966, 34.18318565900006 ], [ -119.22844463399997, 34.183494936000045 ], [ -119.228578911999989, 34.18352814800005 ], [ -119.228987740999969, 34.183344174000069 ], [ -119.229394948, 34.183160927000074 ], [ -119.229962265999973, 34.184032079000076 ], [ -119.229968157999963, 34.184049784000024 ], [ -119.229971497999941, 34.184073629000068 ], [ -119.229969801999971, 34.184097593000047 ], [ -119.229963125999973, 34.184120950000079 ], [ -119.22995167199997, 34.184142988000076 ], [ -119.229935785999942, 34.184163037000076 ], [ -119.229915952999988, 34.184180490000074 ], [ -119.229896113999985, 34.184192750000079 ], [ -119.22989277299996, 34.184194815000069 ], [ -119.229866952999942, 34.184205579000036 ], [ -119.22983927599995, 34.184212452000054 ], [ -119.229810584999939, 34.184215227000038 ], [ -119.229810199999974, 34.184215236000057 ], [ -119.229804499999943, 34.184215195000036 ], [ -119.228200607999952, 34.184201794000046 ], [ -119.228111020999961, 34.184203669000055 ], [ -119.227968790999967, 34.184197979000032 ], [ -119.227537309999946, 34.184196246000056 ], [ -119.22706422899995, 34.183469846000037 ], [ -119.227057324999976, 34.183459246000041 ], [ -119.226726604999953, 34.18345645800008 ], [ -119.226721076, 34.183923570000047 ], [ -119.226677398999982, 34.183996071000024 ], [ -119.226528598999948, 34.184243060000028 ], [ -119.226525506999963, 34.184496766000052 ], [ -119.226509503999978, 34.184501479000062 ], [ -119.226461829999948, 34.184514629000034 ], [ -119.226356610999972, 34.184539087000076 ], [ -119.226283517999946, 34.184552603000043 ], [ -119.226203341999963, 34.184564022000075 ], [ -119.226124557, 34.184572134000064 ], [ -119.22600327899994, 34.184578618000046 ], [ -119.22598805299998, 34.184578922000071 ], [ -119.227393659999962, 34.184590768000078 ], [ -119.227588891999972, 34.184588240000039 ], [ -119.227911551999966, 34.184590424000078 ], [ -119.228229252999938, 34.184597801000052 ], [ -119.228183969999975, 34.189162870000075 ], [ -119.22914291799998, 34.189169303000028 ], [ -119.229141610999989, 34.189301149000073 ], [ -119.229925570999967, 34.189597803000026 ], [ -119.230254295999941, 34.188997885000049 ], [ -119.230830989999959, 34.189001731000076 ], [ -119.230834717, 34.188609362000079 ], [ -119.229249694999965, 34.188598680000041 ], [ -119.229070173999958, 34.188571545000059 ], [ -119.229003865999971, 34.188548616000048 ], [ -119.228941366999948, 34.188519212000074 ], [ -119.228883588999963, 34.188483762000033 ], [ -119.22883137499997, 34.188442781000049 ], [ -119.228785484999946, 34.188396870000076 ], [ -119.228746589999957, 34.188346698000032 ], [ -119.22871525499994, 34.188292994000051 ], [ -119.22869193799994, 34.188236545000052 ], [ -119.228676979999989, 34.188178170000072 ], [ -119.228678400999968, 34.18798498600006 ], [ -119.22870005599998, 34.185038986000052 ], [ -119.229571903999954, 34.185044814000037 ], [ -119.229550038999946, 34.18729468500004 ], [ -119.230022147999989, 34.18729783200007 ], [ -119.230044, 34.185047960000077 ], [ -119.230628855999953, 34.185051896000061 ], [ -119.230931025999951, 34.185514127000033 ], [ -119.23092184099994, 34.186440711000046 ], [ -119.231097113999965, 34.186442878000037 ], [ -119.231437596999967, 34.186289016000046 ], [ -119.23335967099996, 34.189229216000058 ], [ -119.233443340999941, 34.189357201000064 ], [ -119.233527513999945, 34.189485954000077 ], [ -119.233603040999981, 34.189611839000065 ], [ -119.233696781, 34.189809454000056 ], [ -119.233748399999968, 34.189961283000059 ], [ -119.233836957999983, 34.190216827000029 ], [ -119.233897368999976, 34.19039945600008 ], [ -119.234929269999952, 34.190406612000061 ], [ -119.234928842999977, 34.190405334000047 ], [ -119.234760742, 34.18990257400003 ], [ -119.234704324999939, 34.189734636000026 ], [ -119.23467354099995, 34.189642676000062 ], [ -119.234575933999963, 34.189407303000053 ], [ -119.234454014999983, 34.189179897000031 ], [ -119.23376693199998, 34.188130104000038 ], [ -119.233608511999989, 34.187888643000065 ], [ -119.231208839999965, 34.184207077000053 ], [ -119.232154063999985, 34.183779524000045 ], [ -119.232248831999982, 34.183924694000041 ], [ -119.232478799999967, 34.18381822300006 ], [ -119.232378233999952, 34.183678038000039 ], [ -119.232916852999949, 34.183434196000064 ], [ -119.232935097999984, 34.183486320000043 ], [ -119.233167535999939, 34.183383110000079 ], [ -119.233134746999951, 34.183335550000038 ], [ -119.233919253999943, 34.182980378000025 ], [ -119.233778324999946, 34.182569897000064 ], [ -119.233279664999941, 34.182795300000066 ], [ -119.23320326299995, 34.182702040000038 ], [ -119.232988770999953, 34.182799874000068 ], [ -119.233042710999939, 34.182902407000029 ], [ -119.232123054999988, 34.183318095000061 ], [ -119.232035651, 34.183170500000074 ], [ -119.231824095999968, 34.183269446000054 ], [ -119.231915916999981, 34.183411721000027 ], [ -119.230973627999958, 34.183848139000077 ], [ -119.230550556999958, 34.183202512000037 ], [ -119.231500547999985, 34.182775787000026 ], [ -119.231531495999945, 34.182823337000059 ], [ -119.23177057099997, 34.182716475000063 ], [ -119.231738373999974, 34.182667368000068 ], [ -119.232654017999948, 34.182253336000031 ], [ -119.232748740999966, 34.182397937000076 ], [ -119.232986757999981, 34.18228901100008 ], [ -119.232892564999986, 34.182144631000028 ], [ -119.233417522999957, 34.181906514000048 ], [ -119.233211264999966, 34.181523976000051 ], [ -119.232685189999984, 34.181760716000042 ], [ -119.232622152999966, 34.181663454000045 ], [ -119.232403921999946, 34.181761958000038 ], [ -119.232466326999941, 34.181858744000067 ], [ -119.231471844999987, 34.182307970000068 ], [ -119.231377105999968, 34.182162852000033 ], [ -119.231158493999942, 34.182260875000054 ], [ -119.231252168999958, 34.182407122000029 ], [ -119.230312573, 34.182837944000028 ], [ -119.229889279999952, 34.182189495000046 ], [ -119.230837293999969, 34.181769867000071 ], [ -119.230869784999982, 34.181819678000068 ], [ -119.231111074999944, 34.181712209000068 ], [ -119.231082379999975, 34.18165885600007 ], [ -119.232074826999963, 34.181209319000061 ], [ -119.232170828, 34.181357656000046 ], [ -119.232410400999981, 34.181250668000075 ], [ -119.232319916999984, 34.181099861000064 ], [ -119.232851746, 34.180862340000033 ] ], [ [ -117.004608498999971, 33.331279287000029 ], [ -117.002058853999984, 33.332652077000034 ], [ -117.003744403999974, 33.33493889500005 ], [ -117.011081020999939, 33.330976148000047 ], [ -117.005630721999978, 33.328905407000036 ], [ -117.00451323599998, 33.329467813000065 ], [ -117.004608498999971, 33.331279287000029 ] ], [ [ -119.175308536999978, 34.224053310000045 ], [ -119.168242488999965, 34.224005747000035 ], [ -119.168216210999958, 34.227396755000029 ], [ -119.169692256999951, 34.228117633000068 ], [ -119.169907845999944, 34.227904045000059 ], [ -119.170046943999978, 34.228002573000026 ], [ -119.170477453999979, 34.227794753000069 ], [ -119.171444043999941, 34.227359988000046 ], [ -119.175893246999976, 34.227398267000069 ], [ -119.175941116999979, 34.227332277000073 ], [ -119.176030981999986, 34.227377233000027 ], [ -119.176253082999949, 34.227488341000026 ], [ -119.176371589999974, 34.227325218000033 ], [ -119.175965753999947, 34.227123278000079 ], [ -119.175764279999953, 34.227022637000061 ], [ -119.175542723999968, 34.226934936000077 ], [ -119.175447494999958, 34.226909139000043 ], [ -119.175336024999979, 34.226884922000067 ], [ -119.175280695999959, 34.226875967000069 ], [ -119.175259812999968, 34.226867112000036 ], [ -119.175267442999939, 34.226426466000078 ], [ -119.17526907599995, 34.22633213000006 ], [ -119.175278713999944, 34.225775575000057 ], [ -119.175308536999978, 34.224053310000045 ] ], [ [ -119.17281369899996, 34.167850151000039 ], [ -119.172786644999974, 34.173483633000046 ], [ -119.176737475999971, 34.173512942000059 ], [ -119.176751015999969, 34.172460027000056 ], [ -119.177375703999985, 34.172481703000074 ], [ -119.177431776, 34.167824744000029 ], [ -119.17281369899996, 34.167850151000039 ] ], [ [ -117.257017599999983, 33.235050307000051 ], [ -117.257584819999977, 33.228667044000076 ], [ -117.253071415999955, 33.228649211000061 ], [ -117.250417607999964, 33.23189521200004 ], [ -117.250449836999962, 33.233841164000069 ], [ -117.257017599999983, 33.235050307000051 ] ], [ [ -117.115588061999972, 32.898179925000079 ], [ -117.115689128999975, 32.893681832000027 ], [ -117.113862790999974, 32.893370537000067 ], [ -117.112454873, 32.893747327000028 ], [ -117.10797305799997, 32.894525602000044 ], [ -117.106845384999986, 32.89554116000005 ], [ -117.106844151999951, 32.898088435000034 ], [ -117.115588061999972, 32.898179925000079 ] ], [ [ -117.215545855999949, 33.566660431000059 ], [ -117.215417214999945, 33.566544125000064 ], [ -117.212634646999959, 33.564039362000074 ], [ -117.212539103999973, 33.564111395000054 ], [ -117.209495098, 33.566426054000033 ], [ -117.206818453999972, 33.564108428000054 ], [ -117.20631240199998, 33.564509999000052 ], [ -117.206201906999979, 33.564444046000062 ], [ -117.20599118399997, 33.564319376000071 ], [ -117.204908037999985, 33.56368562800003 ], [ -117.203484577999973, 33.562855844000069 ], [ -117.203210375999959, 33.562615663000031 ], [ -117.203142975999981, 33.562558485000068 ], [ -117.201492788999985, 33.561252182000032 ], [ -117.200739866, 33.560665429000039 ], [ -117.199307941999962, 33.55952239100003 ], [ -117.199214136999956, 33.559448216000078 ], [ -117.197536310999965, 33.560748835000027 ], [ -117.200059520999957, 33.563104439000028 ], [ -117.200444611999956, 33.563464612000075 ], [ -117.200761507999971, 33.563218458000051 ], [ -117.201921079999977, 33.562321024000028 ], [ -117.206130759999951, 33.565565935000052 ], [ -117.208909942999981, 33.567737611000041 ], [ -117.211411864999945, 33.569716182000036 ], [ -117.212317976999941, 33.569061056000066 ], [ -117.213452329999939, 33.568238843000074 ], [ -117.215545855999949, 33.566660431000059 ] ], [ [ -117.109211435999953, 32.70901501700007 ], [ -117.107472549999954, 32.704045407000024 ], [ -117.098030436999977, 32.70403865000003 ], [ -117.097983707999958, 32.70571289600008 ], [ -117.097250635999956, 32.706274595000025 ], [ -117.096667683999954, 32.706235805000063 ], [ -117.097101657999985, 32.706958391000057 ], [ -117.097554587, 32.707051793000062 ], [ -117.097915914999987, 32.706920341000057 ], [ -117.097933681999962, 32.706288854000036 ], [ -117.100145138999949, 32.706251511000062 ], [ -117.100235183999985, 32.707628432000035 ], [ -117.102415743999984, 32.707535586000063 ], [ -117.102358261999939, 32.708466740000063 ], [ -117.104480807999948, 32.709253232000037 ], [ -117.108647159999975, 32.709035672000027 ], [ -117.109211435999953, 32.70901501700007 ] ], [ [ -117.572481664999941, 33.454516494000075 ], [ -117.572408930999984, 33.452962351000053 ], [ -117.558681622, 33.451030757000069 ], [ -117.555282563, 33.451743216000068 ], [ -117.555296167999984, 33.454503527000043 ], [ -117.572481664999941, 33.454516494000075 ] ], [ [ -117.028904582999985, 33.065552027000024 ], [ -117.028906356999983, 33.065387850000036 ], [ -117.028939405999949, 33.065195924000079 ], [ -117.028939846999947, 33.06503168200004 ], [ -117.029071800999986, 33.064977269000053 ], [ -117.029072096999982, 33.064894026000047 ], [ -117.029040771999973, 33.064784514000053 ], [ -117.029040722, 33.064647251000054 ], [ -117.028945123999961, 33.06448064600005 ], [ -117.028848391999986, 33.064370239000027 ], [ -117.028783127999986, 33.064288347000058 ], [ -117.028686200999971, 33.06412167700006 ], [ -117.028393236999989, 33.063929835000067 ], [ -117.028198, 33.063873198000067 ], [ -117.028100282999958, 33.063816748000079 ], [ -117.028101072999959, 33.063706527000079 ], [ -117.028005276999977, 33.063404902000059 ], [ -117.027974445999973, 33.063268410000035 ], [ -117.027941296999984, 33.063185811000039 ], [ -117.027845898999942, 33.063075468000079 ], [ -117.027812750999942, 33.062992869000027 ], [ -117.027716664999957, 33.062853241000028 ], [ -117.027619290999951, 33.062772055000039 ], [ -117.02755284999995, 33.062687856000025 ], [ -117.027391747999957, 33.062659860000053 ], [ -117.027162575999967, 33.062630844000068 ], [ -117.026999648999947, 33.062629763000075 ], [ -117.026768892999939, 33.062821186000065 ], [ -117.025399919, 33.062813875000074 ], [ -117.024910493999982, 33.062839846000031 ], [ -117.024779334999948, 33.06278403500005 ], [ -117.024586076999981, 33.062619480000023 ], [ -117.024358044999985, 33.062534260000064 ], [ -117.024194473999955, 33.062562396000033 ], [ -117.024064992999968, 33.06256066900005 ], [ -117.02377219899995, 33.062366575000055 ], [ -117.023902774999954, 33.062174841000058 ], [ -117.023611314999982, 33.06198081000008 ], [ -117.023384958999941, 33.061870917000078 ], [ -117.023253803999978, 33.061815105000051 ], [ -117.023123141999974, 33.061732315000029 ], [ -117.023026268999956, 33.061702903000025 ], [ -117.022861861999957, 33.061703996000062 ], [ -117.022699280999973, 33.061756929000069 ], [ -117.022373432999984, 33.061754757000074 ], [ -117.022287669999969, 33.059887501000048 ], [ -117.022460014999979, 33.059434508000038 ], [ -117.022125197999969, 33.059485908000056 ], [ -117.022179164999955, 33.058552438000049 ], [ -117.018166183999938, 33.058586596000055 ], [ -117.018270575999964, 33.062205363000032 ], [ -117.018275480999989, 33.06234960900008 ], [ -117.017264411999975, 33.062384189000056 ], [ -117.017930346999947, 33.064461636000033 ], [ -117.019540759, 33.066463036000073 ], [ -117.02912577799998, 33.066487476000077 ], [ -117.029127059999951, 33.066350277000026 ], [ -117.029061794999961, 33.066268386000047 ], [ -117.029029977, 33.066185850000068 ], [ -117.028965356999947, 33.066074736000076 ], [ -117.02903155599995, 33.065965409000057 ], [ -117.028966935999961, 33.065854297000044 ], [ -117.028805283999986, 33.065716019000035 ], [ -117.028904582999985, 33.065552027000024 ] ], [ [ -117.109202493999987, 33.061186879000047 ], [ -117.109560273999989, 33.061271347000059 ], [ -117.109788628999979, 33.06127316900006 ], [ -117.110113977999958, 33.061383102000036 ], [ -117.110178456999961, 33.061437915000056 ], [ -117.110339629999942, 33.061605325000073 ], [ -117.110503436999977, 33.061633340000071 ], [ -117.110666777999938, 33.061688337000078 ], [ -117.110829254999942, 33.06171628900006 ], [ -117.11096047999996, 33.061772015000031 ], [ -117.111057325, 33.061882368000056 ], [ -117.111057106999965, 33.061965619000034 ], [ -117.111120901, 33.062130664000051 ], [ -117.111185312999964, 33.062266484000077 ], [ -117.111313657999972, 33.062405333000072 ], [ -117.111412301999962, 33.062488769000026 ], [ -117.111509545, 33.062653149000027 ], [ -117.111573408999959, 33.062737184000071 ], [ -117.111767717999953, 33.062928666000062 ], [ -117.111897863999957, 33.063040597000054 ], [ -117.111995357999945, 33.063261245000035 ], [ -117.111993273999985, 33.063452423000058 ], [ -117.11192717299997, 33.063561806000052 ], [ -117.11192620199995, 33.063836298000069 ], [ -117.111957483999959, 33.063948045000075 ], [ -117.111956264999947, 33.064166267000076 ], [ -117.111891027999945, 33.064302694000048 ], [ -117.111856427999953, 33.06444057300007 ], [ -117.111855457, 33.06471506500003 ], [ -117.111690738999982, 33.064880534000054 ], [ -117.111624635999988, 33.064989917000048 ], [ -117.11156079999995, 33.065045400000031 ], [ -117.11146139899995, 33.065153205000058 ], [ -117.111363645999973, 33.065236334000076 ], [ -117.11126362899995, 33.065373365000028 ], [ -117.111198390999959, 33.065509792000057 ], [ -117.11119684, 33.06559297900003 ], [ -117.111098768999966, 33.065700847000073 ], [ -117.111000081999975, 33.065837940000051 ], [ -117.110933757999987, 33.066030573000035 ], [ -117.110932138999942, 33.066194768000059 ], [ -117.110997335999969, 33.06627886900003 ], [ -117.111029165, 33.066442399000039 ], [ -117.111126012999989, 33.066552753000053 ], [ -117.111190744999988, 33.066663835000043 ], [ -117.111223507999966, 33.06677340300007 ], [ -117.11135294199994, 33.066856046000055 ], [ -117.111547573999985, 33.067022790000067 ], [ -117.111579006999989, 33.067132295000079 ], [ -117.111578787999974, 33.067215545000067 ], [ -117.111675568999942, 33.067406907000077 ], [ -117.111804387999939, 33.067518776000043 ], [ -117.111903653999946, 33.067572986000073 ], [ -117.11200165799994, 33.067546125000035 ], [ -117.112132026999973, 33.067574806000039 ], [ -117.112261929999988, 33.067630467000072 ], [ -117.112391583999965, 33.067629859000078 ], [ -117.112490700999956, 33.067686313000024 ], [ -117.112587988999962, 33.067630164000036 ], [ -117.112685991999967, 33.067603302000066 ], [ -117.11288159999998, 33.067495553000072 ], [ -117.112947701999985, 33.067386170000077 ], [ -117.112916418999987, 33.067274423000072 ], [ -117.112982986999953, 33.067138057000079 ], [ -117.113112926999975, 33.066973190000056 ], [ -117.113212726999961, 33.066919410000025 ], [ -117.113539818999982, 33.066563604000066 ], [ -117.113639369999987, 33.066453554000077 ], [ -117.113770238999962, 33.066234722000047 ], [ -117.113774618999969, 33.06576911600007 ], [ -117.113707620999946, 33.065711935000024 ], [ -117.113677517999974, 33.065602494000075 ], [ -117.113710783999977, 33.065464550000058 ], [ -117.113743433999957, 33.06535583200008 ], [ -117.113713083, 33.065190122000047 ], [ -117.113679850999972, 33.065107537000074 ], [ -117.113712500999952, 33.064998819000039 ], [ -117.113681282999949, 33.064806064000038 ], [ -117.113616798999942, 33.064751252000065 ], [ -117.113552930999958, 33.064667216000032 ], [ -117.113421548999952, 33.06461373500008 ], [ -117.113290717999973, 33.064612039000053 ], [ -117.113260365999963, 33.064446329000077 ], [ -117.113260183999955, 33.064309051000066 ], [ -117.113130568999964, 33.064089132000049 ], [ -117.113100466999981, 33.063979691000043 ], [ -117.113002503999951, 33.06378602500007 ], [ -117.112970602999951, 33.063703502000067 ], [ -117.113037101999964, 33.063648145000059 ], [ -117.113102583999989, 33.063567986000066 ], [ -117.113200798999969, 33.063457872000072 ], [ -117.113234064999972, 33.063319930000034 ], [ -117.113169799, 33.063181867000026 ], [ -117.113071468999976, 33.063073694000025 ], [ -117.113008535999938, 33.062935695000078 ], [ -117.113008752999974, 33.062852443000054 ], [ -117.112976204999939, 33.062659625000038 ], [ -117.113010801999962, 33.062521746000073 ], [ -117.11291308899996, 33.06238434900007 ], [ -117.112915171999987, 33.062193172000036 ], [ -117.112817458999984, 33.062055775000033 ], [ -117.112818608999987, 33.061918560000038 ], [ -117.112753877999978, 33.061807479000038 ], [ -117.112590534999981, 33.061752485000056 ], [ -117.112460390999956, 33.061640555000054 ], [ -117.112397309999949, 33.061504798000044 ], [ -117.112528321999946, 33.061283724000077 ], [ -117.112465172999975, 33.061228975000063 ], [ -117.112235551999959, 33.061146087000054 ], [ -117.11213848899996, 33.061118985000064 ], [ -117.111974830999941, 33.061088729000062 ], [ -117.111877120999964, 33.060951331000069 ], [ -117.111943218999954, 33.060841948000075 ], [ -117.111977665999973, 33.060706311000047 ], [ -117.111945519999949, 33.060567519000074 ], [ -117.111947069999985, 33.060484332000044 ], [ -117.111817461999976, 33.060264411000048 ], [ -117.111851193999939, 33.060099487000059 ], [ -117.11191735999995, 33.059909096000069 ], [ -117.111884128999975, 33.05982651100004 ], [ -117.111984822999943, 33.059579247000045 ], [ -117.111952925999958, 33.059496725000031 ], [ -117.111886933999983, 33.059304573000077 ], [ -117.111890099, 33.059057189000043 ], [ -117.111924295999984, 33.058865283000046 ], [ -117.11198921, 33.058753593000063 ], [ -117.111923933999947, 33.058590729000059 ], [ -117.111893585999951, 33.058425019000026 ], [ -117.112025091999953, 33.058316484000045 ], [ -117.112090538999951, 33.058096804000058 ], [ -117.111993913, 33.057903201000045 ], [ -117.111897071999977, 33.057792848000076 ], [ -117.111865175, 33.057710326000063 ], [ -117.111996212999941, 33.057628772000044 ], [ -117.112258906999955, 33.05743644000006 ], [ -117.112325, 33.05732705500003 ], [ -117.112357646999953, 33.057218336000062 ], [ -117.112326215999985, 33.057108834000076 ], [ -117.112261088999958, 33.056943726000043 ], [ -117.112164862999975, 33.056804149000072 ], [ -117.112131701999942, 33.056640556000048 ], [ -117.11203680899996, 33.056501043000026 ], [ -117.111971065999967, 33.056365160000041 ], [ -117.111874225999941, 33.056254808000062 ], [ -117.111842328999955, 33.056172286000049 ], [ -117.111678530999939, 33.056144273000029 ], [ -117.111581223999963, 33.05606090200007 ], [ -117.111451120999959, 33.056088493000061 ], [ -117.111353564999945, 33.055948852000029 ], [ -117.111812015999988, 33.055786047000026 ], [ -117.111910073, 33.055678178000051 ], [ -117.111976315, 33.055566550000037 ], [ -117.112140396999962, 33.055430304000026 ], [ -117.112238851999962, 33.055376460000048 ], [ -117.11236942, 33.055321887000048 ], [ -117.112466759999961, 33.055184729000075 ], [ -117.112566362999985, 33.054993670000044 ], [ -117.112664567999957, 33.054883557000039 ], [ -117.112863239999967, 33.054609429000038 ], [ -117.112896349999971, 33.054473728000062 ], [ -117.112832022999953, 33.054416673000048 ], [ -117.112733850999973, 33.054306259000043 ], [ -117.112571453999976, 33.054197303000024 ], [ -117.112473931999943, 33.054197185000078 ], [ -117.11247482999994, 33.054003700000067 ], [ -117.112574615999961, 33.053949919000047 ], [ -117.112671020999983, 33.053866724000045 ], [ -117.112769223999976, 33.05375661000005 ], [ -117.11280366699998, 33.053620973000079 ], [ -117.112837792999983, 33.05351007400003 ], [ -117.113032434, 33.053456284000049 ], [ -117.113162532999979, 33.053428692000068 ], [ -117.11329428099998, 33.053376424000078 ], [ -117.113393347999988, 33.053293354000061 ], [ -117.11345943699996, 33.053183969000031 ], [ -117.113591146999966, 33.052992179000057 ], [ -117.113755436999952, 33.052772679000043 ], [ -117.11388534799994, 33.052607807000072 ], [ -117.113985410999987, 33.052389765000044 ], [ -117.113953726999966, 33.052223993000041 ], [ -117.113955802999953, 33.052032815000075 ], [ -117.11392458499995, 33.051840060000075 ], [ -117.113891820999982, 33.051730494000026 ], [ -117.113761286999988, 33.051564541000062 ], [ -117.113731185999939, 33.051455101000045 ], [ -117.114254763999952, 33.051236861000064 ], [ -117.114383063, 33.05123618500005 ], [ -117.11448237899998, 33.051209383000071 ], [ -117.114546704999952, 33.051266437000038 ], [ -117.114644222999971, 33.051266554000051 ], [ -117.114874313999962, 33.051101924000079 ], [ -117.114971428999979, 33.051048015000049 ], [ -117.114972974999944, 33.05096482600004 ], [ -117.115006482999945, 33.05088315100005 ], [ -117.115071636999971, 33.050827728000058 ], [ -117.115103811999973, 33.050745990000053 ], [ -117.11520427, 33.050581972000032 ], [ -117.115268556999979, 33.050499504000072 ], [ -117.115465852999989, 33.050445837000041 ], [ -117.115792125999974, 33.050281258000041 ], [ -117.116151287999969, 33.050064228000053 ], [ -117.116251278999982, 33.049927191000052 ], [ -117.116284933999964, 33.049843272000032 ], [ -117.116187225999965, 33.049705878000054 ], [ -117.116155791999972, 33.049596375000078 ], [ -117.116090447999966, 33.049514522000038 ], [ -117.115928203999943, 33.04940332700005 ], [ -117.115831574999959, 33.049209726000072 ], [ -117.115669181999976, 33.049100776000046 ], [ -117.115702836999958, 33.049016856000037 ], [ -117.115963273999967, 33.049017934000062 ], [ -117.116158770999959, 33.048991182000066 ], [ -117.116322558999968, 33.049019188000045 ], [ -117.116518521999978, 33.04896545500003 ], [ -117.116649077999966, 33.048910876000036 ], [ -117.116845522999938, 33.048609631000033 ], [ -117.116847993999954, 33.048472479000054 ], [ -117.116783790999989, 33.048253410000029 ], [ -117.116751890999979, 33.048170889000062 ], [ -117.116719123999985, 33.04806132300007 ], [ -117.116786070999979, 33.04797897900005 ], [ -117.116883332999976, 33.047922825000057 ], [ -117.11688314099996, 33.047785547000046 ], [ -117.116819594999981, 33.047676774000024 ], [ -117.116786361999971, 33.047594190000041 ], [ -117.116689987999962, 33.047456860000068 ], [ -117.116658702999985, 33.047345114000052 ], [ -117.116594035999981, 33.047153027000036 ], [ -117.116496329999961, 33.047015635000037 ], [ -117.116432933999988, 33.046904619000031 ], [ -117.116337234999946, 33.046657056000072 ], [ -117.116238451999948, 33.046575869000037 ], [ -117.11613960699998, 33.046575692000033 ], [ -117.116175056999964, 33.046464853000032 ], [ -117.116304741999954, 33.046383229000071 ], [ -117.116371223999977, 33.046327869000038 ], [ -117.116501836999987, 33.04619228100006 ], [ -117.11656745199997, 33.04610987500007 ], [ -117.116633994999972, 33.045973505000063 ], [ -117.116732585999955, 33.045917412000051 ], [ -117.116862671999968, 33.045889815000066 ], [ -117.116993012999956, 33.045918486000062 ], [ -117.117155464999939, 33.045946428000036 ], [ -117.117219324999951, 33.046030461000043 ], [ -117.117318108999939, 33.046111647000032 ], [ -117.117448704999958, 33.046196588000043 ], [ -117.117483086999982, 33.044339455000056 ], [ -117.117496779999954, 33.043633505000059 ], [ -117.114307317999987, 33.043484785000032 ], [ -117.114030551999974, 33.044329048000066 ], [ -117.11056479299998, 33.054896591000045 ], [ -117.109303023999985, 33.05874331800004 ], [ -117.109478098999944, 33.058742615000028 ], [ -117.109431856999947, 33.058994706000078 ], [ -117.109038687999941, 33.06115886200007 ], [ -117.109202493999987, 33.061186879000047 ] ], [ [ -119.235522351999975, 34.197102070000028 ], [ -119.235132098999941, 34.195888617000037 ], [ -119.234965539999962, 34.195300820000057 ], [ -119.234818433999976, 34.194484205000037 ], [ -119.234639799999968, 34.193366881000031 ], [ -119.234631426999954, 34.193253738000067 ], [ -119.234438788999967, 34.192020686000035 ], [ -119.233935500999962, 34.190513745000032 ], [ -119.233763833999944, 34.19051249100005 ], [ -119.233759902999964, 34.190502242000036 ], [ -119.226504507999948, 34.190459217000068 ], [ -119.223014120999949, 34.190433440000049 ], [ -119.22196071999997, 34.190486634000024 ], [ -119.221698305999951, 34.190499286000033 ], [ -119.221506328999965, 34.190499313000032 ], [ -119.221455079999942, 34.190516603000049 ], [ -119.221445178999943, 34.19052531400007 ], [ -119.221437250999941, 34.190535318000059 ], [ -119.221431532999986, 34.190546316000052 ], [ -119.2214282, 34.190557971000032 ], [ -119.221427324, 34.190567317000045 ], [ -119.221426134999945, 34.190677153000024 ], [ -119.22142342799998, 34.190773582000077 ], [ -119.221423508999976, 34.190868580000028 ], [ -119.221404443999973, 34.192258047000053 ], [ -119.221385798999961, 34.194579608000026 ], [ -119.22138023399998, 34.195080396000037 ], [ -119.221358942999984, 34.196996664000039 ], [ -119.228712339999959, 34.197047394000037 ], [ -119.235522351999975, 34.197102070000028 ] ], [ [ -118.361325070999953, 34.138508029000036 ], [ -118.36104413399994, 34.138396052000076 ], [ -118.357706233999977, 34.139348314000074 ], [ -118.352204237999956, 34.134935240000061 ], [ -118.347746073999986, 34.131347522000056 ], [ -118.347420841999963, 34.131956718000026 ], [ -118.347614381999961, 34.132389692000061 ], [ -118.347464399999978, 34.132877179000047 ], [ -118.346970440999939, 34.133020563000059 ], [ -118.346535566999989, 34.133148172000062 ], [ -118.346732963999955, 34.133387624000079 ], [ -118.346722861999979, 34.133497587000079 ], [ -118.346611420999977, 34.133603701000027 ], [ -118.346434213999942, 34.133662277000042 ], [ -118.345735237999975, 34.13379111200004 ], [ -118.345590460999972, 34.134503992000077 ], [ -118.344850460999965, 34.134590727000045 ], [ -118.344753675999982, 34.134762704000025 ], [ -118.344657566999956, 34.134934706000024 ], [ -118.344535115999975, 34.135080935000076 ], [ -118.344351620999987, 34.135204577000025 ], [ -118.343346471999951, 34.135877999000058 ], [ -118.343415366999977, 34.136743123000031 ], [ -118.342880205999961, 34.138128012000038 ], [ -118.342334277999953, 34.138366233000056 ], [ -118.344101250999984, 34.142432908000046 ], [ -118.345258162, 34.142301220000036 ], [ -118.346611831999951, 34.142100428000049 ], [ -118.350195897999981, 34.142637377000028 ], [ -118.351712731999953, 34.142634139000052 ], [ -118.352958785999988, 34.143037229000072 ], [ -118.354826421999974, 34.143094552000036 ], [ -118.35747706099994, 34.14315900400004 ], [ -118.358250108999982, 34.14315001500006 ], [ -118.359463915999982, 34.142919008000035 ], [ -118.360235135999972, 34.142770313000028 ], [ -118.359967560999962, 34.14227825200004 ], [ -118.359913761999962, 34.14219739400005 ], [ -118.359885944999974, 34.14212427700005 ], [ -118.359855923999987, 34.141992524000045 ], [ -118.359833586999969, 34.14180701500004 ], [ -118.359823590999952, 34.141680525000027 ], [ -118.359807511999975, 34.141553804000068 ], [ -118.35981742499996, 34.141360508000048 ], [ -118.359853996999959, 34.141150206000077 ], [ -118.359921831999941, 34.14095009600004 ], [ -118.360036724999986, 34.140706729000044 ], [ -118.360522561999971, 34.139846852000062 ], [ -118.361325070999953, 34.138508029000036 ] ], [ [ -117.169442434999951, 33.08036306200006 ], [ -117.156540504999953, 33.080393448000052 ], [ -117.15649872399996, 33.087424787000032 ], [ -117.152218652999977, 33.087454884000067 ], [ -117.152224804999946, 33.094729713000049 ], [ -117.164411730999973, 33.094822462000025 ], [ -117.164584039999966, 33.091144240000062 ], [ -117.177494616999979, 33.091309180000053 ], [ -117.177560237999955, 33.087628847000076 ], [ -117.175284166999973, 33.08760725500008 ], [ -117.175426042999959, 33.085877424000046 ], [ -117.174299599999983, 33.085867723000035 ], [ -117.17446307299997, 33.084038649000036 ], [ -117.169157084999938, 33.083994090000033 ], [ -117.169442434999951, 33.08036306200006 ] ], [ [ -117.119187905, 33.081557099000065 ], [ -117.119508328999984, 33.080321089000051 ], [ -117.122236989999976, 33.080285937000042 ], [ -117.122024085999954, 33.06681444000003 ], [ -117.122443455999985, 33.066316701000062 ], [ -117.122999250999953, 33.065656638000064 ], [ -117.122730022999974, 33.065666410000063 ], [ -117.122718035, 33.065665843000033 ], [ -117.122052436999979, 33.065688369000043 ], [ -117.122051135999982, 33.065647802000058 ], [ -117.122007989999986, 33.063109649000069 ], [ -117.123478237999961, 33.063102670000035 ], [ -117.123829942999976, 33.061976135000066 ], [ -117.123471377999977, 33.061923175000061 ], [ -117.123336430999984, 33.061883039000065 ], [ -117.123112406999951, 33.06181618800008 ], [ -117.122687559999974, 33.061735338000062 ], [ -117.122458180999956, 33.06170873800005 ], [ -117.122231256999953, 33.061765514000058 ], [ -117.122035988, 33.061848542000064 ], [ -117.122040159999983, 33.060784338000076 ], [ -117.122051361, 33.058172245000037 ], [ -117.121785623999983, 33.057268549000071 ], [ -117.12168657899997, 33.056910564000077 ], [ -117.121616103999941, 33.055923841000038 ], [ -117.121518977, 33.055577197000048 ], [ -117.121416386999954, 33.055212295000047 ], [ -117.121265699, 33.054647087000035 ], [ -117.121218616999954, 33.054471586000034 ], [ -117.121117699999957, 33.053841224000053 ], [ -117.121243684999968, 33.053154085000074 ], [ -117.121403424, 33.05244153700005 ], [ -117.121401763, 33.05186537700007 ], [ -117.121627666999984, 33.051122202000045 ], [ -117.123072262, 33.051116253000032 ], [ -117.123396932, 33.051115851000077 ], [ -117.129152176, 33.051088524000079 ], [ -117.132233252999981, 33.051074236000034 ], [ -117.131970554999953, 33.043779742000027 ], [ -117.131725590999963, 33.043777180000063 ], [ -117.131517871999961, 33.044359213000064 ], [ -117.131289551999942, 33.044357436000041 ], [ -117.131124911999962, 33.044522939000046 ], [ -117.130994367999961, 33.04457753500003 ], [ -117.130863776999945, 33.044713140000056 ], [ -117.130764528999975, 33.044769214000041 ], [ -117.130699077999964, 33.044849386000067 ], [ -117.130600897999955, 33.044849251000073 ], [ -117.130537072999971, 33.044684213000039 ], [ -117.13034072399995, 33.044794211000067 ], [ -117.130371533999948, 33.045234480000033 ], [ -117.130272433999949, 33.045288310000046 ], [ -117.129946145999952, 33.045423675000052 ], [ -117.129814680999971, 33.045532233000074 ], [ -117.12958555199998, 33.045642931000032 ], [ -117.129454751999958, 33.045751521000057 ], [ -117.129354991999946, 33.045915585000046 ], [ -117.129290719999972, 33.045998062000024 ], [ -117.129159706999985, 33.045969372000059 ], [ -117.129132692999974, 33.045983848000049 ], [ -117.129061122999985, 33.046025474000032 ], [ -117.129027835999977, 33.046134169000027 ], [ -117.128961565999987, 33.046216552000033 ], [ -117.128864461999967, 33.046270474000039 ], [ -117.128732843999956, 33.046381274000055 ], [ -117.128601836999962, 33.046462850000069 ], [ -117.128504731999953, 33.046516771000029 ], [ -117.128144530999975, 33.046569518000069 ], [ -117.127818951999984, 33.046623898000064 ], [ -117.127719183999943, 33.046677693000049 ], [ -117.127588895999963, 33.046788556000024 ], [ -117.127294915999983, 33.046950193000043 ], [ -117.127065779999953, 33.047060886000054 ], [ -117.126967341999944, 33.047114743000066 ], [ -117.126837254999941, 33.047142352000037 ], [ -117.126541328999963, 33.047333149000053 ], [ -117.126477515999966, 33.04738864400008 ], [ -117.126313211999957, 33.047468642000069 ], [ -117.126149626999961, 33.047577929000056 ], [ -117.125985836999973, 33.047549937000042 ], [ -117.125461584999982, 33.047959475000027 ], [ -117.125558696999974, 33.04812608800006 ], [ -117.124773334999986, 33.04864480100008 ], [ -117.124610615999984, 33.048560598000051 ], [ -117.124512636999953, 33.048587472000065 ], [ -117.12434843799997, 33.048725982000065 ], [ -117.124119443999973, 33.048834424000063 ], [ -117.123890653999979, 33.048859614000037 ], [ -117.123792673999958, 33.048886486000072 ], [ -117.123695156999986, 33.048886377000031 ], [ -117.123758970999972, 33.049051418000033 ], [ -117.123039724999956, 33.049159184000075 ], [ -117.123010224999973, 33.049020519000067 ], [ -117.12284669099995, 33.049048793000054 ], [ -117.122748248, 33.049102646000051 ], [ -117.122615899999971, 33.049184151000077 ], [ -117.122486677999973, 33.049238800000069 ], [ -117.122354328999961, 33.049320305000037 ], [ -117.122223773999963, 33.049374890000024 ], [ -117.121961531999943, 33.04962127500005 ], [ -117.12205817399996, 33.04981487200007 ], [ -117.121961062999958, 33.049868788000026 ], [ -117.121829580999986, 33.049977338000076 ], [ -117.121697486999949, 33.050115111000025 ], [ -117.121532551999962, 33.050444858000048 ], [ -117.12153141899995, 33.050582075000079 ], [ -117.121465748, 33.050745493000079 ], [ -117.121366226999953, 33.05085555200003 ], [ -117.121367501999941, 33.05093662400003 ], [ -117.121236537999948, 33.050937181000052 ], [ -117.121067005999976, 33.051896800000065 ], [ -117.121196280999982, 33.051981675000036 ], [ -117.120962459999987, 33.05302376700007 ], [ -117.120768030999955, 33.052994317000071 ], [ -117.12066602699997, 33.053462059000026 ], [ -117.120828031999963, 33.053516978000061 ], [ -117.120827081999948, 33.054012004000072 ], [ -117.120923526999945, 33.054068323000024 ], [ -117.120921256999964, 33.05434275500005 ], [ -117.120792027, 33.054397401000074 ], [ -117.120887682999978, 33.054725972000028 ], [ -117.117460731, 33.054766352000058 ], [ -117.117492633999973, 33.054848873000026 ], [ -117.117752877999976, 33.05493320000005 ], [ -117.117851521999967, 33.055016630000068 ], [ -117.117786767999974, 33.055126081000026 ], [ -117.117753260999962, 33.055207757000062 ], [ -117.117816198999947, 33.055345755000076 ], [ -117.117882877999989, 33.055427670000029 ], [ -117.117979726999977, 33.055538019000039 ], [ -117.118109152999978, 33.055620655000041 ], [ -117.118206465999947, 33.055704021000054 ], [ -117.118336821999947, 33.055732693000039 ], [ -117.118303315, 33.055814369000075 ], [ -117.118206657999963, 33.055841300000054 ], [ -117.118075687999976, 33.055841853000061 ], [ -117.117846478, 33.055813003000026 ], [ -117.117748952999989, 33.055812887000059 ], [ -117.117650710999953, 33.055783485000063 ], [ -117.11739025299994, 33.055782409000074 ], [ -117.117194741999981, 33.055809160000024 ], [ -117.117031192999946, 33.055837423000071 ], [ -117.116900161, 33.055918983000026 ], [ -117.11680217199995, 33.055945850000057 ], [ -117.116801431999988, 33.056137092000029 ], [ -117.116866164999976, 33.05624817000006 ], [ -117.11686462199998, 33.056331359000069 ], [ -117.116930433999983, 33.056386231000033 ], [ -117.117091358999971, 33.056497363000062 ], [ -117.11715804, 33.056579279000061 ], [ -117.117222520999974, 33.056634090000045 ], [ -117.11728678999998, 33.056772151000075 ], [ -117.117383364999966, 33.057046759000059 ], [ -117.117545625, 33.057157954000047 ], [ -117.117642474999968, 33.057268302000068 ], [ -117.117771689999984, 33.057434190000038 ], [ -117.117966468999953, 33.057598680000069 ], [ -117.118096151999964, 33.05773758600003 ], [ -117.118193001999941, 33.057847934000051 ], [ -117.11825681, 33.058012978000079 ], [ -117.118258078999986, 33.058094048000044 ], [ -117.118279127999983, 33.058439343000032 ], [ -117.118213504999972, 33.058521749000079 ], [ -117.118015513999978, 33.058685653000055 ], [ -117.117819932999964, 33.058793413000046 ], [ -117.117720184999939, 33.058986719000075 ], [ -117.117656041999965, 33.059066945000041 ], [ -117.117490668999949, 33.059342658000048 ], [ -117.11739106999994, 33.059533720000047 ], [ -117.117324769, 33.059726359000024 ], [ -117.117322695999974, 33.059917538000036 ], [ -117.117256604999966, 33.060026925000045 ], [ -117.117287831999988, 33.060219680000046 ], [ -117.11732060099996, 33.060329246000038 ], [ -117.117351827999983, 33.060522001000038 ], [ -117.117385061999983, 33.060604586000068 ], [ -117.117384384, 33.060714819000054 ], [ -117.117545509999957, 33.060963229000038 ], [ -117.117773126999964, 33.061156278000055 ], [ -117.117967974999942, 33.061239760000035 ], [ -117.118033791999949, 33.061294634000035 ], [ -117.11806461599997, 33.061433362000059 ], [ -117.118096922999939, 33.06156990900007 ], [ -117.117965417999983, 33.061678451000034 ], [ -117.117769679999981, 33.061788453000077 ], [ -117.11760379499998, 33.061951626000052 ], [ -117.11757186899996, 33.062089634000074 ], [ -117.117571190999968, 33.06219986800005 ], [ -117.117668044999959, 33.062310216000071 ], [ -117.117699736999953, 33.062475989000063 ], [ -117.117795873999967, 33.062557050000066 ], [ -117.11795994, 33.062641327000051 ], [ -117.118645386999958, 33.062561251000034 ], [ -117.11874205099997, 33.062534322000033 ], [ -117.118938699999944, 33.062590885000077 ], [ -117.119035302999976, 33.062644964000071 ], [ -117.119101120999971, 33.062699835000046 ], [ -117.119165396999961, 33.062837896000076 ], [ -117.119511419999981, 33.062838518000035 ], [ -117.119481695, 33.06300363500003 ], [ -117.119219925999971, 33.063142019000054 ], [ -117.118383082999969, 33.064169065000044 ], [ -117.118387710999968, 33.064500081000062 ], [ -117.118622933999973, 33.065019785000061 ], [ -117.119319831999974, 33.065669352000043 ], [ -117.119327257999942, 33.066218781000032 ], [ -117.118433752999977, 33.067933991000075 ], [ -117.117353844999968, 33.070418977000031 ], [ -117.11688524799996, 33.072073276000026 ], [ -117.11719695499994, 33.073388715000078 ], [ -117.11707553399998, 33.074186328000053 ], [ -117.117427890999977, 33.076133780000077 ], [ -117.116889519999972, 33.077431474000036 ], [ -117.11559177099997, 33.07835340500003 ], [ -117.115264039999943, 33.07835813500003 ], [ -117.115058317999967, 33.078316887000028 ], [ -117.114960234999955, 33.078424756000061 ], [ -117.114893258999984, 33.078507096000067 ], [ -117.114763301999972, 33.078671963000033 ], [ -117.114694707999945, 33.078918498000064 ], [ -117.114661832999957, 33.079110468000067 ], [ -117.114595104999978, 33.079249076000053 ], [ -117.114530325999965, 33.079358523000053 ], [ -117.114431089, 33.079603607000024 ], [ -117.114398281999968, 33.079714568000043 ], [ -117.114169875999949, 33.079712748000077 ], [ -117.11407006099995, 33.07976652900004 ], [ -117.114069842999982, 33.079849780000075 ], [ -117.113938548999954, 33.080014583000036 ], [ -117.113905890999945, 33.080123300000025 ], [ -117.106118339999966, 33.073417275000054 ], [ -117.103943929999957, 33.081984489000035 ], [ -117.104383090999988, 33.082491394000044 ], [ -117.104168467999955, 33.082622976000039 ], [ -117.10403346399994, 33.082623320000039 ], [ -117.103951989999985, 33.082682462000037 ], [ -117.103841279, 33.082818977000045 ], [ -117.10374460099996, 33.082985411000038 ], [ -117.103665993, 33.083141449000038 ], [ -117.103586463999989, 33.083331201000078 ], [ -117.103497221999987, 33.083765772000049 ], [ -117.109337588999949, 33.08390557000007 ], [ -117.109548974999939, 33.087498074000052 ], [ -117.11415741899998, 33.087556736000067 ], [ -117.114228683999954, 33.087490353000078 ], [ -117.114725871999951, 33.083900336000056 ], [ -117.117925883999987, 33.084004206000031 ], [ -117.11860560599996, 33.083152012000028 ], [ -117.118961797999987, 33.082381263000059 ], [ -117.119187905, 33.081557099000065 ] ], [ [ -117.173117145999981, 33.559825125000032 ], [ -117.176236677999952, 33.557436219000067 ], [ -117.173343640999974, 33.554698139000038 ], [ -117.174636462999956, 33.553739754000048 ], [ -117.178183308999962, 33.550997389000031 ], [ -117.181114214, 33.54878846500003 ], [ -117.184023820999982, 33.551421375000075 ], [ -117.181048053999973, 33.553817287000072 ], [ -117.184006763999946, 33.556551543000069 ], [ -117.187052609999967, 33.554233125000053 ], [ -117.190687122999975, 33.557523424000067 ], [ -117.192542162999985, 33.556055710000066 ], [ -117.193107205, 33.55474554500006 ], [ -117.193318719, 33.554087120000077 ], [ -117.1929879, 33.553700226000046 ], [ -117.192886033999969, 33.553576159000045 ], [ -117.192814312999985, 33.553543526000055 ], [ -117.192652200999987, 33.55346613200004 ], [ -117.19209746599995, 33.553331998000033 ], [ -117.189292621999982, 33.552675577000059 ], [ -117.18862033399995, 33.552511136000078 ], [ -117.187992471999962, 33.55235553600005 ], [ -117.187679547999949, 33.552232774000061 ], [ -117.18728469499996, 33.552009382000051 ], [ -117.187174783999978, 33.551905185000066 ], [ -117.187082119999957, 33.551824304000036 ], [ -117.185933224999985, 33.550723719000075 ], [ -117.184038723999947, 33.548951110000075 ], [ -117.18387817699994, 33.549060564000058 ], [ -117.183352744, 33.549420617000067 ], [ -117.182617308999966, 33.548926857000026 ], [ -117.182043872999941, 33.548542001000044 ], [ -117.180675458999985, 33.547620058000064 ], [ -117.180565609999974, 33.547545114000059 ], [ -117.180342276999966, 33.547059741000055 ], [ -117.180121813999961, 33.546531745000038 ], [ -117.179726476999974, 33.545916737000027 ], [ -117.179369131999977, 33.545506057000068 ], [ -117.17902737199995, 33.545143370000062 ], [ -117.17880166599997, 33.544903179000073 ], [ -117.178340756999944, 33.544474108000031 ], [ -117.178051535999941, 33.544199414000047 ], [ -117.177937929999985, 33.544090533000031 ], [ -117.177128443999948, 33.542981138000073 ], [ -117.176131476999956, 33.541613095000059 ], [ -117.175630217999981, 33.54092556300003 ], [ -117.175579833999961, 33.540855673000067 ], [ -117.175426972999958, 33.540641420000043 ], [ -117.17451828999998, 33.539369800000031 ], [ -117.174455721999948, 33.539281330000051 ], [ -117.173727965999944, 33.539823076000062 ], [ -117.17354985299994, 33.539564871000039 ], [ -117.173186202999943, 33.539039107000065 ], [ -117.172643108999978, 33.538255074000062 ], [ -117.174310736999985, 33.537093837000043 ], [ -117.176182198999982, 33.53577791500004 ], [ -117.176275271999941, 33.535712545000024 ], [ -117.177443779999976, 33.536836631000028 ], [ -117.17750377599998, 33.536893472000031 ], [ -117.179349385999956, 33.535481761000028 ], [ -117.179660813999988, 33.535615721000056 ], [ -117.180011094999941, 33.535821277000025 ], [ -117.180338571999982, 33.536066264000056 ], [ -117.180608092999989, 33.536304016000031 ], [ -117.180953195999962, 33.53664660000004 ], [ -117.181225678999965, 33.536990261000028 ], [ -117.18154388, 33.537383335000072 ], [ -117.18184565699994, 33.537840897000024 ], [ -117.181890206, 33.537867751000078 ], [ -117.182013587999961, 33.537941082000032 ], [ -117.182303781999963, 33.538121295000053 ], [ -117.182681736999939, 33.538355153000055 ], [ -117.18368060399996, 33.538996350000048 ], [ -117.185005269999976, 33.53980817200005 ], [ -117.185647631999984, 33.540216513000075 ], [ -117.185677901999952, 33.540235942000038 ], [ -117.185729365999975, 33.540269874000046 ], [ -117.187234423999939, 33.541207196000073 ], [ -117.187951027999986, 33.541670783000029 ], [ -117.188041990999977, 33.541726827000048 ], [ -117.188188524999987, 33.541805742000065 ], [ -117.188702581999962, 33.542084252000052 ], [ -117.189381224999977, 33.542483032000064 ], [ -117.189586313999939, 33.542670474000033 ], [ -117.190807115999974, 33.543790159000025 ], [ -117.191257758999939, 33.544202950000056 ], [ -117.191734359999941, 33.544639466000035 ], [ -117.191980581999985, 33.544864848000032 ], [ -117.192199510999956, 33.545066440000028 ], [ -117.192321023999966, 33.545177930000079 ], [ -117.194357180999987, 33.543599421000067 ], [ -117.195852678, 33.542468038000038 ], [ -117.198290598999961, 33.540606793000052 ], [ -117.20091382399994, 33.538565163000044 ], [ -117.205298757999969, 33.535213171000066 ], [ -117.205218515999945, 33.535137389000056 ], [ -117.202872168999988, 33.532947772000057 ], [ -117.199553755999943, 33.52984826200003 ], [ -117.199510775999954, 33.529807984000058 ], [ -117.196439366999982, 33.532166090000032 ], [ -117.196337372999949, 33.532244560000038 ], [ -117.193832049999969, 33.529946041000073 ], [ -117.190456645999973, 33.526861633000067 ], [ -117.190565934999938, 33.526774510000052 ], [ -117.191784104999954, 33.525807892000046 ], [ -117.19200684599997, 33.525631587000078 ], [ -117.193724776999943, 33.52716845100008 ], [ -117.194880554999941, 33.528204011000071 ], [ -117.195083399999987, 33.528384585000026 ], [ -117.19678412899998, 33.526992773000075 ], [ -117.198829777999947, 33.525304335000044 ], [ -117.199851793999983, 33.524456687000054 ], [ -117.201050061999979, 33.523464279000052 ], [ -117.201582674999941, 33.523023457000079 ], [ -117.200977343999966, 33.522574185000053 ], [ -117.197451953999973, 33.519883504000063 ], [ -117.192735439999979, 33.516259035000076 ], [ -117.189070000999948, 33.513431030000049 ], [ -117.18701422099997, 33.515042319000031 ], [ -117.181830828999978, 33.519089677000068 ], [ -117.178542600999947, 33.521655397000075 ], [ -117.177444478999973, 33.522503766000057 ], [ -117.174640772999965, 33.524682646000031 ], [ -117.172456776999979, 33.526384375000077 ], [ -117.171540387999983, 33.527065733000029 ], [ -117.171310955999957, 33.527270937000026 ], [ -117.171472565999977, 33.52733482900004 ], [ -117.171867787999986, 33.527330988000074 ], [ -117.172307917999944, 33.527358523000032 ], [ -117.172659375999956, 33.527525895000053 ], [ -117.172890742, 33.527701100000058 ], [ -117.173138731999984, 33.527998609000065 ], [ -117.17412316399998, 33.52914103300003 ], [ -117.174396049999984, 33.529477974000031 ], [ -117.174943807999966, 33.530102438000029 ], [ -117.175808171999961, 33.531113160000075 ], [ -117.176153156999987, 33.530827885000065 ], [ -117.177366456999948, 33.529876948000037 ], [ -117.178372090999972, 33.529066980000039 ], [ -117.179598533999979, 33.528089634000025 ], [ -117.181910228, 33.53022401000004 ], [ -117.183877214999939, 33.532031547000031 ], [ -117.182992057999968, 33.532748222000066 ], [ -117.182344782999962, 33.533273565000059 ], [ -117.180740484999944, 33.534534676000078 ], [ -117.180586509999955, 33.534396892000075 ], [ -117.179049000999953, 33.533025887000065 ], [ -117.178043639999942, 33.533811117000027 ], [ -117.17663423, 33.534910333000028 ], [ -117.175628736999954, 33.533989721000069 ], [ -117.175532901999986, 33.534066213000074 ], [ -117.17490793099995, 33.534558809000032 ], [ -117.174784596999984, 33.534444968000059 ], [ -117.173224050999977, 33.532998546000044 ], [ -117.171725656999968, 33.534201520000067 ], [ -117.170585463999942, 33.535142345000054 ], [ -117.171492194999985, 33.536481407000053 ], [ -117.168019150999953, 33.539202335000027 ], [ -117.164499096999975, 33.541979438000055 ], [ -117.164752535, 33.542196209000053 ], [ -117.168157152999981, 33.545109409000077 ], [ -117.170466842999986, 33.547095393000063 ], [ -117.168830521999951, 33.548316552000074 ], [ -117.16672269299994, 33.549893461000067 ], [ -117.164140777999989, 33.551823723000041 ], [ -117.164195868999968, 33.551873587000046 ], [ -117.166039804999969, 33.553513569000074 ], [ -117.169167886999958, 33.556319177000034 ], [ -117.173117145999981, 33.559825125000032 ] ], [ [ -117.161556060999942, 33.464660822000042 ], [ -117.161556534999988, 33.464633840000033 ], [ -117.161569093999958, 33.461623411000062 ], [ -117.161570026999982, 33.461429923000026 ], [ -117.161570047999987, 33.46140967000008 ], [ -117.163681915999973, 33.461414944000069 ], [ -117.166048940999985, 33.46141872700008 ], [ -117.166127457999949, 33.464514481000037 ], [ -117.166344920999961, 33.464434735000054 ], [ -117.168654142999969, 33.463591843000074 ], [ -117.171869926999989, 33.462451867000027 ], [ -117.177068976999976, 33.46060189700006 ], [ -117.184721275999948, 33.45784549900003 ], [ -117.193592213999978, 33.45467327700004 ], [ -117.202385191999952, 33.451503464000041 ], [ -117.205672464999964, 33.450325390000046 ], [ -117.205645677999939, 33.446421838000049 ], [ -117.197181606999948, 33.446456746000024 ], [ -117.197207576999972, 33.443386106000048 ], [ -117.205624970999963, 33.44334223900006 ], [ -117.205735273999949, 33.432140125000046 ], [ -117.202678723999952, 33.432093565000059 ], [ -117.190747056999953, 33.431909154000039 ], [ -117.190531900999986, 33.431905793000055 ], [ -117.17800675999996, 33.43227960400003 ], [ -117.165866052999945, 33.432433982000077 ], [ -117.16572542199998, 33.43980414300006 ], [ -117.152685807999944, 33.439700919000074 ], [ -117.152393416999985, 33.447223591000068 ], [ -117.135190226999953, 33.44739839600004 ], [ -117.13503037299995, 33.459898244000044 ], [ -117.13503034699994, 33.459918496000057 ], [ -117.135214029999986, 33.460100494000073 ], [ -117.135501860999966, 33.462078713000039 ], [ -117.135607086, 33.462806070000056 ], [ -117.1356348, 33.463279958000044 ], [ -117.135622465999973, 33.463621427000078 ], [ -117.135589359999983, 33.464101430000028 ], [ -117.135583699999984, 33.464512975000048 ], [ -117.135544909999965, 33.464729417000058 ], [ -117.135512227, 33.465054166000073 ], [ -117.135474001999967, 33.465351647000034 ], [ -117.13544180699995, 33.465698923000048 ], [ -117.135435491999942, 33.466040677000024 ], [ -117.135423635999985, 33.46635516200007 ], [ -117.135417507999989, 33.466723929000068 ], [ -117.135470497999961, 33.467082 ], [ -117.135597317999952, 33.46841347700007 ], [ -117.135604724999951, 33.468492591000029 ], [ -117.134385641, 33.469298839000032 ], [ -117.134200207999982, 33.469420554000067 ], [ -117.13635893299994, 33.471406595000076 ], [ -117.138346202999969, 33.473179684000058 ], [ -117.13848894399996, 33.473073941000052 ], [ -117.142262736999953, 33.470271247000028 ], [ -117.144143787999951, 33.468895454000062 ], [ -117.144057402999977, 33.464784446000067 ], [ -117.151026769999987, 33.464741074000074 ], [ -117.156051460999947, 33.464690835000056 ], [ -117.160542122999971, 33.464666906000048 ], [ -117.161556060999942, 33.464660822000042 ] ], [ [ -117.222356195999964, 33.62708331500005 ], [ -117.205008288999977, 33.627130771000054 ], [ -117.205046567999943, 33.625019389000045 ], [ -117.205200005, 33.604860238000072 ], [ -117.20521729799998, 33.603310485000065 ], [ -117.208745544999942, 33.600685694000049 ], [ -117.202902613, 33.595878686000049 ], [ -117.199567616999957, 33.598379623000028 ], [ -117.198707848999959, 33.597718049000036 ], [ -117.188173608999989, 33.597784551000075 ], [ -117.18806641599997, 33.589657687000056 ], [ -117.186262905999968, 33.588319180000042 ], [ -117.185239943999989, 33.587548559000027 ], [ -117.176793135999958, 33.581098596000061 ], [ -117.170659529999966, 33.576382271000057 ], [ -117.170649484999956, 33.581512720000035 ], [ -117.170661115999962, 33.585235441000066 ], [ -117.170660219999945, 33.589830728000038 ], [ -117.17068289599996, 33.594753436000076 ], [ -117.170686366999973, 33.597908669000049 ], [ -117.168474230999948, 33.597864819000051 ], [ -117.166164983999977, 33.597775827000078 ], [ -117.16618281999996, 33.596088871000063 ], [ -117.164516204999984, 33.596070763000057 ], [ -117.161824649999971, 33.595999602000063 ], [ -117.161816128999988, 33.590636515000028 ], [ -117.166215164999983, 33.590693945000055 ], [ -117.166282669999987, 33.584130475000052 ], [ -117.166365209999981, 33.579851871000074 ], [ -117.163311811999961, 33.576995671000077 ], [ -117.16557686699997, 33.57526202300005 ], [ -117.167356738999956, 33.573894701000029 ], [ -117.163865646999966, 33.571292376000031 ], [ -117.160294175, 33.568609644000048 ], [ -117.156722491999972, 33.568647525000074 ], [ -117.15325166699995, 33.568694583000024 ], [ -117.153288855999961, 33.572456728000077 ], [ -117.153353297999956, 33.576600480000025 ], [ -117.153370855, 33.579907118000051 ], [ -117.153415462999988, 33.582317138000064 ], [ -117.153391157999977, 33.583321905000048 ], [ -117.153283884999951, 33.586237811000046 ], [ -117.153129709999973, 33.590839276000054 ], [ -117.152998092999951, 33.594501151000031 ], [ -117.152912314, 33.597316807000027 ], [ -117.152913079999962, 33.597692656000049 ], [ -117.153068257999962, 33.602340296000079 ], [ -117.153205470999978, 33.607540678000078 ], [ -117.15334893, 33.612172011000041 ], [ -117.163683744999958, 33.612213950000069 ], [ -117.17843318499996, 33.612270049000074 ], [ -117.187781323999957, 33.612299350000058 ], [ -117.187711742999966, 33.618333980000045 ], [ -117.187616353999942, 33.625020016000065 ], [ -117.187633696999967, 33.627097983000056 ], [ -117.190102331999981, 33.627099612000052 ], [ -117.198134350999965, 33.627124676000051 ], [ -117.205008288999977, 33.627130771000054 ], [ -117.205053220999957, 33.629995466000025 ], [ -117.205159808999952, 33.636105975000078 ], [ -117.205292592999967, 33.641535826000052 ], [ -117.20964134999997, 33.641521967000074 ], [ -117.209626475, 33.647050663000073 ], [ -117.209568237999974, 33.652503056000057 ], [ -117.216052635999972, 33.652440826000031 ], [ -117.222599276999972, 33.652403675000073 ], [ -117.222356195999964, 33.62708331500005 ] ], [ [ -117.345392563999951, 33.771727927000029 ], [ -117.345563582999944, 33.755778534000058 ], [ -117.362900488999969, 33.75641427000005 ], [ -117.362929231999942, 33.760336300000063 ], [ -117.367512042999977, 33.76031437000006 ], [ -117.367693762999977, 33.756507747000057 ], [ -117.375011207999989, 33.756547655000077 ], [ -117.380362608999974, 33.756605380000053 ], [ -117.380229281999959, 33.764301260000025 ], [ -117.397768410999959, 33.764311173000067 ], [ -117.397612101, 33.771555963000026 ], [ -117.449782718, 33.771372894000024 ], [ -117.449817871999983, 33.767881203000059 ], [ -117.449854505999951, 33.764272533000053 ], [ -117.449824131999947, 33.764273415000048 ], [ -117.440964803999975, 33.764359623000075 ], [ -117.441109168999958, 33.750019474000055 ], [ -117.441096712999979, 33.749348171000065 ], [ -117.415169167999977, 33.749281615000029 ], [ -117.415219885999988, 33.742027423000025 ], [ -117.402347149999969, 33.741924260000076 ], [ -117.399641552999981, 33.741967725000052 ], [ -117.390384272999938, 33.742030020000072 ], [ -117.387075176999986, 33.742043445000036 ], [ -117.385623542999951, 33.742098768000062 ], [ -117.37501085699995, 33.742136316000028 ], [ -117.363203987999952, 33.741960696000035 ], [ -117.345802048999985, 33.741364941000029 ], [ -117.326591196999971, 33.741907682000033 ], [ -117.326811632999977, 33.75002015900003 ], [ -117.326789769999948, 33.754887291000045 ], [ -117.327061970999978, 33.771712147000073 ], [ -117.345392563999951, 33.771727927000029 ] ], [ [ -118.124108661999969, 34.109092787000066 ], [ -118.126069338999969, 34.111137537000047 ], [ -118.126176146999967, 34.111080315000038 ], [ -118.126649154999939, 34.11080564100007 ], [ -118.126743764999958, 34.110750843000062 ], [ -118.127077054999972, 34.111087223000027 ], [ -118.127096277999954, 34.111106001000053 ], [ -118.127550275999965, 34.110813319000044 ], [ -118.130365585, 34.108997771000077 ], [ -118.130602412999963, 34.108845060000078 ], [ -118.132789508999963, 34.107490854000048 ], [ -118.134313235999969, 34.10655160500005 ], [ -118.134444390999988, 34.106471248000048 ], [ -118.13446689999995, 34.106456379000065 ], [ -118.133867677999945, 34.105707530000075 ], [ -118.133867517999988, 34.105698516000075 ], [ -118.133866274999946, 34.104077848000031 ], [ -118.135522539999954, 34.104038081000056 ], [ -118.136747902999957, 34.104040759000043 ], [ -118.137972978, 34.104043159000071 ], [ -118.138207325999986, 34.10409523900006 ], [ -118.13852775099997, 34.104106681000076 ], [ -118.138884834999942, 34.10410667900004 ], [ -118.13892392799994, 34.104127101000074 ], [ -118.140965641999969, 34.104124764000062 ], [ -118.140976758999955, 34.098745815000029 ], [ -118.140976856999941, 34.09873230900007 ], [ -118.143752716, 34.098716243000069 ], [ -118.147888503, 34.098690916000066 ], [ -118.154390617999979, 34.098664463000034 ], [ -118.154392575999964, 34.098642023000025 ], [ -118.154405292999968, 34.098514175000048 ], [ -118.154407118999984, 34.098446695000064 ], [ -118.15441244799996, 34.09837710100004 ], [ -118.154417648, 34.09830975400007 ], [ -118.154424326999958, 34.098240215000033 ], [ -118.154432227999962, 34.098172974000079 ], [ -118.154452409999976, 34.098103968000032 ], [ -118.154455618999975, 34.098047801000064 ], [ -118.154458960999989, 34.09803667500006 ], [ -118.154478209999979, 34.097972135000077 ], [ -118.154486239999983, 34.097902648000058 ], [ -118.154504396, 34.097833562000062 ], [ -118.15452309899996, 34.097766749000073 ], [ -118.154544501999965, 34.097700042000042 ], [ -118.154565776999959, 34.097635583000056 ], [ -118.154595700999948, 34.097573717000046 ], [ -118.154615880999984, 34.097504711000056 ], [ -118.154644712, 34.097438298000043 ], [ -118.154672737999988, 34.097374106000075 ], [ -118.154702788999941, 34.097309993000067 ], [ -118.154777743999944, 34.097182355000029 ], [ -118.154812135999975, 34.097125170000027 ], [ -118.154848808999986, 34.097063569000056 ], [ -118.154884679999952, 34.097004191000053 ], [ -118.154955745999985, 34.096885406000069 ], [ -118.155133305999982, 34.096667251000042 ], [ -118.155169916999967, 34.096630419000064 ], [ -118.155213537999941, 34.096589359000063 ], [ -118.155721809999989, 34.096172611000043 ], [ -118.15613047, 34.09590053900007 ], [ -118.159647334999988, 34.093438712000079 ], [ -118.159688959999983, 34.093408831000033 ], [ -118.159647267999958, 34.088351990000035 ], [ -118.159603601999947, 34.082570005000036 ], [ -118.159598266999978, 34.081263776000071 ], [ -118.15958029899997, 34.078518173000077 ], [ -118.15955863399995, 34.075184715000034 ], [ -118.15960593899996, 34.075161814000069 ], [ -118.160543338999958, 34.074725953000041 ], [ -118.160903204999954, 34.074560018000057 ], [ -118.161028280999972, 34.07450190600008 ], [ -118.161027698999987, 34.074488372000076 ], [ -118.161000613999988, 34.074239610000063 ], [ -118.160942044999956, 34.073759924000058 ], [ -118.160909514999958, 34.073452401000054 ], [ -118.16084611399998, 34.073069351000072 ], [ -118.160840286999985, 34.072886728000071 ], [ -118.160864109999977, 34.072777332000044 ], [ -118.160866775999978, 34.072766179000041 ], [ -118.160888735999947, 34.072665717000064 ], [ -118.160944234999988, 34.07249902500007 ], [ -118.16097913599998, 34.072349535000058 ], [ -118.161028954999949, 34.07222315000007 ], [ -118.161058910999941, 34.072089227000049 ], [ -118.161055468999962, 34.071935972000063 ], [ -118.161009576999959, 34.071803558000056 ], [ -118.161009763999971, 34.071776545000034 ], [ -118.160989854999968, 34.071710458000041 ], [ -118.160954643999958, 34.071628005000036 ], [ -118.160931953999977, 34.071492004000049 ], [ -118.160943116999988, 34.07139111500004 ], [ -118.160997136, 34.071226617000036 ], [ -118.161024377999979, 34.07117590200005 ], [ -118.161312726999938, 34.070626594000032 ], [ -118.161591515999987, 34.070173734000036 ], [ -118.16177126499997, 34.07003446300007 ], [ -118.16196810699995, 34.069880104000049 ], [ -118.161879961999944, 34.069788807000066 ], [ -118.161817730999985, 34.069741316000034 ], [ -118.161762749, 34.069637817000057 ], [ -118.161754662999954, 34.069554182000047 ], [ -118.161739279999949, 34.069468009000047 ], [ -118.161867571999949, 34.069187098000043 ], [ -118.161875088999977, 34.069173884000065 ], [ -118.162198924999984, 34.068583190000027 ], [ -118.162854112, 34.067305270000077 ], [ -118.163205111999957, 34.066558023000027 ], [ -118.16323974, 34.066496339000025 ], [ -118.163303758999973, 34.066381773000046 ], [ -118.163369255999953, 34.066265013000077 ], [ -118.16347892899995, 34.065990121000027 ], [ -118.16353156699995, 34.065861595000058 ], [ -118.163710515999981, 34.065427308000039 ], [ -118.163778614999956, 34.065193559000079 ], [ -118.163975813999969, 34.064640648000079 ], [ -118.164271152999959, 34.063278719000039 ], [ -118.16447848699994, 34.062345658000027 ], [ -118.167322249999984, 34.062351943000067 ], [ -118.168331852999984, 34.062355702000048 ], [ -118.168307519999985, 34.05434069100005 ], [ -118.168307831, 34.054311430000041 ], [ -118.168289276999985, 34.048381784000071 ], [ -118.168288358999973, 34.048052989000041 ], [ -118.167481459999976, 34.048007685000073 ], [ -118.167250280999951, 34.047994072000051 ], [ -118.168406642999969, 34.046878182000057 ], [ -118.169316763999973, 34.044200559000046 ], [ -118.169683174999989, 34.043451100000027 ], [ -118.167188104, 34.043273492000026 ], [ -118.157017486999962, 34.043109357000048 ], [ -118.15691058699997, 34.035054985000045 ], [ -118.155673176, 34.035072696000043 ], [ -118.154707641999948, 34.035072834000061 ], [ -118.153233351999972, 34.034888483000032 ], [ -118.151998910999964, 34.034517691000076 ], [ -118.151272921999976, 34.034230040000068 ], [ -118.1506326, 34.033851198000036 ], [ -118.149856051999961, 34.033300335000035 ], [ -118.149003314999959, 34.032485252000072 ], [ -118.14813677799998, 34.031651603000057 ], [ -118.147828166999943, 34.031348918000049 ], [ -118.147448358999952, 34.031192031000046 ], [ -118.147056901999974, 34.031108991000053 ], [ -118.146813856999984, 34.031079107000039 ], [ -118.146600912999986, 34.031054919000042 ], [ -118.146178793, 34.031094508000024 ], [ -118.14617717699997, 34.031004374000076 ], [ -118.146176982999975, 34.030984101000058 ], [ -118.143173396999941, 34.032971778000046 ], [ -118.125756693999961, 34.033276174000036 ], [ -118.115024516999938, 34.032133802000033 ], [ -118.108327671999973, 34.025955349000071 ], [ -118.103930584999944, 34.030906617000028 ], [ -118.100208234999968, 34.030992060000074 ], [ -118.097058259, 34.030226585000037 ], [ -118.09746744499995, 34.031822236000039 ], [ -118.098163086999989, 34.03221030900005 ], [ -118.097813531999975, 34.033547351000038 ], [ -118.09734846799995, 34.035327859000063 ], [ -118.096643277999988, 34.03558563200005 ], [ -118.096598288999985, 34.035601996000025 ], [ -118.096275179999964, 34.035719526000037 ], [ -118.095766415999947, 34.035584348000043 ], [ -118.095721139999966, 34.035572382000055 ], [ -118.095400549999965, 34.035561696000059 ], [ -118.095293740999978, 34.035557883000024 ], [ -118.095133528999952, 34.035561700000073 ], [ -118.094866508999985, 34.035573146000047 ], [ -118.093691618999969, 34.035615120000045 ], [ -118.092215094999972, 34.035648524000067 ], [ -118.092173418999948, 34.035649466000052 ], [ -118.092821894999986, 34.035878352000054 ], [ -118.101679326999943, 34.038098519000073 ], [ -118.101679325999953, 34.038388447000045 ], [ -118.101656433999949, 34.039418458000057 ], [ -118.101671690999979, 34.039426088000027 ], [ -118.104463955999961, 34.040303479000045 ], [ -118.104601280999987, 34.04034925600007 ], [ -118.104647054999987, 34.040353071000027 ], [ -118.104654684999957, 34.040356886000041 ], [ -118.104685200999938, 34.040356885000051 ], [ -118.104969091999976, 34.040219740000055 ], [ -118.105738025999983, 34.039853316000062 ], [ -118.10575608299996, 34.040390355000056 ], [ -118.106640802999948, 34.039950145000034 ], [ -118.107069556999988, 34.039737578000029 ], [ -118.107123530999957, 34.045706726000049 ], [ -118.107147390999955, 34.047382941000023 ], [ -118.107180199999959, 34.053601181000033 ], [ -118.10718467199996, 34.054427732000079 ], [ -118.107254957999942, 34.062518625000052 ], [ -118.106489593, 34.062537617000032 ], [ -118.10649299499994, 34.062549011000044 ], [ -118.106491698999946, 34.062735849000035 ], [ -118.106531466999968, 34.067128239000056 ], [ -118.106536960999961, 34.068547025000044 ], [ -118.106548311999973, 34.071443209000051 ], [ -118.106548445999977, 34.071477542000025 ], [ -118.106549838999968, 34.071832759000074 ], [ -118.10709058499998, 34.071816064000075 ], [ -118.107354947999966, 34.071806350000031 ], [ -118.107391998999958, 34.077079043000026 ], [ -118.10741341499994, 34.079993589000026 ], [ -118.107447209999975, 34.095008776000043 ], [ -118.107448031999979, 34.095374027000048 ], [ -118.107448193999971, 34.09544158500006 ], [ -118.108338080999943, 34.095098825000036 ], [ -118.110716542999967, 34.094191734000049 ], [ -118.110967873999982, 34.094094306000045 ], [ -118.111769859, 34.09378341300004 ], [ -118.111874984999986, 34.09442483600003 ], [ -118.111993133999988, 34.095145588000037 ], [ -118.112380228999939, 34.097516302000031 ], [ -118.112604705999956, 34.097448698000051 ], [ -118.11245667299994, 34.098021480000057 ], [ -118.112381915999947, 34.098308967000037 ], [ -118.112354904999961, 34.098413720000053 ], [ -118.112561399999947, 34.098716928000044 ], [ -118.112588771999981, 34.098758549000024 ], [ -118.112267172999964, 34.098914601000047 ], [ -118.112207303, 34.09894373700007 ], [ -118.112622033999969, 34.099543467000046 ], [ -118.112882575999947, 34.099918633000073 ], [ -118.112079220999988, 34.100273884000046 ], [ -118.112023868, 34.101645211000061 ], [ -118.115733208, 34.106896218000031 ], [ -118.115966733999983, 34.107226771000057 ], [ -118.116014293999967, 34.107293967000032 ], [ -118.120344663999958, 34.105199028000072 ], [ -118.120512943, 34.105117092000057 ], [ -118.121354559999986, 34.106048549000036 ], [ -118.124108661999969, 34.109092787000066 ] ], [ [ -117.710730867999985, 33.866646211000045 ], [ -117.709722162, 33.86463075100005 ], [ -117.711127934999979, 33.864981661000058 ], [ -117.713089296999954, 33.865523046000078 ], [ -117.71440139799995, 33.865894653000055 ], [ -117.719918491999977, 33.866593312000077 ], [ -117.721701012999972, 33.866809458000034 ], [ -117.716765892999945, 33.859276500000078 ], [ -117.730429475, 33.842634518000068 ], [ -117.731442578999975, 33.844791834000034 ], [ -117.747753001999968, 33.825507745000039 ], [ -117.74776755399995, 33.825490357000035 ], [ -117.745171772999981, 33.825199360000056 ], [ -117.746794369999975, 33.823260580000067 ], [ -117.742588609999984, 33.823285708000071 ], [ -117.738141730999985, 33.822032930000034 ], [ -117.739762392999978, 33.820181965000074 ], [ -117.74334190899998, 33.820393554000077 ], [ -117.747094535999963, 33.822928962000049 ], [ -117.749274803, 33.820250793000071 ], [ -117.741207698999972, 33.814671973000031 ], [ -117.733455579999941, 33.809261496000033 ], [ -117.72492237199998, 33.803326319000064 ], [ -117.716410366, 33.797416278000071 ], [ -117.708393405999971, 33.791815151000037 ], [ -117.698566656999958, 33.785000987000046 ], [ -117.689884913999947, 33.778973915000051 ], [ -117.689866255999959, 33.778959602000043 ], [ -117.678655000999981, 33.790052909000053 ], [ -117.666755484999953, 33.781717183000069 ], [ -117.668004386999939, 33.797664319000035 ], [ -117.669424939999942, 33.81647784200004 ], [ -117.660995701, 33.816407067000057 ], [ -117.661022286, 33.815417727000067 ], [ -117.651128795999966, 33.815347979000023 ], [ -117.635308206, 33.815187832000049 ], [ -117.625011394999945, 33.815188412000055 ], [ -117.622481766999954, 33.815233141000078 ], [ -117.62244211899997, 33.809795077000047 ], [ -117.622422498999981, 33.796740267000075 ], [ -117.622405298, 33.781427736000069 ], [ -117.622409125, 33.773119202000032 ], [ -117.623575849999952, 33.773125166000057 ], [ -117.623749979999957, 33.770625080000059 ], [ -117.62406111599995, 33.766345877000049 ], [ -117.624612410999987, 33.758660030000044 ], [ -117.624644578999948, 33.757855550000045 ], [ -117.62464112899994, 33.754294199000071 ], [ -117.624643075, 33.751507453000045 ], [ -117.624612491999983, 33.75000465100004 ], [ -117.572180573999958, 33.750019925000061 ], [ -117.57219790399995, 33.747922757000026 ], [ -117.57221586299994, 33.74425891900006 ], [ -117.577401978999944, 33.744246642000064 ], [ -117.583562421999943, 33.744272521000028 ], [ -117.589610519999951, 33.744275142000049 ], [ -117.58963621099997, 33.741118082000071 ], [ -117.589667115999987, 33.736925779000046 ], [ -117.595562515999973, 33.73697088800003 ], [ -117.601155066, 33.737033946000054 ], [ -117.605957982999939, 33.737068905000058 ], [ -117.607203065999954, 33.737073931000054 ], [ -117.607169175999957, 33.732772939000029 ], [ -117.607117850999941, 33.729382859000054 ], [ -117.607068936999951, 33.722539771000072 ], [ -117.607022469999947, 33.717020409000042 ], [ -117.606878164999955, 33.709344756000064 ], [ -117.606727042999978, 33.701680061000047 ], [ -117.606720578999955, 33.69786199300006 ], [ -117.60672120299995, 33.693382427000074 ], [ -117.600335267999981, 33.693316518000074 ], [ -117.591987080999957, 33.693238425000061 ], [ -117.589617163999947, 33.693199636000031 ], [ -117.589572501999953, 33.689325906000079 ], [ -117.589528748999953, 33.685855151000055 ], [ -117.582990604999964, 33.685864968000033 ], [ -117.574424309999984, 33.685832399000049 ], [ -117.567162479, 33.685823 ], [ -117.563626570999986, 33.685822331000054 ], [ -117.563711950999959, 33.678499121000073 ], [ -117.563789502999953, 33.671767577000026 ], [ -117.558536207999964, 33.67180581100007 ], [ -117.555027188999986, 33.671815115000072 ], [ -117.55509587499995, 33.667480513000044 ], [ -117.555163838999988, 33.66203839700006 ], [ -117.555183245999956, 33.660506337000072 ], [ -117.551991771999951, 33.66047108500004 ], [ -117.552050299999962, 33.657362823000028 ], [ -117.549963844, 33.657380870000054 ], [ -117.549991109999951, 33.654246471000079 ], [ -117.550007920999974, 33.651298439000072 ], [ -117.552370774999986, 33.651301605000072 ], [ -117.555221024, 33.651290244000052 ], [ -117.555234559999974, 33.648220504000051 ], [ -117.555225208999957, 33.644767087000048 ], [ -117.550571997999953, 33.644737033000069 ], [ -117.546709689999943, 33.644744046000028 ], [ -117.546778520999965, 33.641868103000036 ], [ -117.548693410999988, 33.641833499000029 ], [ -117.55078661999994, 33.641808999000034 ], [ -117.550859126999967, 33.637764953000044 ], [ -117.550934440999981, 33.633793061000063 ], [ -117.551003399999956, 33.62938870000005 ], [ -117.551062467999941, 33.62575823700007 ], [ -117.548853190999978, 33.625741616000028 ], [ -117.547346437999977, 33.625731264000024 ], [ -117.547330886999987, 33.625019270000053 ], [ -117.547480893999989, 33.62501915100006 ], [ -117.547471127999984, 33.622607930000072 ], [ -117.539298010999971, 33.622619893000035 ], [ -117.538999162999971, 33.615192002000072 ], [ -117.510134151999978, 33.59573191100003 ], [ -117.508874240999944, 33.500009626000065 ], [ -117.508741343999986, 33.500008220000041 ], [ -117.508520589999989, 33.484444563000068 ], [ -117.500015321999967, 33.491865605000044 ], [ -117.499815651999938, 33.492027784000072 ], [ -117.49085656699998, 33.500013127000045 ], [ -117.486531950999961, 33.503867251000031 ], [ -117.482805193, 33.500020640000059 ], [ -117.471259324999949, 33.487946180000051 ], [ -117.474632861999964, 33.470983766000074 ], [ -117.473221554999952, 33.470889138000075 ], [ -117.470822515999942, 33.470975384000042 ], [ -117.46865527999995, 33.470900896000046 ], [ -117.466616750999947, 33.473220292000065 ], [ -117.46466490499995, 33.474136748000035 ], [ -117.465127533999976, 33.476147228000059 ], [ -117.464613444999941, 33.477627767000058 ], [ -117.450774872999943, 33.47386933000007 ], [ -117.442407664999962, 33.471123141000078 ], [ -117.431715977999943, 33.467886794000037 ], [ -117.417980445999945, 33.463933644000065 ], [ -117.414086655999938, 33.462933903000078 ], [ -117.40729149699996, 33.460612111000046 ], [ -117.399348991999943, 33.456081743000027 ], [ -117.396244691, 33.445497532000047 ], [ -117.362694592999958, 33.445302050000066 ], [ -117.362671839999962, 33.445301012000073 ], [ -117.362624054999969, 33.452573096000037 ], [ -117.362623645999975, 33.452600085000029 ], [ -117.358175188999951, 33.452646910000055 ], [ -117.358253008999952, 33.459776160000047 ], [ -117.358214713999985, 33.459776663000071 ], [ -117.353251348999947, 33.459829036000031 ], [ -117.345330564999983, 33.459910205000028 ], [ -117.345281659999955, 33.459280028000023 ], [ -117.341102147999948, 33.459624354000027 ], [ -117.341008685999952, 33.461058250000065 ], [ -117.340984113, 33.461435237000046 ], [ -117.336640718999945, 33.461810159000038 ], [ -117.336615695999967, 33.460773707000044 ], [ -117.336570165999944, 33.458899070000029 ], [ -117.336511134999967, 33.456490409000025 ], [ -117.332158242999981, 33.456479887000057 ], [ -117.332040341999971, 33.450120883000068 ], [ -117.331955562999951, 33.445536914000058 ], [ -117.323248973999966, 33.445627951000063 ], [ -117.323190611999962, 33.445627522000052 ], [ -117.322983978999957, 33.449282073000063 ], [ -117.3226967, 33.449282379000067 ], [ -117.318602147999968, 33.449350784000046 ], [ -117.318655813999953, 33.439592253000058 ], [ -117.318662782999979, 33.438377231000061 ], [ -117.30979754699996, 33.43841279600008 ], [ -117.309816651999938, 33.456735974000026 ], [ -117.305530102999967, 33.456779323000035 ], [ -117.305361943999969, 33.460622373000035 ], [ -117.308368275999953, 33.460481816000026 ], [ -117.309840176999955, 33.460412320000046 ], [ -117.309841759, 33.460439401000031 ], [ -117.310015326999974, 33.463618517000043 ], [ -117.310117869999942, 33.463620989000049 ], [ -117.314239193999981, 33.463686928000072 ], [ -117.314258921999965, 33.463908397000068 ], [ -117.314555263999978, 33.467275468000025 ], [ -117.314478670999961, 33.467276445000039 ], [ -117.305489788999978, 33.467258571000059 ], [ -117.305618582999955, 33.469807701000036 ], [ -117.305619036999985, 33.469821226000079 ], [ -117.305960217999939, 33.469931477000046 ], [ -117.317663367999955, 33.473704471000076 ], [ -117.331228833999944, 33.478081780000025 ], [ -117.341644116999987, 33.481428891000064 ], [ -117.349950228999944, 33.484080023000047 ], [ -117.360238445, 33.487401815000055 ], [ -117.36991087499996, 33.490550675000065 ], [ -117.369952996999984, 33.490563847000033 ], [ -117.36793161099996, 33.495094646000041 ], [ -117.365647279999962, 33.500009527000032 ], [ -117.365478030999952, 33.500350664000052 ], [ -117.364384826999981, 33.502621257000044 ], [ -117.363634284999989, 33.504227763000074 ], [ -117.36259703199994, 33.506586415000072 ], [ -117.341984712999988, 33.558925999000053 ], [ -117.327989934999948, 33.570142117000046 ], [ -117.305856148999965, 33.594572399000072 ], [ -117.303109117999952, 33.597549113000071 ], [ -117.309151007999958, 33.597481500000072 ], [ -117.308715579999955, 33.612054405000038 ], [ -117.327372471, 33.611705653000058 ], [ -117.326662707999958, 33.625019314000042 ], [ -117.326608069999963, 33.626013834000048 ], [ -117.327233543999967, 33.626422980000029 ], [ -117.361858203999986, 33.626386579000041 ], [ -117.361425571999973, 33.641153863000056 ], [ -117.375011666999967, 33.640858663000074 ], [ -117.37692134699995, 33.640808513000025 ], [ -117.378292861999967, 33.640758546000029 ], [ -117.37897733799997, 33.640722243000027 ], [ -117.379979287999959, 33.640707167000073 ], [ -117.396355224999979, 33.640865378000058 ], [ -117.397476884999946, 33.626466558000061 ], [ -117.414305640999942, 33.626656291000074 ], [ -117.413953764999974, 33.641479700000048 ], [ -117.415156401, 33.641617481000026 ], [ -117.419595116999972, 33.641854548000026 ], [ -117.425408979999986, 33.64209063800007 ], [ -117.418849171999966, 33.650551551000035 ], [ -117.418667484999958, 33.656235548000041 ], [ -117.414465120999978, 33.656036128000039 ], [ -117.411896914999943, 33.659253079000052 ], [ -117.414044726999975, 33.660757201000024 ], [ -117.414818073999982, 33.683709646000068 ], [ -117.406449761999966, 33.68376655600008 ], [ -117.406792478999989, 33.705492973000048 ], [ -117.415206727999987, 33.705508016000067 ], [ -117.415269248999948, 33.713005930000065 ], [ -117.441387490999944, 33.713024190000056 ], [ -117.450006733999942, 33.713028122000026 ], [ -117.450229098999955, 33.735242537000033 ], [ -117.467440402999955, 33.735504162000041 ], [ -117.467249554999967, 33.742243631000065 ], [ -117.467248874999939, 33.742275112000073 ], [ -117.484854322, 33.742277470000033 ], [ -117.484956693999948, 33.742277556000033 ], [ -117.484635946999958, 33.749245396000049 ], [ -117.500011908999966, 33.749197477000052 ], [ -117.501268231999973, 33.749154576000024 ], [ -117.501472415999956, 33.750005535000071 ], [ -117.501582215999974, 33.756391739000037 ], [ -117.506273883999938, 33.756481984000061 ], [ -117.510203344999979, 33.756556055000033 ], [ -117.510260588, 33.756556358000068 ], [ -117.510151410999981, 33.792775395000035 ], [ -117.510151363999967, 33.79278664800006 ], [ -117.511787950999974, 33.792814667000073 ], [ -117.518991399999948, 33.792937805000065 ], [ -117.51899227499996, 33.792987364000055 ], [ -117.519091827999944, 33.798873462000074 ], [ -117.519120786999963, 33.800592207000079 ], [ -117.534514623999939, 33.800478206000037 ], [ -117.55276730099996, 33.800340350000056 ], [ -117.552752233999968, 33.811310913000057 ], [ -117.553037048999954, 33.811454085000037 ], [ -117.576715069999977, 33.82344502400008 ], [ -117.595639302999984, 33.840785114000028 ], [ -117.59720546799997, 33.842191076000063 ], [ -117.613342884999952, 33.854598045000046 ], [ -117.612165931, 33.862404878000063 ], [ -117.625012408999964, 33.865083452000079 ], [ -117.625010158999942, 33.859505203000026 ], [ -117.662124702999961, 33.859731672000066 ], [ -117.670738939999978, 33.869461227000045 ], [ -117.671681563, 33.869155429000045 ], [ -117.672755051999957, 33.868936339000072 ], [ -117.674216302, 33.868752052000048 ], [ -117.675447370999962, 33.868764881000061 ], [ -117.676647983999942, 33.86885516600006 ], [ -117.677995916999976, 33.869082387000049 ], [ -117.679499747999955, 33.869406389000062 ], [ -117.681595174999984, 33.870100406000063 ], [ -117.684000769999955, 33.870949629000052 ], [ -117.686655025999983, 33.871967140000038 ], [ -117.688274376999971, 33.872561669000049 ], [ -117.689709787999959, 33.873087449000025 ], [ -117.691109622999988, 33.873393313000065 ], [ -117.692517666999947, 33.873577953000051 ], [ -117.69380108699994, 33.873574851000058 ], [ -117.695119061999947, 33.873395385000038 ], [ -117.69645397499994, 33.873029788000053 ], [ -117.698320487999979, 33.872338183000068 ], [ -117.699779477999982, 33.871701006000023 ], [ -117.700554693999948, 33.871297713000047 ], [ -117.702130907999958, 33.870575516000031 ], [ -117.710730867999985, 33.866646211000045 ] ] ], [ [ [ -116.626833110999939, 33.614823474000048 ], [ -116.62678485899994, 33.61774986100005 ], [ -116.625011005999966, 33.617741297000066 ], [ -116.622719255, 33.617737386000044 ], [ -116.622738046999984, 33.614175121000073 ], [ -116.618310792999978, 33.614220269000043 ], [ -116.618302928, 33.612292030000049 ], [ -116.614078623999944, 33.612284559000045 ], [ -116.614078430999939, 33.612505001000045 ], [ -116.614011313, 33.612503771000036 ], [ -116.612572022999984, 33.612498880000032 ], [ -116.604973585999971, 33.612475793000044 ], [ -116.597809242999972, 33.612472547000039 ], [ -116.597729054999945, 33.60734182300007 ], [ -116.597660908999956, 33.602283708000073 ], [ -116.597588045999942, 33.597940684000037 ], [ -116.593087944999979, 33.597929444000044 ], [ -116.588741159, 33.597917018000032 ], [ -116.586130089999983, 33.597913831000028 ], [ -116.586185979999982, 33.595046435000029 ], [ -116.58934383199994, 33.595069068000043 ], [ -116.594479499999977, 33.595115732000068 ], [ -116.599636622, 33.595145296000055 ], [ -116.60345788799998, 33.595175032000043 ], [ -116.603475085999946, 33.590029103000063 ], [ -116.60348672799995, 33.585791679000067 ], [ -116.603497802, 33.579493700000057 ], [ -116.607910673, 33.579508965000059 ], [ -116.61166901699994, 33.579490144000033 ], [ -116.611710677999952, 33.579490053000029 ], [ -116.61171004299996, 33.582004959000074 ], [ -116.611703916999943, 33.584085427000048 ], [ -116.614163428999973, 33.584134172000063 ], [ -116.615978900999949, 33.584151754000061 ], [ -116.615983670999981, 33.586594964000028 ], [ -116.616008013999988, 33.58928213400003 ], [ -116.616012340999987, 33.591840047000062 ], [ -116.618419520999964, 33.591854516000069 ], [ -116.622056173999965, 33.591889843000047 ], [ -116.625011751999978, 33.591903322000064 ], [ -116.629058862999955, 33.59185844700005 ], [ -116.629051161999939, 33.599517693000053 ], [ -116.631100284999945, 33.599524657000075 ], [ -116.631093965, 33.600921289000041 ], [ -116.631084752, 33.608911153000065 ], [ -116.631091179999942, 33.614139399000067 ], [ -116.626824909, 33.614188683000066 ], [ -116.626837371999954, 33.61049110700003 ], [ -116.625011293999989, 33.610500097000056 ], [ -116.622917571999949, 33.610492954000051 ], [ -116.624297278999961, 33.612049056000046 ], [ -116.625011226999959, 33.612792357000046 ], [ -116.625691542999959, 33.613536164000038 ], [ -116.626833110999939, 33.614823474000048 ] ] ], [ [ [ -119.101782261999972, 34.243873445000077 ], [ -119.098734596999975, 34.241787191000071 ], [ -119.099117991999947, 34.241668379000032 ], [ -119.099974109999948, 34.241692898000053 ], [ -119.101413187, 34.240867474000027 ], [ -119.103224663999981, 34.242093208000028 ], [ -119.104739395999957, 34.240697517000058 ], [ -119.105461084999945, 34.239839476000043 ], [ -119.103381095999964, 34.238411315000064 ], [ -119.104289839999979, 34.237613185000043 ], [ -119.11243944499995, 34.229911607000076 ], [ -119.116693820999956, 34.232833909000078 ], [ -119.120170321999979, 34.229341129000034 ], [ -119.126067984999963, 34.233409574000063 ], [ -119.129352007999955, 34.235645244000068 ], [ -119.126274058999968, 34.238738639000076 ], [ -119.125872370999957, 34.239139287000057 ], [ -119.126045759999954, 34.239258289000077 ], [ -119.126098682999952, 34.239205370000036 ], [ -119.12724635099994, 34.239993100000049 ], [ -119.127193431999956, 34.240045955000028 ], [ -119.129947554999944, 34.241950745000054 ], [ -119.134966142999986, 34.245375255000056 ], [ -119.142620067999985, 34.250631407000071 ], [ -119.13966028599998, 34.253321334000077 ], [ -119.134709279, 34.249923452000075 ], [ -119.131502916999978, 34.247713845000078 ], [ -119.12945887099994, 34.249769087000061 ], [ -119.128719556999954, 34.250508922000051 ], [ -119.120148609999944, 34.244629993000046 ], [ -119.120494763999943, 34.244174462000046 ], [ -119.122804292999945, 34.241854882000041 ], [ -119.116132458999971, 34.237276578000035 ], [ -119.106406557999946, 34.247048152000048 ], [ -119.102890040999966, 34.24463408500003 ], [ -119.104639302999942, 34.242944297000065 ], [ -119.103875123999956, 34.242498764000061 ], [ -119.103417343999979, 34.242231324000045 ], [ -119.101782261999972, 34.243873445000077 ] ] ], [ [ [ -117.374956438999959, 33.619652144000042 ], [ -117.353501320999953, 33.619524341000044 ], [ -117.353568845999973, 33.604366823000078 ], [ -117.357288672999971, 33.604375055000048 ], [ -117.357346580999945, 33.60132801900005 ], [ -117.362003543999947, 33.601439747000029 ], [ -117.362111594999988, 33.612502364000079 ], [ -117.36800094299997, 33.61262748200005 ], [ -117.368047141999966, 33.616217218000031 ], [ -117.374953568999956, 33.616260184000055 ], [ -117.374956438999959, 33.619652144000042 ] ] ], [ [ [ -117.186979948999976, 33.529571734000058 ], [ -117.187200917999974, 33.529402107000067 ], [ -117.187278091999985, 33.529473255000028 ], [ -117.189967984999953, 33.531931365000048 ], [ -117.191694273999985, 33.533524917000079 ], [ -117.192702549999979, 33.534456790000036 ], [ -117.192453500999989, 33.534654361000037 ], [ -117.191227381999965, 33.535627355000031 ], [ -117.191604891999987, 33.535978188000058 ], [ -117.189433837999957, 33.537647075000052 ], [ -117.187088682999956, 33.539456247000032 ], [ -117.186966664999943, 33.539342478000037 ], [ -117.186069574999976, 33.538505813000029 ], [ -117.188488532999941, 33.536607870000068 ], [ -117.188990673999967, 33.536212935000037 ], [ -117.188111404999972, 33.534600727000054 ], [ -117.187213932999953, 33.532899890000067 ], [ -117.187096122999947, 33.532653545000073 ], [ -117.186897806, 33.532225624000034 ], [ -117.186821464, 33.531951975000027 ], [ -117.186692433999951, 33.530962460000069 ], [ -117.186560291999967, 33.530049312000074 ], [ -117.18654001799996, 33.529911082000069 ], [ -117.186979948999976, 33.529571734000058 ] ] ], [ [ [ -118.116275859999973, 34.047803915000031 ], [ -118.117235668999967, 34.047819785000058 ], [ -118.117563519999976, 34.047893792000025 ], [ -118.118067995, 34.048110874000031 ], [ -118.118938470999979, 34.049168974000054 ], [ -118.11949018599995, 34.05007270200008 ], [ -118.119332005999979, 34.050696321000032 ], [ -118.118814958999963, 34.051343834000079 ], [ -118.117987648999986, 34.051479270000073 ], [ -118.116557431999979, 34.051017267000077 ], [ -118.113842427999941, 34.050100685000075 ], [ -118.113552894999941, 34.049976189000063 ], [ -118.113439445999973, 34.049799217000043 ], [ -118.113288783999963, 34.049564194000027 ], [ -118.113074563999987, 34.049230025000043 ], [ -118.113065655999947, 34.049003241000037 ], [ -118.113099154999986, 34.048801015000038 ], [ -118.113175631, 34.048599502000059 ], [ -118.113296223999953, 34.048351006000075 ], [ -118.113573541, 34.04814089100006 ], [ -118.113893549999943, 34.047943411000062 ], [ -118.114205078999987, 34.047838234000039 ], [ -118.116275859999973, 34.047803915000031 ] ] ], [ [ [ -119.102886091999949, 34.222294745000056 ], [ -119.10329268299995, 34.222217184000044 ], [ -119.105874546999985, 34.222243002000027 ], [ -119.10944087699994, 34.222255473000075 ], [ -119.109477604999938, 34.222436425000069 ], [ -119.108456610999951, 34.223460249000027 ], [ -119.106254308999951, 34.225673563000043 ], [ -119.104208191999987, 34.224256920000073 ], [ -119.103224982999961, 34.223589799000024 ], [ -119.102722563999976, 34.223057606000054 ], [ -119.102579989, 34.222914303000039 ], [ -119.102401437999958, 34.222514366000041 ], [ -119.102886091999949, 34.222294745000056 ] ] ], [ [ [ -119.140324830999987, 34.260856346000025 ], [ -119.141721212999983, 34.259454883000046 ], [ -119.141882894, 34.259565910000049 ], [ -119.141986627, 34.259637144000067 ], [ -119.145320125999945, 34.261926154000037 ], [ -119.146882286999983, 34.262998761000063 ], [ -119.146887634999985, 34.263002433000054 ], [ -119.146744448999982, 34.263134304000062 ], [ -119.146717842999976, 34.263160467000034 ], [ -119.145481912999969, 34.264375805000043 ], [ -119.145188078999979, 34.264177780000068 ], [ -119.145038026999941, 34.264076655000054 ], [ -119.144999526, 34.264046298000039 ], [ -119.140298800999972, 34.26088246900008 ], [ -119.140324830999987, 34.260856346000025 ] ] ], [ [ [ -119.154229713999939, 34.12505711700004 ], [ -119.156104012999947, 34.12507080000006 ], [ -119.15682983, 34.125618148000058 ], [ -119.156825066999943, 34.126103765000039 ], [ -119.155899729999987, 34.126097126000047 ], [ -119.155894843999988, 34.126580764000039 ], [ -119.153763648, 34.126565430000028 ], [ -119.153775871999983, 34.125681818000032 ], [ -119.153832654999974, 34.125506620000067 ], [ -119.153964693999967, 34.12531513600004 ], [ -119.154229713999939, 34.12505711700004 ] ] ] ] } }
]
}
